,sample_id,tADS,PL,v0,t_press,t_depress,h2o_ppmv,sox_ppmv,nox_ppmv,dust_mg_Nm3,co2_mol_frac,n2_mol_frac_effective,capacity_factor,affinity_factor_co2,mtc_factor,dax_factor,deactivation_index,CO2_purity,CO2_recovery,n_CO2_feed,n_N2_feed,n_CO2_product,n_N2_product,n_CO2_dynamic_product,n_N2_dynamic_product,n_CO2_available,bed_y_CO2_before_blowdown,bed_y_N2_before_blowdown,n_CO2_void_tail,n_N2_void_tail,valid_physics,status_detail,n_cycles,status
0,1,121.23163934889332,0.2422831363499956,0.0117611244295445,64.86467400162229,38.00855517074108,27.90615984075618,0.988693741521566,7.974843291810111,0.0793481047876727,0.1830069042680111,0.8169863480741185,0.8404123704536625,0.8957451062748614,0.9451574349555028,1.0589455360533957,0.5228486275764733,0.1638976341305459,0.6379359105959,0.0469035386292372,0.2093808321576626,0.0299214516256124,0.152640375970872,11.255813985178666,0.1495939017822516,11.46073953021693,0.7990464356879732,0.2009535643120268,0.2049255450382641,0.0515370782657554,True,ok,10,ok
1,2,163.80690167126866,0.3383927422096313,0.0285942861712933,59.693324310476974,65.95404137618112,9.681632686603562,0.8841487758933129,6.019090779199533,0.0870908368597769,0.2355618572534414,0.7644342359184568,0.8666244140209284,0.9130902218930664,0.9520024067276256,1.0563611574837286,0.4159821194509332,0.4905160590822472,0.6927173564815187,0.1983265819705235,0.6435894016351037,0.1373842655826363,0.1426968103350033,7.030726432052543,0.1293567562061032,7.147576634982445,0.6961576537763704,0.3038423462236296,0.1168502029299026,0.0509999992420308,True,ok,10,ok
2,3,82.47203684371874,0.2309023372595459,0.0220714909204118,50.16823063221825,40.97181235863739,43.930029074418286,0.1383110176523475,2.153060652311205,0.0492243504692854,0.1979299644072952,0.8020608865696198,0.8943591935726661,0.9384445030964332,0.9685463996934404,1.0347019479337445,0.3554598465336192,0.2279661742244512,0.6900668284539206,0.0647630526493901,0.2624236843578402,0.0446908343427589,0.1513506814426363,12.074273674262304,0.1468597548839954,12.263333985139528,0.7893003849788871,0.2106996150211129,0.1890603108772233,0.0504686624708392,True,ok,10,ok
3,4,96.36681340502696,0.1626681982454886,0.0211142039091116,53.25427567867865,26.81073956716257,57.54425946289713,0.7231558737008743,7.336067900288668,0.0480123829479439,0.2499247875283031,0.7500588154593866,0.8477532363005835,0.9017712284959568,0.9526733260835804,1.0450960759798344,0.514483126375875,0.3178610703172519,0.7226661359045955,0.0914107627476475,0.2743183303414269,0.0660594626949341,0.1417654924938258,14.988749447233104,0.1402401790799986,15.151835542437013,0.7810320241229725,0.2189679758770275,0.1630860952039091,0.0457223661226797,True,ok,10,ok
4,5,113.61398696228687,0.1801265282582844,0.0315342920716528,20.34173942115484,60.884986824745006,44.61559542861462,0.0201415418260989,9.788496513677485,0.0336951761959274,0.2158925096573581,0.784095739918781,0.883245955087835,0.9321613201619658,0.9737479818664344,1.043017503578932,0.4074726287279911,0.3890940792030731,0.7081938647012163,0.1390379632495988,0.5049417488565701,0.098465832533919,0.1545984976547921,13.522129476577575,0.1476327865945169,13.635936989429467,0.7006122255687041,0.2993877744312959,0.113807512851894,0.0486325769702807,True,ok,10,ok
5,6,144.07511838441053,0.1688826928219627,0.0140645351321512,51.6325103136176,62.56687215237702,88.62818326341059,0.6255782016100817,8.222669778554245,0.0284930891518587,0.2349562949374212,0.7650208001287588,0.8459610493994995,0.900679687240497,0.9557336432429592,1.0390084050130488,0.5312511094191241,0.2923953199446804,0.7041755343091386,0.0855856764084689,0.2786409294160736,0.0602673394141426,0.1458486115030776,14.533678420173985,0.143145120659196,14.693328872581857,0.7732553833551407,0.2267446166448593,0.1596504524078713,0.0468149092882231,True,ok,10,ok
6,7,141.3700184987671,0.3252199904256189,0.0172425610929364,37.041191039512654,65.11377199504001,3.303014720253912,0.5650956405879481,1.9287476407375412,0.0200257428090183,0.1780538985905883,0.8219450692502617,0.9186232314652965,0.9424484307224994,0.9749636675695392,1.016031111543297,0.2247358138218062,0.2525325622393727,0.6747343914361739,0.0780136131503799,0.3601299014486651,0.0526384677927586,0.1558038309982514,8.318968394168209,0.1475371818675841,8.480996637189557,0.7490612396879958,0.2509387603120042,0.1620282430213489,0.0542801633365051,True,ok,10,ok
7,8,152.14233018384758,0.1298855623255832,0.0295283997857814,68.04418868305999,31.371380216776476,56.6608756580417,0.7078979077012449,6.60587304844571,0.0616111798582771,0.1795510812122795,0.8204374313358451,0.8485653560742924,0.9037013783015811,0.9510973162847306,1.0497222006507148,0.5105388331847366,0.3718784805022754,0.6589817439060129,0.1449983580991289,0.6625104627973175,0.0955512708836725,0.1613909182814999,15.78070007587343,0.1593100620393608,15.878825259463516,0.6635728078084308,0.3364271921915692,0.0981251835900873,0.0497488438495895,True,ok,10,ok
8,9,159.4292667954001,0.2559411697255048,0.0280019007062358,25.03981670182858,69.5485814217476,10.753456869545987,0.459272265597856,6.9623670355929415,0.0817247417688867,0.1555999799250825,0.8443971919789172,0.8846574254449107,0.9298623855079614,0.9629112532131952,1.0560401594197952,0.3662520854214064,0.2825880804623424,0.6389309327345455,0.1248620007111496,0.6775785355433886,0.0797781945774763,0.2025344721385125,3.240825423149488,0.1983440017748925,3.264194148622638,0.2983770014123484,0.7016229985876515,0.02336872547315,0.0549507340111119,True,ok,10,ok
9,10,170.97078266007156,0.1507382478515638,0.0214632751785045,49.94304568077248,27.29045707023917,64.3256610641712,0.0171334177707002,8.74899407661734,0.094859416157624,0.1962924135004421,0.8036932380872235,0.8705951138545858,0.9303541701619406,0.96270312161906,1.069240577629377,0.4544444886929941,0.3258149093755195,0.684906627150009,0.1294823140261797,0.5301094023493961,0.0886832949752491,0.1835058910421309,9.889022487647496,0.1901250313983611,9.91639158844243,0.3548978305407327,0.6451021694592673,0.0273691007949351,0.0497491525154184,True,ok,10,ok
10,11,96.96961763497856,0.2693948247596309,0.0188335081058282,31.925435194973296,37.935284583799344,76.52459952296694,0.589707937845623,0.8393909009458154,0.0448009758199045,0.154538828546915,0.8454491236406877,0.8662813456357682,0.9147833249068156,0.9549700821038112,1.0312660501516735,0.4491896106751307,0.1649012212855623,0.6206222426818161,0.0507335996938107,0.2775311173296065,0.0314864004212943,0.1594545773096637,10.117795927956925,0.1545293951738062,10.304633548229951,0.7751581676006849,0.2248418323993151,0.1868376202730301,0.0541939886066658,True,ok,10,ok
11,12,146.50412709425802,0.3191579623854231,0.0317745841455502,46.15034201175578,25.294582892908856,75.1490469034713,0.209338828220547,3.542464353524209,0.0229107233796471,0.1502117033655141,0.8497764438682043,0.8821359871994071,0.9280198863254596,0.9678598264129118,1.0267827919777406,0.4068621507029326,0.3106663629364147,0.6167437971327508,0.1256970462725119,0.7110362165337157,0.0775228736064801,0.1720145171613353,4.778943205164012,0.166581740287447,4.827695925717388,0.4621743286931979,0.537825671306802,0.0487527205533753,0.0567328452313451,True,ok,10,ok
12,13,133.51253774253962,0.2724060469763966,0.0157681973082354,47.0250106434141,33.67739765962701,93.27298262920893,0.341198278748405,9.272937463761895,0.093419060851213,0.2214470989529693,0.7785301146487208,0.8469396667696676,0.911408736976152,0.9528305537455376,1.070435104373798,0.5353914690884727,0.2121664979424777,0.6715410805220821,0.0838061860487984,0.2946027606839423,0.0562792967336447,0.2089807574192173,0.3909501855818575,0.2209224997632178,0.4003029427515709,0.1545243103999521,0.8454756896000479,0.0093527571697134,0.0511733642250747,True,ok,10,ok
13,14,71.32844999108706,0.3093932437937372,0.0304765317240438,65.2403570192587,47.80876576072662,47.76338926390771,0.5790993933563772,1.543326217650526,0.0435464910995056,0.1944571069276641,0.8055331919371496,0.8732765689238602,0.9187253161103984,0.9579348626888932,1.031104844954987,0.4188509201015153,0.2461365313398847,0.6587008135086003,0.0759855679595666,0.3147524130690959,0.0500517554298795,0.1532978049032193,8.758264777625044,0.1448622996177048,8.93679825182899,0.7723273449585215,0.2276726550414785,0.1785334742039458,0.0526294845716936,True,ok,10,ok
14,15,178.92186255906483,0.1544522674643929,0.0226231571393744,52.35360140432552,70.60491421138568,22.85619152445661,0.3705561251694417,9.467694895866911,0.0395038034523033,0.1934256471846512,0.8065680286648755,0.8768921473577088,0.9231942352962774,0.9676276392821976,1.0435852561735588,0.410572688450327,0.3819920543417445,0.688104770518325,0.140735020227441,0.586833536594094,0.0968404387974951,0.1566738364257743,15.176318650639724,0.1511045637909931,15.300477699484407,0.7156323805436687,0.2843676194563312,0.1241590488446833,0.0493365226530167,True,ok,10,ok
15,16,124.02610879487706,0.1961471704742494,0.02486298540276,30.208419852500263,72.01141150582072,97.70624740904886,0.6020239212896907,5.172366704418017,0.0239936937057312,0.1525262326347441,0.8474579822199289,0.8537670420125334,0.9053743659881685,0.9564747881912488,1.0310921194646747,0.5022819381795876,0.223388012216813,0.622339510566087,0.0845499158149073,0.4697230448116392,0.0526187532266532,0.1829299349257944,9.64770738878526,0.1794514537327436,9.695320261663728,0.4711214933644672,0.5288785066355328,0.0476128728784669,0.0534499602740695,True,ok,10,ok
16,17,123.4972075630983,0.1278117558527662,0.0263336777066134,60.20190812133748,57.86561139374008,86.94877164385223,0.8657309993518102,5.933575249272374,0.0884724579877104,0.2133384843806641,0.7866415136713405,0.8310071246683327,0.8934908879749691,0.9408353817734422,1.0613799464108569,0.5729382750138349,0.320187486692643,0.6808637002736031,0.1247199346762643,0.4598358372659145,0.0849172762215634,0.1802938258696244,12.298055558720856,0.181188085797699,12.33173636583358,0.4118157409410385,0.5881842590589614,0.033680807112725,0.0481053019751916,True,ok,10,ok
17,18,177.81434117530455,0.2988135151865255,0.0262248019524171,43.37487353805254,48.49970646013736,66.2103196290302,0.557680721637621,6.729381123906605,0.0565008547755607,0.2314802571301165,0.7685027284266043,0.8538775446140402,0.9087816368090844,0.9547891542808572,1.0480016266815628,0.4983081393386438,0.4542330649918993,0.6829406385532348,0.1940359397332705,0.6441421451075775,0.1325150285837167,0.159218530236093,5.443873797345464,0.1529725535826892,5.488553966239657,0.4676050115524843,0.5323949884475156,0.0446801688941923,0.0508709218562057,True,ok,10,ok
18,19,172.98851502418614,0.1596032180756528,0.0176122459934755,56.49278276462088,64.93042126906172,77.34532626685662,0.6489109055471127,3.440323666464141,0.0978978327997636,0.1908768086573585,0.8091076461076349,0.8486717887363395,0.9081151089318324,0.9454684330975514,1.0603843198303446,0.5114264597098774,0.3065304624806965,0.6647997204690393,0.1045388807423303,0.4430937436700371,0.0694974186956474,0.1572252963429076,14.455806965084784,0.1535692517377391,14.582518408240135,0.71879209305813,0.28120790694187,0.1267114431553531,0.0495724146932414,True,ok,10,ok
19,20,118.9027213253616,0.1892881425387486,0.0193381119237862,53.55775710382154,66.938591987629,87.20484050104122,0.6600113323349083,1.649266759852063,0.0837116166809363,0.2296265031368952,0.7703529402089601,0.8526676086978145,0.909146387558087,0.94667675066334,1.0506752504365842,0.4970773051552787,0.2845644639381972,0.7009262462691546,0.0949126398371566,0.3183852265649623,0.0665267603645544,0.1672577376850789,10.173975742073615,0.1668943014412747,10.218970898944349,0.4811319955531517,0.5188680044468483,0.0449951568707328,0.0485242043162164,True,ok,10,ok
20,21,106.96040460247951,0.2652231110917959,0.019605584704432,34.80534778513024,26.443771325379025,26.33740925440832,0.2339874572766568,2.778812560903328,0.0986540553131495,0.2146389393945892,0.7853547607227186,0.8892091008458101,0.9380450031236868,0.9614314594613842,1.0571202483366149,0.3631037131932842,0.2768655111294607,0.6980375320915609,0.0809061240267753,0.2960233820698393,0.056475511146744,0.1475062376682479,10.330567565582754,0.1433941528786416,10.497736374124624,0.7685145758966393,0.2314854241033607,0.1671688085418699,0.0503531666878531,True,ok,10,ok
21,22,169.78051710545964,0.2706767105143123,0.0287651866178533,65.6448985594956,54.686345392071416,72.85294577675926,0.3576728914133278,1.0845264883395125,0.0321167125592436,0.1913230764797948,0.8086627080883289,0.8800139495783648,0.9253302898591348,0.9629364262225822,1.025943271471618,0.4068139793897878,0.3987986738138558,0.6660878807180972,0.167962360775377,0.7098715371399077,0.1118776929292793,0.1686590798221255,6.461969189395809,0.1616567257381595,6.507769517275579,0.4643271332004608,0.5356728667995392,0.0458003278797699,0.0528377326705207,True,ok,10,ok
22,23,115.95363514171152,0.3324339637605005,0.022299393000363,28.552248208510434,68.74530688170044,6.958360662950495,0.9395968708413948,8.320162382030512,0.0359763048135849,0.2278997174019454,0.7720965864331641,0.8708680481549204,0.9100130653870252,0.9598776148113348,1.0373240690084111,0.3994335545916012,0.3062694271148468,0.6892788823340124,0.1059218455932519,0.3588445391462591,0.0730096913452725,0.1653741788080317,4.767564351435215,0.1595205488805228,4.814712679504245,0.476138317373026,0.523861682626974,0.0471483280690299,0.0518740071405348,True,ok,10,ok
23,24,150.80331482563378,0.2933464198403194,0.0151376548823116,29.071688279181284,41.52267266935884,5.723689110713536,0.1845328919184342,2.2099267539116347,0.0553401563631793,0.2029580292579366,0.7970403230852147,0.9239145839115296,0.9548001059590758,0.9767628632621582,1.0334520402654157,0.2219683533041268,0.2821633079718801,0.7074380779650539,0.0832792010149479,0.3270446735639101,0.0589148779004801,0.1498822131314675,9.456496540356175,0.1444252278270847,9.618135946006586,0.7570816515626254,0.2429183484373746,0.1616394056504081,0.0518638608952577,True,ok,10,ok
24,25,97.85472201464268,0.1760404061995515,0.0300781891790028,67.84696709976582,42.78828835560826,62.70006169498452,0.6805230337751352,0.0030618925515636,0.0028360000890068,0.2448093782387954,0.7551751038665039,0.8735307905177522,0.9138662439263634,0.9600583981895328,1.0102835742062517,0.4185708373746192,0.3936655412711928,0.7336169205322355,0.129522838186733,0.3995199194424093,0.0950201456891461,0.14635263330064,14.06892234354184,0.1418595374227603,14.199192605005782,0.7364999639686928,0.2635000360313072,0.1302702614639427,0.0466072237187724,True,ok,10,ok
25,26,153.25221434079577,0.2950184499449435,0.0130607004759432,36.5983414665952,40.24203662344365,29.198999777038264,0.1025228462359364,4.39996816215984,0.04149522003062,0.1800629787918727,0.819930952612786,0.8985775881610876,0.9405584824852614,0.9727526251779076,1.034856793602739,0.3385660078347122,0.1977530190852359,0.6636033542823456,0.0647842737521976,0.2949903498836339,0.042991061366704,0.1744066884404631,6.049389692792623,0.174063730295991,6.100598003182713,0.4817512847724017,0.5182487152275983,0.0512083103900901,0.0550878470021687,True,ok,10,ok
26,27,83.83333660273897,0.2500604877342026,0.0230853111566271,44.00737808966733,67.96457776817462,12.778818772217264,0.6725415118408832,0.9935655117510628,0.0314521889975549,0.2381673858842214,0.7618291737558668,0.8937009496921177,0.9276682778694434,0.9642591861709612,1.0218243951457555,0.3254752439597898,0.2935577181169395,0.7298515600214908,0.0828511129775742,0.2650131249902155,0.0604690140561993,0.1455177828302356,11.278860006382892,0.1388362654527459,11.45651014026084,0.7858604078995224,0.2141395921004776,0.1776501338779468,0.0484079956475968,True,ok,10,ok
27,28,129.1888011872546,0.2641967726630944,0.0282313052107221,66.62175057459953,49.30065045536556,17.82771333477201,0.9184742830607684,9.835608548725329,0.0046905304513965,0.2126914663463391,0.7873024543757666,0.8579017218083198,0.900294140195923,0.9604339498872966,1.028142201187969,0.4610810817307124,0.3832360862666903,0.675806004330476,0.1394362207748846,0.5161248030519847,0.0942318352208168,0.1516527215775266,9.387336928104226,0.1436053158620656,9.505937500480671,0.7002784034176084,0.2997215965823916,0.1186005723764456,0.050761458206866,True,ok,10,ok
28,29,136.29812685936687,0.2857666621167429,0.0306972776633829,64.16210359498292,28.99976880587465,81.12895151305533,0.0774848417333585,7.889137358462225,0.0369442582779662,0.20674026674179,0.79324131197428,0.8744465329682759,0.9266961832552524,0.9686416330877192,1.04195503379291,0.4433007287651339,0.4147689057326807,0.6730225953552522,0.1554929907997348,0.5965575870235881,0.1046502962275879,0.1476595919563522,8.784816982380157,0.1399136587579283,8.912062145705978,0.7114155610051273,0.2885844389948727,0.1272451633258213,0.0516167709647954,True,ok,10,ok
29,30,112.22110713322743,0.1738823994299971,0.0234440515955381,26.938798148175746,55.579382597815886,1.4090045208992494,0.5396427972840216,4.952345083305636,0.0120785713859074,0.2167515849349549,0.783246919253682,0.9235846372281598,0.944714733345798,0.979934464831423,1.0172451191017058,0.2031866695188776,0.3355891997121467,0.7450790214916501,0.1025013996661297,0.3703933767919477,0.0763716425647644,0.1512031501588172,14.971000259244718,0.1467419861786859,15.111746304798515,0.7445687770046202,0.2554312229953798,0.140746045553799,0.0482842360006015,True,ok,10,ok
30,31,177.28476185811678,0.1944244727651013,0.0273766253677585,25.87661748744259,34.54090138085631,19.61344855298858,0.5931002849756909,6.59294268681349,0.0895976585832645,0.159299555266772,0.8406961754717326,0.8679702879432496,0.9189164337251872,0.9553413777432924,1.0600614182740264,0.4291738277336817,0.3535347238423829,0.6418310898114383,0.1389744049024586,0.7334114609986996,0.0891980937544411,0.163105535108359,11.839253164497832,0.1583786460369018,11.936407589932289,0.6486113372438084,0.3513886627561916,0.0971544254344529,0.0526339298651912,True,ok,10,ok
31,32,107.6881813615676,0.1231878097125142,0.026014154461494,35.97134509857381,58.59077820237834,58.87452093801798,0.2950458755103113,4.535337267412885,0.0824022573136753,0.2473202540292236,0.7526639894539487,0.8706126137674679,0.9250181986869856,0.958095886174118,1.0550187416624086,0.4411581794325329,0.392166357205653,0.7424416737205719,0.1245438847692675,0.3789973686628883,0.092466570259757,0.1433174753647056,18.19691938940921,0.1394715058673662,18.370548170853564,0.7943627196413219,0.2056372803586781,0.1736287814443538,0.0449474144812962,True,ok,10,ok
32,33,81.90786619702328,0.1403474158376503,0.0309619280771641,58.23956193747209,37.01000654899028,60.60982440217947,0.2528035275371752,6.229769260184982,0.0751935522966022,0.1716654391257709,0.8283230426556185,0.8690747102344776,0.9240988800865872,0.9600784860315456,1.055225594228055,0.4503284989782123,0.2449715580745227,0.662155699379342,0.0782569498223776,0.3775814517482848,0.0518182853409305,0.1597094762825919,16.338514433477595,0.1566496186176186,16.485967632786025,0.7461859492232275,0.2538140507767725,0.1474531993084288,0.0501559884039988,True,ok,10,ok
33,34,116.57346713275786,0.2165558081261512,0.0270737355874897,55.95694133304824,51.66399262371769,31.77440718456992,0.0821121831443359,3.873855435668325,0.0653477996984522,0.1735436818072331,0.826450117190407,0.8959168899440143,0.9414681541554104,0.9692416841057392,1.044715557279994,0.3483760607299422,0.2921268758715849,0.6695673515900973,0.0984531284192958,0.4688369603173922,0.0659210004514676,0.159737800214465,11.881502373283034,0.1532864797546446,12.012956094609994,0.7162700263846364,0.2837299736153635,0.1314537213269593,0.0520716482748796,True,ok,10,ok
34,35,119.98165079345767,0.2271123116684326,0.0149780950339183,40.152631652542354,29.11963224919832,81.75278617634616,0.9559050163262728,0.2163315999586567,0.013507907635274,0.156331538983051,0.8436554961454032,0.8530918207973424,0.8986027006672294,0.9501555905586908,1.0160794607909354,0.4871913926962234,0.1197688586196566,0.6219002887840566,0.050502320393634,0.2725171599751937,0.0314074076370659,0.2308260977919597,0.5284304618317321,0.2479766312415285,0.5376085921224388,0.1441862964891447,0.8558137035108553,0.0091781302907066,0.0544765339470815,True,ok,10,ok
35,36,94.53694965208534,0.1777489315070907,0.0208387911617491,67.4245826545999,51.40210122950687,55.62769330709512,0.2618533690798945,3.034706118329769,0.0678811304185548,0.1707562716108239,0.8292336661105492,0.8791684250367853,0.9293064301604408,0.9614058800694032,1.0453621673813358,0.4096842577259883,0.2025329082385289,0.6619763344882506,0.0604691218549904,0.2936353463836754,0.0400291276352899,0.1576134578755371,14.496877268535949,0.1538610354332955,14.677535519411006,0.7801126561239687,0.2198873438760312,0.1806582508750586,0.0509214440021771,True,ok,10,ok
36,37,131.3752509464548,0.2223168233688926,0.0238636762939799,37.68896642402248,53.494435145573625,85.84403984160993,0.5206734316214348,5.876376991217346,0.0992078137517007,0.2466672752726708,0.7533099697699833,0.8470118123021998,0.9092275292037488,0.9479199916542308,1.0660690703676912,0.5250166984259329,0.3776286644631975,0.7070985883709644,0.1390144050847357,0.4245041325518162,0.098296889598646,0.1620035029533228,8.4363661973028,0.1600763844890964,8.480272129412398,0.4769901360656967,0.5230098639343033,0.0439059321095982,0.0481419506238741,True,ok,10,ok
37,38,166.23795293718632,0.1556504103740734,0.0178257410904113,32.07915075237638,53.780443287537416,17.83458650325509,0.6375200752387251,7.085285194366292,0.0594286871291643,0.2110980872407942,0.788896517504799,0.870608190240118,0.9170590057299643,0.9592451044425774,1.0472745158396883,0.418831475293171,0.341130012268632,0.7026919269810391,0.112442495038301,0.4201990971763474,0.0790124335130196,0.152607273552799,15.112148519329534,0.149756753370024,15.23882367519854,0.7241658020615493,0.2758341979384506,0.1266751558690071,0.0482504696001731,True,ok,10,ok
38,39,114.92132013606717,0.1990075758604678,0.0143276210733981,30.70935680528565,69.1662416195489,49.79503870354259,0.7398620892091091,1.8707044016888952,0.0783679705363469,0.2225001063362108,0.7774882327999662,0.8584891990975321,0.910601920713304,0.948471458483902,1.047517713026901,0.466745454542283,0.2372138634280567,0.6971372337268598,0.0658544270492586,0.2301048737910278,0.0459095731017874,0.1476270627353127,13.250004630702854,0.1439683029081598,13.427688320241558,0.7866770317888175,0.2133229682111824,0.177683689538704,0.0481824313199039,True,ok,10,ok
39,40,149.42492649606237,0.31757208269978,0.0199014974803411,44.37347763612279,54.98819039143811,74.90642838056957,0.6966648895150221,3.419413835296776,0.0499269923115692,0.1847376518292051,0.8152477485846947,0.8540801871639625,0.9063059051983924,0.95164152112623,1.0386870973264632,0.491996676984233,0.2823865066494854,0.6335083966471677,0.0987542615136488,0.4357683803331274,0.0625616538735867,0.158984533357101,7.489002333526418,0.1494461302979405,7.666798483563739,0.7688559236766414,0.2311440763233586,0.1777961500373211,0.0534515318262799,True,ok,10,ok
40,41,78.7885349100874,0.3470252664034392,0.0278673913698414,33.03361204304555,58.928452917272814,90.85075579365942,0.7636877083686451,2.228537267421828,0.0620153038617792,0.1603739337602036,0.8396110148593481,0.8485879649480563,0.9032171160990776,0.9471198833097388,1.0421582126333555,0.5106449784852982,0.1913823129171511,0.5999947004206201,0.0632981737923633,0.3313559462324907,0.0379785688217214,0.16046489360086,7.38878847105045,0.1502695121163769,7.564433825093985,0.7588337998615734,0.2411662001384266,0.1756453540435349,0.0558221347209035,True,ok,10,ok
41,42,179.58308130655234,0.2806881922785108,0.0106474333657848,67.07243220105315,34.88751015939435,9.218731812329564,0.2042392858057094,6.203536942174148,0.0800658074947905,0.1937800214778142,0.8062169503698026,0.9019804937189728,0.943841460687995,0.9702938878209236,1.0534727908208898,0.3089677907760019,0.232461399534545,0.6842368748240856,0.066601411817696,0.2770891841595772,0.0455711418810122,0.150466316261539,9.979949484205491,0.1464526805257843,10.161624262045622,0.7774659754494412,0.2225340245505588,0.1816747778401305,0.052000757266222,True,ok,10,ok
42,43,165.1663558432133,0.1646003462177372,0.0152728893242777,48.9635947194174,41.254150377146345,8.7855257980368,0.068009571547546,4.916002206119386,0.0748673179725512,0.2340767969519014,0.7659199798744657,0.9135414806656804,0.9523254761016908,0.9747140575323784,1.0484645396931072,0.2697735935423057,0.2567863020517037,0.7537051561253894,0.1061364205479575,0.3472829720641835,0.0799955674196883,0.2315302685790763,0.7934561222542484,0.2531898614588204,0.7998110884362791,0.1171599397322161,0.8828400602677838,0.0063549661820307,0.0478868352097744,True,ok,10,ok
43,44,119.88363552993086,0.1288286512377605,0.029309138734071,40.43653199527616,25.38489691285724,95.93719847597328,0.0309829124137071,0.1701562982651119,0.0002710005735375,0.2097514256308261,0.7902284072769556,0.8986965121697278,0.9387508649689204,0.974407182923035,1.0103733005268587,0.3533708186597596,0.3620810271272511,0.7221961228620364,0.1324850690269449,0.4990831395524754,0.0956802031883689,0.1685706026257194,14.341067057373811,0.1714867904032989,14.383798579132277,0.4694235130273338,0.5305764869726661,0.0427315217584621,0.0482982638670694,True,ok,10,ok
44,45,144.50642946090636,0.2758359100159024,0.0230666206422136,39.123877566703264,56.70433283461536,12.84116344010507,0.4657105912269211,9.11473148338558,0.0540887016620807,0.157065993705661,0.8429304845436251,0.8802658486239023,0.9247499017501616,0.96601002751471,1.0482629396968297,0.3873228887232023,0.2690955693295067,0.6330792702725644,0.094106657204748,0.5050335192407925,0.0595769738709722,0.1618201082861866,9.12538234473141,0.1536167587266169,9.25509352496388,0.7037085461005659,0.2962914538994341,0.1297111802324708,0.0546139653853202,True,ok,10,ok
45,46,118.88436112498992,0.1629649534919165,0.0258238303225086,38.38662621846535,72.32102208926645,37.81835708967222,0.7005041950002825,8.964021607833661,0.0120859180515701,0.2417289615291402,0.7582595599378539,0.85732740285961,0.9043550281277676,0.9608543681475524,1.031294762046756,0.478240754130035,0.3918421463222072,0.721356626683222,0.1333988223087823,0.4184278487872433,0.0962281244641777,0.149350676508014,14.540615822849237,0.1434959257106965,14.664097766861111,0.7262931062551538,0.2737068937448462,0.1234819440118751,0.0465347378874774,True,ok,10,ok
46,47,82.34308069182983,0.3498538825980389,0.0239067826317791,32.70430124756949,40.19570887215956,10.060138418794711,0.9825018121489604,2.385527714400684,0.0880286897693976,0.1684906054130915,0.8315071320363799,0.8700463792475321,0.9137751477227908,0.9492142739203636,1.0495915167492311,0.3975091761980871,0.1922221936545631,0.6266278455987392,0.0596193265459621,0.2942195466746821,0.0373591301495439,0.1569947550042222,7.574795932956327,0.1490405160285203,7.762024573585497,0.7720015210179086,0.2279984789820913,0.1872286406291698,0.0552950274360211,True,ok,10,ok
47,48,158.4898355586729,0.1981456677012922,0.0172643348913267,57.76421378010507,47.59276341454925,19.65319373957537,0.0204265281753676,7.965380220139979,0.0319153730207786,0.2286463693973497,0.7713473108708638,0.9017918343185488,0.9426093143442144,0.978300129977119,1.0368534386457822,0.328302080053414,0.3341079678670013,0.7320711592389824,0.1124565819825117,0.3793661138747831,0.082326220335991,0.1640798167949841,10.094736226301574,0.1648917517007048,10.13941242426595,0.478249845298919,0.521750154701081,0.0446761979643762,0.0487398238148936,True,ok,10,ok
48,49,168.8270514149014,0.3287979188057651,0.0214316302745376,41.17216982347861,45.47788852223303,25.83583450474025,0.3241182707234694,5.968362914761586,0.0765153233615092,0.1651385643388013,0.8348561298668047,0.8803704904881575,0.9293853514664984,0.9625993102950186,1.0534967951152696,0.3960451134942472,0.2826137555869832,0.6305251084909212,0.1074031456894271,0.5429579340333754,0.0677203800880922,0.1719012899450537,4.706683134614469,0.1665684881790717,4.756582190480697,0.4713193938306387,0.5286806061693612,0.0498990558662283,0.0559719448169278,True,ok,10,ok
49,50,83.24567326305522,0.2965845620218051,0.0225577476506041,62.25130327792424,65.43086149883467,28.305412183928063,0.3355640039038238,9.068338202737932,0.0844604893426519,0.176062677453021,0.8239306830937532,0.8693304787771352,0.9233619488280412,0.9606445133386844,1.063462821874598,0.4394106115567894,0.1952451834541666,0.6391755520745148,0.0594289945572688,0.2781028116739868,0.0379855604053756,0.1565675636889387,9.292815064982538,0.1486170828124836,9.489403459646372,0.7863868590089685,0.2136131409910314,0.1965883946638347,0.0534010251893684,True,ok,10,ok
50,51,177.02865141385348,0.181699420067702,0.0181737420120232,26.922364272934843,49.3575372113101,94.96389911117647,0.3521536396138247,2.7315095824165123,0.0833456797298552,0.1970580078506628,0.8029226691974608,0.8639483159193433,0.9205545477400024,0.9539713769925368,1.0528577470663236,0.4679320024381171,0.3321038065287161,0.6764524916428848,0.1139677280315113,0.4643216549604922,0.0770937535937945,0.1550437650923348,13.236648167121787,0.1515625181015378,13.35777786598652,0.7087431003111314,0.2912568996888686,0.121129698864731,0.0497780656151718,True,ok,10,ok
51,52,163.7480485762671,0.2343148534917605,0.0273375847846551,50.96877570578927,29.52731213073389,42.55609732428391,0.5790622654880978,5.749065167197087,0.043772351073292,0.182674900335859,0.8173161693067018,0.8646877662081667,0.9135195100243664,0.9585136516585406,1.0393732639346809,0.4524513136375152,0.3808658641137034,0.6543327093691016,0.1469919953197704,0.6576331034748266,0.0961816705531557,0.1563525668665615,10.146403720047743,0.1509330273100552,10.250015551771131,0.665437921978055,0.334562078021945,0.1036118317233893,0.0520928979009711,True,ok,10,ok
52,53,153.53027125664562,0.1249040741425348,0.0255496578066868,20.46000015626338,48.55753574051246,32.54318145484578,0.7790015291643342,0.8848489287128507,0.0515735223752868,0.246189914834609,0.7538016634510357,0.8702091726446026,0.9143655701712888,0.953759995846128,1.032589357953693,0.4178906058080086,0.4643132796536692,0.7434015566527915,0.173588727191736,0.5314880398773723,0.1290461300117133,0.1488828797033839,16.927434374717702,0.145870105222455,17.02979765065752,0.6920054245754543,0.3079945754245456,0.1023632759398196,0.0455593736588009,True,ok,10,ok
53,54,111.99991698154724,0.2493890803935173,0.0306170373818697,20.74938740624331,38.11521436390628,21.91780079568622,0.1833226815691348,8.76613884854863,0.0420748330331228,0.1961628430911841,0.8038311017119724,0.8883176790974798,0.9330633627609716,0.9721402033971396,1.043252154405468,0.3737142717587078,0.2402911577836281,0.6810280119541076,0.1209116972991731,0.4954535795330537,0.0823442528336527,0.260341069394476,0.2254904615216446,0.2732436312867358,0.2300199366532547,0.0797063809450352,0.9202936190549648,0.00452947513161,0.052297532667597,True,ok,10,ok
54,55,117.80992123530952,0.273041366522854,0.0122504476064014,69.1470139968022,62.65781103618583,98.40132794347824,0.7257149118420658,1.8263655255620732,0.0779273744474966,0.1874440221342336,0.8125370528423057,0.8477358043429489,0.90475885125656,0.9452544491355994,1.0486854783129873,0.5148745858728206,0.1681163242144313,0.6399046655116714,0.0486302567685754,0.2107823765325937,0.0311187281912419,0.1539836307655848,9.93063829793963,0.1491783600298302,10.133478241964244,0.7961155768329908,0.2038844231670091,0.2028399440246138,0.0519471119346813,True,ok,10,ok
55,56,87.90798142215918,0.1875186981591951,0.0190863131602626,31.360815223805364,51.26661497580319,56.62686263114858,0.4017874538897809,0.5827612734314971,0.0522463051124763,0.2139153646368051,0.7860723106870848,0.8803436176119264,0.9265167697467996,0.9601580051536546,1.0334605049403691,0.399663961625233,0.1613963042961511,0.7048069369162188,0.0645170724790673,0.2370664798244277,0.0454720802327731,0.2362696884593711,0.6649206206842528,0.2531063164233549,0.6722986446873775,0.1273596295492945,0.8726403704507054,0.0073780240031246,0.05055260934776,True,ok,10,ok
56,57,162.60001794250508,0.3326775897837028,0.026354196188707,56.35758089446456,28.0203107704102,67.0045201629619,0.3937212192013052,6.089040045560349,0.0086406419953316,0.2272993998325584,0.7726838953248842,0.8706517715420028,0.9170057825824394,0.9660035385066892,1.0252093028746114,0.4442715903291644,0.4544236488450868,0.6836879001493735,0.1750885993407766,0.5951542287730359,0.1197059568233905,0.1437177385050151,6.937033453837728,0.1353032318938138,7.046190756314989,0.6795270408332387,0.3204729591667613,0.1091573024772611,0.0514798700235006,True,ok,10,ok
57,58,116.51521233849736,0.172951335740733,0.0163703430721044,59.73192104879911,51.9880868441354,83.24146293284285,0.2998865355847498,3.021558673988996,0.0487231603289308,0.1665249891685982,0.8334605946961583,0.8732883260195076,0.9237418436250474,0.961177182415122,1.0375754115543647,0.4358006692849427,0.1615238315670126,0.6539423711044159,0.0570971881050314,0.2857477259911901,0.0373382705727991,0.1938243399879112,8.497671985438856,0.1995569246834307,8.525929164945842,0.3510504907792507,0.6489495092207493,0.0282571795069852,0.0522360265963899,True,ok,10,ok
58,59,123.35359723005332,0.2355811055992636,0.025934651906575,45.2773258982252,26.28782692032333,31.048510011491977,0.0493826137337041,3.723974558898072,0.0010841708615985,0.21535439966167,0.7846381010348876,0.9079558561351,0.943384191770788,0.979820793042502,1.0154486323994818,0.3081374468686539,0.3733709707193818,0.716043240443613,0.1238392786236251,0.4511894484572339,0.08867427835986,0.1488221670360137,11.169639295264954,0.1444127750274256,11.298337951409176,0.7206382134244704,0.2793617865755295,0.1286986561442233,0.0498911740184705,True,ok,10,ok
59,60,162.2011618118604,0.2176187213229293,0.0164819772295263,35.94863321413203,69.72402028838482,44.68798798275864,0.2182503299769789,1.4266237014032046,0.0579170085672436,0.240541879765616,0.7594469747242568,0.8905844348576869,0.935773771914942,0.9651533973077172,1.037197018521175,0.3658013950030053,0.3675121394642348,0.7328082888652993,0.1155929621436095,0.3649371081438317,0.0847074807933297,0.1457814519445594,12.109707982212928,0.1406220568905818,12.247332941773074,0.7422579059112326,0.2577420940887673,0.137624959560146,0.0477889760330232,True,ok,10,ok
60,61,173.28771655489993,0.1865595291252978,0.0166509626225518,43.16487707753242,63.34314146950102,88.33777253744218,0.1720978326427604,8.117812641749737,0.0967399941347885,0.2029944639541994,0.7969859192655604,0.8587164323280319,0.92127523432863,0.956851197152701,1.069502765808559,0.4960578091354699,0.3166773647921109,0.6767949881370784,0.1052908387311139,0.4133472692769886,0.0712603119499672,0.1537646499596012,13.099449758851602,0.1496526286133425,13.23064618385048,0.7262750433857742,0.2737249566142258,0.1311964249988783,0.0494464680671731,True,ok,10,ok
61,62,174.31792445922463,0.2319770008274518,0.0317122850754937,58.6429946475403,34.31659943513026,77.14556827912412,0.0031785075996781,8.28527704270553,0.0538337104617782,0.1818371222989125,0.8181473412967103,0.8754998975154729,0.929930529634168,0.9682351907630812,1.0502398397842754,0.4407904614851387,0.4339317198927898,0.6585810276964936,0.1806951672693178,0.8129398367926225,0.1190024089600171,0.1552398358554085,10.23695313976722,0.1478164943320041,10.337446338283264,0.6584823058338382,0.3415176941661618,0.1004931985160431,0.0521201634918977,True,ok,10,ok
62,63,127.4568091642411,0.2162309937019458,0.0267097850287812,41.5942441903851,41.61663056210636,13.69352483864165,0.1299576781928845,9.916844487039803,0.0199234705638075,0.1673053516995811,0.8326906763223639,0.8991370989007572,0.9380729209703322,0.9792049170270356,1.0346222989012217,0.3324305179512317,0.2921596208299906,0.6661321708259041,0.102378998669417,0.5095354865428726,0.0681979446306411,0.1652290581731648,11.229341721820454,0.1585645171090698,11.378691838112417,0.7404931953453309,0.2595068046546691,0.1493501162919631,0.0523399427534995,True,ok,10,ok
63,64,160.0580419077915,0.2299170719943674,0.0308297058436028,25.696061285210572,55.61779698998251,93.50535566405166,0.2752707941799583,7.650036199117446,0.0567950430600398,0.1952204088815658,0.8047597877743307,0.8597442221038218,0.9167858211461366,0.9599590076770012,1.0507138281790502,0.4911480267811035,0.421554201291993,0.6619290336943895,0.1731703166347731,0.7137899804305335,0.1146264603546068,0.1572874714797715,10.147812011416487,0.1482673014772199,10.24357930582682,0.6514678255715929,0.3485321744284071,0.0957672944103307,0.051235045001144,True,ok,10,ok
64,65,122.43647543569044,0.1950844688450185,0.0118251127456565,52.21281521743671,59.538387827738944,81.52749368190052,0.4989290466996784,0.0540065670079658,0.0869870719733479,0.1928520363223023,0.807132133000377,0.8653718138557396,0.9194366887128907,0.9505728828503326,1.0488145275964915,0.4535545812681306,0.1818433553571518,0.6718023912817346,0.0501918595592066,0.2100477559870404,0.0337190112747519,0.151709877278947,13.652420772635288,0.1489481617074208,13.84786700191026,0.7967293351449308,0.2032706648550691,0.1954462292749707,0.0498644686666553,True,ok,10,ok
65,66,86.18467496758555,0.288432829027884,0.0210987925890963,54.05299156897591,37.0575109375984,36.42073864990475,0.0731129912702224,1.2057993826912086,0.050574207920475,0.1713048620183178,0.8286886796046868,0.9029548935552232,0.9445825009982908,0.9709645355187774,1.0330185957341544,0.3230131656372241,0.1916758975267976,0.6591175727551778,0.0559926487956742,0.2708546877753546,0.0369057387663379,0.1556366687169935,9.82689988631802,0.1499210197770386,10.0260600777489,0.7881080157302632,0.2118919842697367,0.1991601914308789,0.053546528277252,True,ok,10,ok
66,67,160.754449871569,0.2684371209650544,0.0216956945066261,42.58822340613163,39.35201440377638,46.49066431341399,0.2847128721656424,5.493884405996104,0.0412775181822741,0.1585424330591622,0.8414492796117582,0.8789182804617479,0.9263047419755052,0.9657781325973808,1.0379276191424704,0.4110583841718629,0.2220369702550536,0.6329064780368627,0.0993944373373527,0.5274991970401288,0.0629073832716395,0.2204120261013937,0.4184102592142302,0.2282275123626422,0.4286689387400967,0.1568001347891667,0.8431998652108332,0.0102586795258664,0.0551665163112434,True,ok,10,ok
67,68,139.7699980890925,0.2784246842273321,0.0253617159212837,24.957936988132538,70.7088979327578,61.15490612849614,0.3458250664735218,4.785961205240332,0.0111449676777914,0.2082221470608176,0.7917640496667959,0.8774877532726018,0.9219927360039202,0.9673125202993206,1.0235352010203558,0.4184873662827449,0.3756539829333654,0.6795031805583694,0.1326800423700264,0.5044819950097895,0.0901565107870521,0.1498423043008325,9.51460181583867,0.139956905470567,9.66273530497069,0.7431414853318075,0.2568585146681925,0.1481334891320191,0.0512006781240029,True,ok,10,ok
68,69,143.62850269385,0.1481583065614053,0.0234337889545144,57.27899281372675,66.38983988237834,92.95917002531488,0.5605151060649709,2.9457128124478023,0.0379395678577555,0.1835858607741193,0.8163964278342278,0.8601716091277322,0.911062828181334,0.955687618932451,1.03280765845579,0.477024133284761,0.3092466590296212,0.6669558474569266,0.1110763430971791,0.4939028617566915,0.0740830165427954,0.1654766177480294,14.713507270635546,0.1595046381133207,14.85643174137958,0.7422261970085873,0.2577738029914127,0.1429244707440333,0.0496374077238318,True,ok,10,ok
69,70,175.75537803021825,0.2253105534468741,0.0221953338769097,51.20472998972542,50.39310841690454,91.75416269508467,0.5331661412317856,5.200074903685442,0.0344918003939556,0.2218856489997962,0.7780927178353946,0.8566440643138487,0.909037846179273,0.9569584291269072,1.0357369188979328,0.4927626323834664,0.4163199258618442,0.6882956939313477,0.1555962619323228,0.5455806458940065,0.1070962370798318,0.1501488055592556,10.794615154598702,0.1442111595162994,10.904454134607432,0.6901293185902553,0.3098706814097447,0.1098389800087305,0.0493181185957765,True,ok,10,ok
70,71,126.52710733114148,0.1668579195853648,0.0196596859336011,38.87551734421612,46.07872016573461,56.38793101165088,0.1352373742152456,4.320558241498059,0.0104929846401312,0.2329283836708636,0.7670574432358928,0.8906616479703892,0.9329453395373324,0.9731072616926356,1.0221381020734406,0.375867668450824,0.3420461279912593,0.7334299575150229,0.1041516830256123,0.3429614785727772,0.0763879644565929,0.1469385351158419,15.003423236104055,0.1440226899116075,15.146320008352289,0.7522307990525164,0.2477692009474835,0.1428967722482311,0.0470672287315465,True,ok,10,ok
71,72,99.82005455876356,0.2857994058134456,0.0220207134884714,69.8430181311788,33.10490811748716,59.65209341887463,0.1693487292408023,1.9659306653026365,0.0461847041663508,0.2233524136319641,0.7766337851564454,0.888529954086849,0.9344028677820776,0.9666010520306204,1.0336099878508258,0.3794793057100169,0.2975611074963057,0.7009875253221372,0.0882518815407236,0.3068476262453358,0.0618634680462542,0.1460382586504118,9.60256115964706,0.1405612596884539,9.773549760005428,0.7729122922773621,0.2270877077226378,0.1709886003583664,0.0502377950125155,True,ok,10,ok
72,73,109.1536922485924,0.30524402736333,0.0157010152079237,32.20115212463262,58.34012905584154,75.66875234394364,0.4891788340054691,4.603365468723423,0.0922253478409563,0.1894380163017083,0.8105466832027731,0.8549766382465182,0.913769414401212,0.9504297881595772,1.0601109129915345,0.4946202971065295,0.1616215162059066,0.6404635333664863,0.0583613967748263,0.249690200111656,0.0373783463906087,0.193892509545358,4.243806057433552,0.1936728412967406,4.284444174268301,0.4090662801978526,0.5909337198021474,0.0406381168347488,0.0587054829728261,True,ok,10,ok
73,74,115.3001153679077,0.3198326517182189,0.0178233344314199,37.0055939559754,66.85185656365806,55.12489082963031,0.975297646594822,4.03512492865536,0.0996376354509551,0.2393742073381106,0.7606113969532196,0.8363862888182999,0.895787772203119,0.9388546100135244,1.061634107211825,0.5419069630567176,0.2927195403797803,0.676756208911608,0.0884258957287404,0.2809563330127866,0.0598427739629955,0.1445944627358402,8.179734558215845,0.1371007032761419,8.347035548733732,0.7701906712858626,0.2298093287141374,0.1673009905178872,0.0499192339734999,True,ok,10,ok
74,75,104.5962238929724,0.1349444111304057,0.0270346362249916,25.317541894497943,65.93174723845009,37.11136597531191,0.5234438264638145,9.751163605887449,0.0710010975001131,0.2353215520896178,0.7646672964411493,0.855693906378057,0.9113212537796004,0.9565431682574448,1.059341049669203,0.4876167591617013,0.3371992021208659,0.7185526850498396,0.1196123766324543,0.3886568729176505,0.0859477943944427,0.1689395062096541,13.398602312186018,0.1678873482233079,13.440689447581867,0.4730911835793563,0.5269088164206437,0.0420871353958492,0.0468748593668148,True,ok,10,ok
75,76,89.04632877732573,0.3138123593077502,0.0280557945529489,22.33019997107543,50.73413674384112,87.17826813198155,0.4594872179416223,0.4585143106122917,0.0901648792611538,0.1620302100009211,0.8379555144843859,0.8647079290356502,0.9199590392508284,0.9507234962867972,1.0511970608389394,0.4582949446847895,0.2015864997540832,0.6184876353187357,0.0727662756509833,0.3762849550616582,0.0450050417583279,0.1782492030111875,5.154403084210696,0.17311808114654,5.204251874053098,0.4718441143830499,0.52815588561695,0.0498487898424024,0.0557979445829727,True,ok,10,ok
76,77,170.3319896490646,0.3445279034374896,0.0205191995415555,49.85022552073907,42.12884779360086,53.81194024615463,0.095855016031207,7.283164854728153,0.0255124340729393,0.2148226935511037,0.785164160437606,0.8837674274962579,0.930721439490892,0.9720876830962726,1.0347225555990816,0.4036131874765216,0.3616278730761611,0.6775691821485417,0.1349648471132306,0.4932582993978207,0.0914480210773146,0.1614307747395528,4.397350074799785,0.1564423265399064,4.445627709115826,0.4765418868054658,0.5234581131945342,0.0482776343160401,0.0530306360642885,True,ok,10,ok
77,78,101.32576184228184,0.1265986685730773,0.0286767727602293,53.95083206685954,48.329770799268495,39.78844429422825,0.4559921250415034,2.683105569193846,0.0920041800386161,0.2486480814521942,0.7513412442386269,0.8724094117201144,0.9242967385261354,0.954711260149722,1.054803416043144,0.4224683005257429,0.4036720165675644,0.7457394900523999,0.1298707080433768,0.3924141704670267,0.0968497155890119,0.1430720813503153,17.887187336284548,0.1394631394445894,18.05374049875443,0.7873021446936855,0.2126978553063144,0.1665531624698798,0.0449960675079966,True,ok,10,ok
78,79,115.77166274365166,0.1914630372561407,0.0277576151721191,69.76945414029663,43.5407057671305,67.43030345036262,0.2403825039914642,9.599239148165944,0.0896740089015303,0.171441575581155,0.828545176117445,0.8572800108723064,0.9185798671917426,0.9576481908392102,1.06870824039233,0.4973628046919762,0.2842218616899385,0.6437455099380064,0.0990356209981212,0.4785837119286665,0.0637537363414627,0.1605560192923686,12.635665012979937,0.1555617883444555,12.762568738807763,0.7110318033829659,0.2889681966170341,0.1269037258278309,0.0515745436729776,True,ok,10,ok
79,80,171.35516787068931,0.3233706573443137,0.0153278738925634,32.74945447477071,53.11060402296594,84.21080966075908,0.9513402053688664,3.58959361421444,0.0308197676993929,0.1731903369610979,0.8267942907302236,0.8417827409183765,0.8934628192992908,0.9475143735787648,1.0306797451459977,0.531115036646637,0.2076715371994848,0.6127883731140118,0.0817708718214355,0.3903317636296476,0.0501082395115718,0.1911777845016225,1.9662634876667011,0.192344493669526,1.9928275287801565,0.3238731816654034,0.6761268183345965,0.0265640411134552,0.0554558438824528,True,ok,10,ok
80,81,178.03285125588604,0.2002110629069629,0.0248531398275845,29.492759316193144,55.1114909357906,91.91816080021508,0.5031278065081061,4.839947327319488,0.0847858162144759,0.1630267905259839,0.8369573517445367,0.8514715759594911,0.9109125379235496,0.950155715853678,1.0576527985717326,0.5099365840769204,0.2815066004705889,0.630542708674197,0.1296701253692166,0.6656440256009214,0.0817625520844285,0.2086837534293595,4.114012280442719,0.2126729118657503,4.132416045247341,0.2573739977511601,0.7426260022488399,0.0184037648046223,0.0531021564050868,True,ok,10,ok
81,82,127.0001111375623,0.1275198989137689,0.0178836208851503,34.96231489957043,73.20188435482807,65.43368297752927,0.4021846215454672,8.045090508496726,0.0690460720368172,0.2281203686625198,0.7718627763408162,0.856682763496829,0.9139187240713216,0.9568577335467364,1.056253209477203,0.4935319958626538,0.3075022831829225,0.7123820850236442,0.0931350189206813,0.3151062028617692,0.0663477189674315,0.1494156187244826,17.25816439989497,0.1464200202554557,17.403745894948155,0.7583189429399982,0.2416810570600017,0.1455814950531854,0.0463977458830448,True,ok,10,ok
82,83,145.9832242688487,0.1453756287262076,0.0216807824597429,60.83334553326686,25.32115531866705,60.896867877281466,0.1479894301138694,8.431685457183386,0.0360735467953453,0.2478002986453345,0.752182483850407,0.874598051441597,0.9254673173019732,0.968541659918336,1.0420354958960785,0.4374180548198025,0.3942019547905814,0.740508875372218,0.1409831476230394,0.4279158947591628,0.1043992720927723,0.1604377507176145,12.912100357019078,0.1639453205709558,12.954078592529386,0.4752383957197685,0.5247616042802314,0.041978235510309,0.0463526651247948,True,ok,10,ok
83,84,136.92575862348917,0.2666434673091217,0.0279093924100676,45.40921445692728,40.56604002231546,80.39504115756156,0.8057945623486268,6.030368357451654,0.0463470727594213,0.1684530778402548,0.8315322265130156,0.841423144327325,0.8967979226750523,0.9490720919812144,1.0424493126751058,0.5379801669527146,0.3090903807373322,0.6175891249301837,0.1157203326171715,0.5711785930465667,0.0714676189576687,0.1597515434995498,8.915302352378593,0.1522752150313616,9.031622813680778,0.6841664582406828,0.3158335417593172,0.116320461302185,0.0536973171216509,True,ok,10,ok
84,85,141.92120069838109,0.3197908658149645,0.0203045385882061,49.53535834836346,70.33762221787504,86.72665095920794,0.7973275024458453,0.9891909826618228,0.0850876419214803,0.2070682019680138,0.7929134681467026,0.8473398169999593,0.904010278591204,0.9430668898591094,1.0499625313465988,0.5113497242355493,0.2932260918086776,0.6512182929861329,0.1072629052625291,0.4106988583663845,0.0698515660657975,0.1683658641599336,4.984654314925166,0.1627686052839881,5.032791897115564,0.4761779434969553,0.5238220565030447,0.0481375821903981,0.0529540010040804,True,ok,10,ok
85,86,135.28662192156122,0.1848380727459364,0.0235673903298061,39.02809941780754,49.59518660661281,17.305268868556425,0.5735938023271393,0.1624219074666084,0.0455373874381281,0.218513037603549,0.7814830200694308,0.8936894885089085,0.9305979318832576,0.9630813722978684,1.0271159379733843,0.330906426538077,0.3741206227995614,0.7215590821911186,0.125230131450986,0.4478609459141516,0.0903609387124466,0.1511679511848054,13.6079450905403,0.1466013513173927,13.732829103913398,0.7202269271830563,0.2797730728169437,0.1248840133730968,0.0485113550305004,True,ok,10,ok
86,87,170.4862966124905,0.1506738154051061,0.0136397022442605,48.50428803346549,54.77404197070098,21.489970727938942,0.9398050065094976,7.200906432792756,0.0659556965598629,0.1622324969746595,0.8377626958233447,0.8511511705587038,0.9015532508735872,0.949748095806452,1.0508272461362564,0.482045607239921,0.1966863783278426,0.6417617186348984,0.0678113495013124,0.3501649590021544,0.043518728198914,0.1777407640389049,12.426522686183354,0.1804726866882922,12.474943779957524,0.4834825540329692,0.5165174459670308,0.0484210937741697,0.0517295597918488,True,ok,10,ok
87,88,157.23619946657897,0.1440383604490516,0.0302738506064958,38.14249217519265,61.828168468466735,72.29964435154136,0.6650855432752922,1.6620585954292095,0.0660543080608159,0.1962241793703151,0.8037611759564695,0.8582392039432158,0.9107037479245982,0.9502012070229564,1.0423539590926412,0.4750996860805371,0.3947645808371676,0.6799524858634614,0.1679045377993233,0.6877087110962059,0.1141671078644053,0.1750359093421889,12.56928193550774,0.1719303905206285,12.612082348110212,0.4638131840687833,0.5361868159312166,0.0428004126024729,0.0494790095282391,True,ok,10,ok
88,89,133.17431648517783,0.2278806792569856,0.0214130779225829,20.206310771844755,56.40937321001739,99.19215742208578,0.6337570661371208,3.103768090589244,0.0199878852923006,0.1740172719371212,0.8259648146764959,0.8576937487135616,0.9069035827233596,0.9562013921279569,1.0251846839326215,0.485486161419391,0.2641117181282686,0.6410742305657475,0.0892059727367102,0.4233683815290106,0.0571876503340555,0.1593406080080516,11.08978168414718,0.153469354843213,11.225782029759444,0.7224498022091543,0.2775501977908456,0.1360003456122651,0.0522485059984548,True,ok,10,ok
89,90,176.37693570770216,0.2841791541405134,0.0172781924862512,49.3380307325592,34.1795330563063,62.96642957168118,0.8684916825965392,6.530095989097074,0.0280286666590256,0.2423527701635702,0.7576301754795481,0.8439635388480129,0.8955764157085682,0.9515576776079316,1.034683384106076,0.5249492702061802,0.3329206211756235,0.690491725704627,0.1327626610937785,0.4150062757219331,0.0916715189677817,0.1836839656040881,1.9050668403483613,0.1898922206461404,1.924182636649239,0.2765568440957469,0.7234431559042531,0.0191157963008775,0.0500048807280354,True,ok,10,ok
90,91,122.52346594199662,0.307128805279915,0.0301893616504958,65.23634170174833,60.86435629826572,95.99675691316538,0.876357170156352,1.4711303889639735,0.0511452053519492,0.2363156746525533,0.7636610827751928,0.8455335863603184,0.898751573308896,0.945638368581842,1.035869971730888,0.5186703811494624,0.4214478927862879,0.6814289919296326,0.1571324002465463,0.5077280556261569,0.1070745730994876,0.1469890369748047,7.861400821257526,0.1361606188695925,7.978883151984304,0.7005933427129925,0.2994066572870075,0.1174823307267781,0.0502074310283608,True,ok,10,ok
91,92,150.75718119911863,0.2207012504658816,0.0150917267782671,41.43260603304616,36.78381712990925,27.128368272135617,0.8187700011887818,9.90558372202267,0.082037715575269,0.1985054524559519,0.8014870332879066,0.8441510775917229,0.9007615211530072,0.9491498408503992,1.0639582401663528,0.5159437201564511,0.2318071487729474,0.659313513069149,0.081182630975322,0.327771163428761,0.0535248056285358,0.1773775022246306,7.260884904780511,0.1809846362565373,7.297129860862368,0.4143558744722703,0.5856441255277296,0.0362449560818574,0.05122805519865,True,ok,10,ok
92,93,132.26635647999595,0.1724222435082174,0.0118297599159206,37.65593243706213,57.77321814861072,35.57789108671342,0.9048452593252286,9.092634033225176,0.0761822394886321,0.2020211720218294,0.7979696203687909,0.8382048832825193,0.8955464251115424,0.9464534286108052,1.0602665174294423,0.5377177047341213,0.2011806085912027,0.6674485477701008,0.0568197476146403,0.2244238342583456,0.0379242580300553,0.1505842582510397,14.4431371649004,0.148503491234076,14.624603099416262,0.7881317980259014,0.2118682019740986,0.1814659345158634,0.0487822739315004,True,ok,10,ok
93,94,125.27630676724246,0.1944958011629662,0.0229857939182498,67.40133583669248,46.38542158964439,15.709687827862528,0.3951624898927105,9.233548158658298,0.0688030833784398,0.2004121451552574,0.7995827765932743,0.8780242793226749,0.9259099051222468,0.964546330471142,1.0555301417475242,0.3995694236065497,0.2344077700002856,0.6893028554823486,0.1037339202371167,0.4138559279497312,0.0715040874298227,0.2335373684474104,0.6357705618428646,0.2480132597322439,0.6433427920208302,0.1299780010147932,0.8700219989852067,0.0075722301779656,0.0506855528225885,True,ok,10,ok
94,95,86.73050766305566,0.3110251014590446,0.0188986211566623,31.543951000068667,62.15078164402247,75.83556938717616,0.6164362246130024,5.189020329607425,0.014671655665648,0.1878990301754479,0.8120856283024576,0.8587450100728622,0.9071431571665288,0.9588696336840083,1.0263877706490845,0.4809534377323194,0.1872131724544839,0.6405332709918703,0.0553629601932753,0.2392550602015926,0.0354618179843913,0.1539576417654988,8.846396995170878,0.1468696834077229,9.04222198559274,0.7871202741114739,0.2128797258885261,0.1958249904218642,0.0529616269002694,True,ok,10,ok
95,96,124.55174193616088,0.1649026063436865,0.0137999391999285,52.45854857596996,27.213631139388355,22.56296006659283,0.3345689132376566,6.862908509687102,0.0561873436653919,0.167878319032672,0.8321166846864171,0.8829153302852202,0.9288414323235352,0.9660917846102278,1.0458564780724091,0.3865305680415235,0.1813554783915869,0.6651452404722965,0.0518670819402253,0.2570801284680561,0.0344991426897275,0.1557302509613215,15.430529038506094,0.1547248561249849,15.61519951392911,0.7843982972463087,0.2156017027536912,0.184670475423015,0.0507589946195833,True,ok,10,ok
96,97,112.81084330322018,0.2386706224714766,0.0150461485449471,42.49838205467877,66.66405637476348,43.50514959835957,0.4480601495255022,4.324170723655205,0.0836956068204095,0.1525376211979935,0.8474550143296942,0.8684379748566581,0.9213417716537566,0.955683452165405,1.0545356457458532,0.4401483761031269,0.1536339317994304,0.6259093855425967,0.0465405409338942,0.2585533350095725,0.0291301613787537,0.1604774405199159,11.439665451689027,0.1554794142921765,11.631737066040875,0.782103040082808,0.217896959917192,0.1920716143518473,0.0535119015126493,True,ok,10,ok
97,98,137.11267215869333,0.2889542153082182,0.0275343314396845,51.62111829729005,65.62296168990702,75.02605161635638,0.7249596316695324,3.8509992037282617,0.0341848028845521,0.2130203420387762,0.7869626997638238,0.853920518864717,0.9043699096450144,0.9532869509287656,1.0324696948442302,0.4928050680853761,0.3800585482196831,0.6669019700261859,0.1445656388705532,0.5340274465200601,0.0964111093608661,0.1572632516355826,7.847004802979882,0.1457834856768986,7.9813149063153395,0.7239753026858811,0.2760246973141189,0.1343101033354577,0.0512074175484449,True,ok,10,ok
98,99,120.53476410273625,0.1670422257170615,0.016001850246501,28.14027226302741,42.5505083347164,11.409737344806286,0.941708145971066,6.67104402559734,0.0249704373282454,0.1599079123124173,0.8400890457831326,0.8688352407801941,0.9080599682477684,0.9590691756708546,1.030035806881158,0.4114476519446038,0.1844637302163951,0.6496623605185934,0.0554393383144221,0.2912494710040227,0.0360168513949363,0.1592348186904775,14.95343781869732,0.1571476715901212,15.12411311623857,0.7686068701090533,0.2313931298909467,0.1706752975412502,0.0513826935836977,True,ok,10,ok
99,100,175.26828055450449,0.1351436904597527,0.0170296921178935,43.50441807444851,43.27050543706819,46.146541390149466,0.4330829436574103,2.820287919757687,0.0276760478927563,0.1929593762760408,0.8070310910767907,0.8803500524900272,0.9237093943998956,0.9641484963047154,1.02644400655923,0.399225665571668,0.3158269057849675,0.6935000662857514,0.1035272702996929,0.432969882932857,0.07179616881522,0.1555314194938736,16.653231831678447,0.154052840784962,16.78071489292539,0.7228549915449597,0.2771450084550403,0.1274830612469409,0.0488774297755684,True,ok,10,ok
0,1,159.60276266170206,0.3224859221707133,0.016204446073353,48.50355672149158,47.540665475999845,33.701621586974895,0.5970943636350782,4.581866111206839,0.0582869394736345,0.157588761122724,0.842405111496281,0.8684664263485412,0.9166748080048748,0.957116740841002,1.0430779986443794,0.4335063134532088,0.1764007050558027,0.6163266298417482,0.0732611988325061,0.3916092010141062,0.0451528277746047,0.2108145605661677,0.3126588018811702,0.2150839868130294,0.3243310025365142,0.1710044015651461,0.8289955984348539,0.011672200655344,0.0565845257710654,True,ok,10,ok
1,2,152.91197922241912,0.1796770714258447,0.0254518777924448,54.02824972052033,56.878485963073146,74.70861040490291,0.7751476956398841,4.425617424653339,0.0605952045114829,0.1893499628475912,0.8106349051059295,0.8460855396024004,0.9012903174095224,0.94809335462689,1.04549454580163,0.5189673431237244,0.3538207426613568,0.6579614103418883,0.1324703147411899,0.5670794877992041,0.0871603551155471,0.159180078347871,12.877436009570827,0.1535473324211472,12.986827827501497,0.685111875890753,0.314888124109247,0.109391817930665,0.0502781889400208,True,ok,10,ok
2,3,133.72387236567914,0.280023158921036,0.0186067943402293,41.01780500976864,36.28367044111887,44.665920432431946,0.3373553404293029,3.534441306666168,0.009755477143469,0.2226424594249944,0.7773467334937489,0.8865922446328754,0.9272570307477284,0.9694026188216616,1.0197389177663276,0.3806279180479888,0.2989075559073006,0.7006027182132661,0.0995787962765324,0.3476582815308879,0.0697651753477437,0.1636353324981663,6.508947304630759,0.1628882713139552,6.556347754143289,0.481676083793264,0.518323916206736,0.0474004495125295,0.0510068642557701,True,ok,10,ok
3,4,128.56898651728795,0.1505876132244361,0.0235463838244492,32.62519566526443,39.466276939408445,62.67940723674608,0.2897508809232575,2.464399482408317,0.0677196967421528,0.1903726186595461,0.809614923767602,0.8771891211760715,0.9277621465071036,0.9600969042279638,1.044403210193838,0.416985644660494,0.3120404841084024,0.6851596044549015,0.1035978258369539,0.4405510533036295,0.0709810453728351,0.1564927889139249,15.461672469963789,0.1538287342988087,15.588897648763622,0.7202712551051254,0.2797287448948746,0.127225178799835,0.0494099123524089,True,ok,10,ok
4,5,154.18587006041383,0.1954022185528083,0.0238517283310325,37.98064757290649,34.51626958333735,13.0136580047028,0.1778244054582361,3.854207013940215,0.0618908666142661,0.1879861632152317,0.8120106323763928,0.9064264515215432,0.945474802101782,0.971969765909356,1.0412797015891195,0.2963750797339466,0.3366994866670711,0.6968420667760078,0.1242667717729311,0.536764079832136,0.0865943140738318,0.1705914480163146,10.107541980250968,0.1706616898970021,10.153133512941128,0.4708789615595269,0.5291210384404731,0.0455915326901602,0.0512306581742679,True,ok,10,ok
5,6,147.0776841816026,0.1433737067534272,0.0156816133757828,42.62707389035906,69.58962351885917,83.80046623195379,0.3730917010133008,2.8659329026188765,0.0161638421158571,0.2375856142464951,0.7623937046225359,0.8747863840290762,0.9206165615306608,0.9641951241740598,1.0226267975506649,0.4294471030013197,0.3294509941204998,0.7315930859422176,0.0985037508113633,0.3160633407502433,0.0720646630329685,0.1466770142394035,16.443119151761202,0.1438741595745781,16.590130854829674,0.7609079292304415,0.2390920707695585,0.1470117030684719,0.0461939364326894,True,ok,10,ok
6,7,110.4512746696192,0.2592750935912715,0.0263969942005241,36.67051006151384,44.2020075041186,16.18548688867199,0.6095240751362367,4.794143518893804,0.0009125334173735,0.2219605644779461,0.778034643477682,0.8881016055606064,0.9226489784121116,0.9692187831487564,1.0161614210596983,0.3555136026113031,0.3035421825792173,0.7069300389985564,0.1163235654661316,0.4077382398923802,0.0822326226714235,0.1886774102363183,3.224612674944069,0.191665141389819,3.2460096301547163,0.2965884498337485,0.7034115501662515,0.0213969552106473,0.050746633734375,True,ok,10,ok
7,8,124.21891408564608,0.1258666938556439,0.0174340562538125,31.024520978867592,52.05135737928987,70.51573604429518,0.8134816274142785,2.012275414939519,0.0568084832342322,0.1950784147123004,0.8049072768960969,0.8517578187963172,0.9037408355630504,0.9480116434512316,1.0388403856365942,0.4943698471745258,0.2220991191532972,0.6780102248821481,0.0759424390607475,0.3133208704697766,0.0514897501856762,0.1803425523555013,12.875314078886635,0.1852068124036349,12.910060496174314,0.4140580895364184,0.5859419104635816,0.0347464172876761,0.0491703522810054,True,ok,10,ok
8,9,168.77663545677683,0.3194016081135576,0.0142453065338045,38.03960832467239,45.27691094264566,65.32779206440756,0.3241557604756811,3.786662058650103,0.0642317887534098,0.1736365099005425,0.8263514321843001,0.8719800719830841,0.9238332196405282,0.9595392387583792,1.0455664686230215,0.4367152638685987,0.2340631144927457,0.6336937136736265,0.0750434218867327,0.357113450068464,0.0475545447021803,0.155615206350817,8.0926067172134,0.1492473313068556,8.251969609531393,0.7455335205950466,0.2544664794049533,0.1593628923179931,0.0543939514933995,True,ok,10,ok
9,10,164.16237562335218,0.2177428127473766,0.0200661013874726,52.98865125361996,42.4598720138013,59.41626689828496,0.4274241235952121,6.706937592997198,0.0983177855155202,0.2058322725095155,0.7941540283116708,0.8560212352702375,0.915715950507368,0.9523503082264853,1.066543447010501,0.491371779215305,0.3550547227619298,0.673578897943711,0.1218810823750958,0.470217375396211,0.0820965251464036,0.1491256495870691,11.819664740946788,0.1442411339396419,11.97267198663086,0.7542548558870671,0.2457451441129329,0.1530072456840707,0.0498515685347934,True,ok,10,ok
10,11,163.1466526695512,0.1676151378341818,0.0204279838115351,33.339389496592936,69.26624446801648,85.85816654010013,0.9390367333056584,1.4988388625126086,0.0834068366032913,0.2141993634670927,0.7857817219067984,0.8394048196108477,0.896965901851611,0.939830174590273,1.050203906831143,0.5361076591349073,0.3555616459615427,0.6810683703796984,0.1283268388470831,0.4707202638994482,0.087399351009561,0.1584071132203128,13.337191819980532,0.1523133909068481,13.483395809396256,0.7522000628086657,0.2477999371913343,0.1462039894157235,0.0481644992943244,True,ok,10,ok
11,12,74.85008524965163,0.1643803659826985,0.0183448663181575,24.8617552597994,74.18433596171396,18.479990802131656,0.6785496013535272,9.602189842376797,0.0519998071703443,0.164378800655905,0.8356164715537765,0.8627947399495487,0.9111087951310554,0.9591511844214596,1.0490383346990688,0.4489957047800749,0.1422232652063563,0.6486391346379243,0.0405716292571947,0.2062391652347082,0.0263163464922375,0.1587191078270982,15.423782109173938,0.154944927794059,15.622622868748444,0.796267778702885,0.203732221297115,0.1988407595745069,0.0508751838464578,True,ok,10,ok
12,13,146.44675079641746,0.1976745385582373,0.0250596767396927,43.240247621197625,31.38067194095726,44.32043917161072,0.0635605555145529,0.1869588505631377,0.0119428663816178,0.2064481155666378,0.7935426824328128,0.9084542214381082,0.9446730671433364,0.975960517497858,1.0140118230356685,0.3066016462221201,0.2996947321070818,0.7144114773824455,0.1361892363585055,0.5234591498711838,0.097295153550467,0.2273523731725024,0.6375760060415665,0.2430590836389624,0.6452131321277845,0.1316367990401604,0.8683632009598395,0.0076371260862179,0.0503795238316216,True,ok,10,ok
13,14,81.70419448944874,0.3334385296164477,0.0185555226933001,26.203266756465844,44.76010329482774,33.30485451417002,0.2040251539185302,1.6716810658270034,0.0860078675194209,0.2455166984022822,0.7544746638787185,0.8914365470469883,0.9388403269635855,0.9628476246289348,1.0497071290734692,0.358432447038405,0.2527681125295175,0.7176171384820178,0.0669069386300127,0.2055982931598459,0.0480135658442617,0.1419374741179283,8.456997281646558,0.1356838276637104,8.65154197822372,0.7964502365814127,0.2035497634185873,0.1945446965771634,0.0497200266178521,True,ok,10,ok
14,15,79.56347467059335,0.2318080688252734,0.018868436583843,32.27153929324883,61.43115384094644,90.90010813473366,0.7872113530776019,2.723501068353494,0.0029339881399152,0.1512651301967989,0.8487205873897233,0.8550272591614376,0.9014108687192712,0.9553910797355692,1.01656271208627,0.4896232427461819,0.1352682535155382,0.616313840483706,0.0408212958190415,0.2290190949828757,0.0251587295997549,0.1608326537876631,11.79575962588216,0.1557593734669722,11.998350393738734,0.7916184842361487,0.2083815157638513,0.2025907678565747,0.0533289357517351,True,ok,10,ok
15,16,101.81023327241928,0.3486804517373981,0.0290489885614382,40.73577520129884,64.65986923788537,66.32371060883575,0.2665220569394153,8.624299897252959,0.0399991587733329,0.1566896118534342,0.8432986019241574,0.8661442151017663,0.9190249621900234,0.9645342439817238,1.0443693535540222,0.4654605178031797,0.2202749660533008,0.6064192047768806,0.0833014610495219,0.4482921435538303,0.0505156057664033,0.1788141572634086,4.181850488693762,0.1699197825320866,4.23237130043641,0.4697371608003683,0.5302628391996316,0.050520811742648,0.0570304232002452,True,ok,10,ok
16,17,177.6079136948619,0.2033577854213903,0.0103039684293787,25.21818193855005,54.055682230733055,49.24408997508373,0.9526589955273386,3.0869759751638,0.0388395335163034,0.2431555943538597,0.7568314487199385,0.8509269843727802,0.8993079898029316,0.949139877620153,1.0321388290183515,0.4902364203379434,0.2849483410697499,0.7120706364718279,0.0799892341964876,0.2489564036148862,0.056957984905187,0.1429308254362102,12.842283588343603,0.1405361894254432,13.007494176731305,0.7783183950158115,0.2216816049841885,0.1652105883876983,0.047055483499684,True,ok,10,ok
17,18,174.41159847950144,0.3278299672881661,0.0256353773169507,39.39567764347567,59.22330633975892,29.33581916088843,0.2391410876744704,7.503045352751317,0.0857184154833406,0.2274941109745921,0.7724974536847213,0.877277146387348,0.929711969792963,0.9626792031342156,1.0609731806135747,0.4125439273402562,0.46343519981104,0.6902947018183453,0.1828347059685037,0.6208253362146147,0.1262098288385731,0.1461256107008352,7.053927855264952,0.1346661177720657,7.1595322004934365,0.672680177629081,0.3273198223709189,0.1056043452284843,0.0513860771750654,True,ok,10,ok
18,19,73.87486918689082,0.3042181052776559,0.0106481761010094,28.622403399164867,61.60483065070411,55.3454787842446,0.8576306037892611,2.1846768652458204,0.0904153937963333,0.2180389792550581,0.7819482891882588,0.8482111017098621,0.9038202136683026,0.943158373689534,1.0537917017973557,0.5014387861669962,0.1339202292878166,0.66639194775877,0.0308310806750509,0.1105623555895676,0.020545583902555,0.132870998579537,11.096851659422144,0.1257987600922618,11.151809585973638,0.5310383811737301,0.4689616188262698,0.0549579265514946,0.0485335130503353,True,ok,10,ok
19,20,118.87392162354423,0.2619100680727168,0.0302704368940809,56.799624864355096,53.87801157231903,35.10741641716864,0.052976340833132,8.038078128643393,0.0544956236856522,0.1622584658694227,0.8377345245101583,0.8869121163834532,0.93558858813805,0.9710732705199384,1.0483703778783846,0.3875667279436278,0.256252218669257,0.64287865936158,0.1049515134093419,0.5418374174616136,0.0674710882385666,0.195828439816061,3.8231599375894314,0.193788337083851,3.84924189595434,0.3230648505060161,0.6769351494939839,0.0260819583649098,0.0546509295492588,True,ok,10,ok
20,21,104.51642782805456,0.1800416270943555,0.0243257926650951,22.686338747334208,37.6276528861314,78.71054265099052,0.035691210430809,1.7487627669535832,0.062951419639369,0.2381039883058968,0.7618768439714615,0.8885041778654272,0.9380788903959528,0.9659473062465296,1.0413127445903412,0.3863648267089672,0.3537477738571808,0.7343741897910866,0.1088204426397289,0.3481718316718339,0.0799149243962583,0.1459944107350562,14.102810296182865,0.1427014551658255,14.242038411288494,0.7473363191800942,0.2526636808199057,0.1392281151056306,0.0470710269705612,True,ok,10,ok
21,22,100.02683985437832,0.2850478817280186,0.0178617108449081,22.194773144552983,30.58318490273437,14.18828014477182,0.706009608367203,4.133088805595959,0.0684258059565861,0.1984950486213037,0.8015011744663993,0.8769444773567776,0.9205033066740532,0.9573488734856492,1.0449525964563289,0.3877634480528897,0.2214196115304126,0.671733729330475,0.0637462796681431,0.2573955683845172,0.0428205261724252,0.1505703206295243,9.691914356164643,0.1460165790115674,9.87417842759331,0.7788372487919689,0.221162751208031,0.1822640714286659,0.0517566713020781,True,ok,10,ok
22,23,125.49102715880112,0.1739938786018794,0.02732438638103,21.09256124603547,43.40667008844256,31.33807988347592,0.3819586275864831,6.642331634291663,0.0057565845576925,0.2397577248819203,0.7602330770906344,0.8831743821398945,0.9239530313445092,0.970756806091872,1.0234074225334695,0.390225770247103,0.3985440597019208,0.735039955557448,0.1477779579519467,0.4685620949577215,0.1086227036453693,0.1639260924064661,11.152811320653084,0.163657848398917,11.195192095839015,0.4715250978295821,0.5284749021704179,0.0423807751859335,0.0474994356045655,True,ok,10,ok
23,24,117.41868391988544,0.2522479504033447,0.0176978824658549,59.842898247296205,71.44515190757332,69.08424394111914,0.7187665171234869,1.5889872541088212,0.0998684243315478,0.1601927292946105,0.8397958334098948,0.8514432950534945,0.9088350992390336,0.944030058639266,1.0573269713705802,0.4959262692361904,0.1879090377090967,0.6196836911673369,0.0598397294466846,0.3136819505467528,0.0370817044219763,0.160256884897941,10.51795197065092,0.1538796974428269,10.694148238460874,0.7672564881680021,0.2327435118319979,0.1761962678099539,0.0534482780845516,True,ok,10,ok
24,25,149.78466027897613,0.3429719715896108,0.0180565218091207,45.95644099619594,40.42781293590738,31.90264838458462,0.1073095105832152,9.307790533603656,0.0296388996203432,0.2413073135870687,0.7586827157260881,0.8863608266503333,0.932145293792662,0.9739469314975416,1.0395228842142925,0.3889367228612636,0.3437657170660314,0.7067473871349381,0.117313276380436,0.3688237889085854,0.082910851558112,0.1582733254614547,4.545347321949134,0.1551552266988729,4.592815085231877,0.4810014021795055,0.5189985978204945,0.0474677632827434,0.0512175275868014,True,ok,10,ok
25,26,131.13268782655217,0.2943653712793939,0.0193933627352408,37.100679460060576,50.9483352344409,84.36314077429483,0.0147553771337899,6.241276752240784,0.0240449254700892,0.1857568342548344,0.8142263310889415,0.8829680399633686,0.9316141963812784,0.9719355453515086,1.032938302525875,0.4138921764223868,0.2179007997644126,0.6563323228735225,0.0849191309989607,0.3721915644872596,0.0557351705049488,0.2000471422043571,1.1580285661898522,0.2042762095048221,1.1754212353872604,0.2436950602084403,0.7563049397915597,0.0173926691974082,0.0539779576118988,True,ok,10,ok
26,27,156.65104371142297,0.1715274820047721,0.0152959527599458,35.215075881675986,34.451779399806185,22.2970272011044,0.9946281730924812,4.601349115901471,0.0444615644485002,0.1661029534141472,0.8338924133461925,0.8575218811665226,0.9026417757559598,0.9514106539048428,1.0360321650738562,0.4562001987551196,0.208037713484174,0.6466191750744883,0.0715412615736933,0.3591510566693965,0.0462599515425697,0.176103343880252,11.140611324800457,0.1792794007787539,11.188339311383816,0.4786679567549752,0.5213320432450248,0.0477279865833592,0.0519820230586495,True,ok,10,ok
27,28,137.4953224618461,0.2009676064706707,0.0297556969982457,64.05839756056372,50.37656470553149,41.33599638629774,0.1890147399083547,3.1023870255018746,0.026300529295222,0.1716774310915624,0.8283149070494378,0.8939201139281882,0.9353186987242958,0.9710395201960216,1.0261560249986483,0.3565867926566911,0.2924618755883239,0.6690406899861016,0.1262548117999885,0.6091311767572379,0.0844696064007297,0.204353017850067,4.780535221440108,0.207157666768224,4.800008455983662,0.270294253745698,0.729705746254302,0.0194732345435546,0.0525713401142392,True,ok,10,ok
28,29,116.17598925013884,0.2453927021602535,0.0216594240497199,33.330094936333225,42.75317126766009,24.882913276855728,0.7781002038179027,1.214729642143268,0.0331608753753899,0.2241335196976288,0.7758604563855733,0.8766853679689971,0.9164391464989814,0.9579487803393562,1.024401686506767,0.3921869303062427,0.3256505189968017,0.7040810302813442,0.1013769138022352,0.3509168321716016,0.0713775619166208,0.1478069864037883,10.839778153279866,0.1426780193231454,10.987133777187497,0.7489449217896722,0.2510550782103278,0.1473556239076295,0.0493953248210297,True,ok,10,ok
29,30,169.164463902612,0.1640306985724892,0.0197453353627492,68.44109188360218,38.97446176115112,96.91373864603965,0.0355148396620216,8.505573248539859,0.0421608674566899,0.1545504094328169,0.8454332907616414,0.8711741420496987,0.9259460676832664,0.96795610741265,1.045916293443509,0.4591098728451902,0.2672468742057374,0.6404016204893063,0.0927997724515075,0.5075867720300743,0.0594291246589842,0.1629462532967307,14.273367772044717,0.16037320069581,14.396547473339512,0.7032423111936345,0.2967576888063655,0.1231797012947966,0.0519799831185601,True,ok,10,ok
30,31,83.20247595874856,0.1881611275033528,0.0287969608072868,68.62337489626434,63.27084007687665,84.56854987130295,0.4784022796873077,9.240735553026957,0.0104268233588332,0.1616575308310273,0.8383272254168924,0.8542881017148727,0.906227463007698,0.9623740689057518,1.0328142818568251,0.506807017538149,0.2131369314892603,0.6326035613831682,0.0696269059551515,0.361038715604773,0.0440462286753198,0.1626107235832765,13.33928326880304,0.1562769260322025,13.497538132431492,0.7531313998242563,0.2468686001757437,0.1582548636284509,0.051874290016424,True,ok,10,ok
31,32,173.72035797758068,0.2701196607140531,0.0141536514742314,69.42099149231927,67.76822894685395,79.01209273274787,0.8052974212925146,3.273415731911576,0.0575913056719898,0.1922285741215175,0.8077554521240723,0.8469507988726611,0.9011228140727682,0.9474907139662212,1.0419581808764855,0.5146585884583315,0.2628514158746283,0.6450001614396944,0.0849631379869844,0.3569902954171121,0.054801237718028,0.153686274269225,9.597353981616653,0.147658016814655,9.752803973212266,0.7494977491182683,0.2505022508817317,0.155449991595613,0.0519555566912084,True,ok,10,ok
32,33,120.9057294393528,0.1900908588342034,0.0229051894384294,58.20567074357984,60.18179269570083,48.24444450986312,0.1111712849484394,0.0252375994747734,0.02191513868469,0.2421426532695,0.7578456310954792,0.9035427320472684,0.9419634951446536,0.9728245911661108,1.01835582997005,0.3234096207840052,0.3812795801962734,0.7481304323429482,0.1205397753753529,0.3772409416138196,0.0901794742660846,0.1463385008629859,13.70686893604474,0.1411721521416813,13.843883487181392,0.7442728412342281,0.2557271587657719,0.137014551136653,0.047077281247613,True,ok,10,ok
33,34,150.41357685657374,0.2230877541022403,0.0114616324121075,51.06467969990983,36.02073547204924,99.32082157410052,0.4258118985083316,3.1361098618838525,0.006870215843566,0.1555706398185231,0.8444133530004074,0.8699555570771247,0.916200089230804,0.9633607198588148,1.019349196974149,0.448156295544058,0.1157614595581857,0.6314085593050679,0.0482128867777452,0.2616651632188686,0.0304420293802745,0.2325300296837638,0.5296224727132817,0.250142663671733,0.538668132684644,0.1416882358664227,0.8583117641335773,0.0090456599713623,0.0547963373267772,True,ok,10,ok
34,35,102.75159115336538,0.2238852511858384,0.0260976472613262,57.817069282761686,39.91175006694944,57.5501810082508,0.3422114421841106,7.323126961928837,0.0543617264733707,0.1627451901330573,0.8372441956626254,0.8658786554763147,0.91893215313708,0.9612439874623128,1.0479276178417058,0.460394394352693,0.2336539822093612,0.6358224117693587,0.0784483290938706,0.4035518638532027,0.0498792058037411,0.1635954601621393,11.169959923265017,0.1571561010231623,11.37717978000639,0.7982574610645843,0.2017425389354157,0.2072198567413741,0.0523703968404946,True,ok,10,ok
35,36,136.7039585793893,0.1848045337055655,0.0307271865987755,62.08543727739568,41.13296511891441,13.6030154779021,0.6940965095013722,8.924141582986532,0.0686564437879188,0.2300499165430951,0.7699447412854071,0.8662090750257628,0.9142359752753566,0.9578249710150546,1.0545533427422258,0.4310222096581559,0.4520085446708718,0.7135941587908096,0.1736974140889069,0.5813273354404934,0.1239494600909124,0.1502698252572566,12.825685422155969,0.1450317302820147,12.92888730369792,0.682918410075554,0.317081589924446,0.1032018815419529,0.0479170222968457,True,ok,10,ok
36,37,145.77052727379288,0.2838392262133942,0.0135038987484277,27.392883867803786,55.987976444521095,61.71869042139907,0.7315820569145157,6.344630719422224,0.0936525350193894,0.2493222910952953,0.7506605556217653,0.8417705703948886,0.9022076221490076,0.9452435465405032,1.06380051091106,0.5338761882132514,0.3019134000076682,0.695864517440009,0.0882220579723888,0.2656010532982075,0.0613905997985208,0.1419478402871514,9.346632360319733,0.1368501140977494,9.510650370724491,0.7718658996492437,0.2281341003507563,0.1640180104047594,0.048477463847042,True,ok,10,ok
37,38,166.62820467139755,0.3231827053811263,0.0138381413742382,58.65570280021015,63.95495209651698,18.39572319327841,0.7227601349407478,9.007467186508531,0.050462808957342,0.2081390733086514,0.7918550724174155,0.8623767180712827,0.910053676095012,0.9582999546979404,1.0471478466377968,0.4485827847740252,0.2766636304190205,0.6632011855331238,0.0862679363754009,0.328192974958472,0.057212997677662,0.149583239294325,8.090104409388832,0.1424934254609568,8.253143421495768,0.7576681812006695,0.2423318187993305,0.163039012106935,0.0521462314499062,True,ok,10,ok
38,39,98.64499624212824,0.1759323512356884,0.0209155151689884,47.21636489503014,32.061950076397416,34.510074798125814,0.972828776107671,6.270392185391481,0.0834108793003551,0.2417561948343335,0.7582337106262815,0.8412905894336014,0.8970094146331709,0.943830036388979,1.0578107249812532,0.5210602503061068,0.306660358134102,0.7093223977814795,0.0896595740104946,0.2811926826988776,0.06359754402119,0.143790017932217,14.074444374712698,0.141594927074697,14.23524725553984,0.775545971925352,0.2244540280746479,0.1608028808271437,0.0465386394027122,True,ok,10,ok
39,40,133.98175735389003,0.2355749654146917,0.0175469196902316,69.9642335481494,61.366116213437,53.42655987861369,0.5539033764905115,6.841886383930572,0.0491365467714732,0.1818594239566484,0.8181295142530784,0.8585468961066258,0.9108399788670491,0.9571310782303596,1.0444555609516868,0.4791846184818117,0.1595441455322392,0.6484529614683208,0.0768539306882895,0.3457211252514309,0.0498361589553023,0.2625297933587044,1.128837448240219,0.2875755170712214,1.1343419992468422,0.0942872489247023,0.9057127510752976,0.0055045510066232,0.0528761003476141,True,ok,10,ok
40,41,129.55366038587894,0.293549110900176,0.0302173122801958,66.15427051444286,60.76584604839027,10.58769405623273,0.6522647575475934,7.211736364048814,0.0538620092627004,0.2393025519239196,0.7606930324568614,0.878809999324944,0.920942163584076,0.9623427920162334,1.0439698919585816,0.3826861090833804,0.3878462376821064,0.7121201797974493,0.1683907237941883,0.5352692052207636,0.11991443250454,0.1892659097393016,1.5447520502552905,0.1871317807124783,1.562304705536331,0.2581869430059524,0.7418130569940475,0.0175526552810404,0.0504316319051469,True,ok,10,ok
41,42,179.97260215036184,0.2171178055892589,0.0292294438886456,59.64823999342082,27.87184419282987,94.58599912478648,0.4197931444826782,1.5673189585549157,0.0922533322643275,0.1876817581572977,0.8123001150808385,0.8622090656304677,0.9192955288614312,0.9509656153266084,1.0545292599247271,0.4705906144935731,0.3424172741999787,0.6597481289592317,0.1774795236439641,0.7680699300512308,0.117091783652681,0.2248646317362723,0.5578034674396939,0.2370194145372051,0.5661655775338064,0.1384594492344412,0.8615405507655588,0.0083621100941124,0.0520318185279323,True,ok,10,ok
42,43,142.84040764300562,0.1960197148516086,0.0263534521644558,48.02206488493426,72.00846612817078,97.1614033365246,0.6883048694437471,4.753191840797171,0.0993682258723628,0.2279075984871858,0.7720690151327563,0.8392906999367284,0.9021744563654523,0.943041568411728,1.064160315712687,0.5482998253592514,0.3122240093101925,0.6882078544718492,0.1542230404927657,0.5223986157624885,0.1061375078076514,0.2338027422779994,0.6937824526604714,0.2409151269946975,0.701265739261662,0.1325026100831049,0.8674973899168951,0.0074832866011905,0.0489932356084251,True,ok,10,ok
43,44,123.52095633067036,0.3317612327143825,0.0154743657096701,64.97201627551688,46.059365828029904,87.77480152764296,0.7410168630724823,2.6793314397192445,0.0807952193567253,0.2261713925718048,0.7738079798130237,0.8463679796593756,0.9038932383048006,0.9450541812433688,1.0514369573004891,0.5185590534047735,0.2630304764716665,0.6670390426129796,0.0777119990217268,0.2658544935428122,0.0518369374269934,0.1452388468028135,8.00394965428357,0.1389251992152199,8.187627055115875,0.7827795439017913,0.2172204560982087,0.183677400832306,0.0509702752129311,True,ok,10,ok
44,45,97.97042986908691,0.3218615399052717,0.0169786473676459,23.222946748402236,74.41813320041915,21.75952992416166,0.2958835559009413,3.798254983821225,0.0742560291310889,0.1935052167606243,0.8064897802903109,0.8904022921633165,0.9355175203892396,0.964536541666432,1.047782909103185,0.3564846087182357,0.1911985695918256,0.667613756986103,0.0578574525077675,0.2411316788909118,0.0386264312383557,0.1633961640185867,7.401006363162107,0.1548023438564303,7.566595404062902,0.7570148880441702,0.2429851119558298,0.1655890409007944,0.0531504363750245,True,ok,10,ok
45,46,100.494273917345,0.2751569331401541,0.0280774286017331,52.16797611147329,34.97506720700948,15.998643692524022,0.3271404511258108,1.7484594877132045,0.0865850096124726,0.1578360815754141,0.8421610656052312,0.8971736187757032,0.9400313575576644,0.9634867189965924,1.0485989806143956,0.324706423319719,0.2486778620519533,0.6460877336122088,0.0800516131338053,0.4271211794395996,0.0517203653016216,0.1562610162128145,10.177073326807363,0.1491774401774823,10.373059556654333,0.7836491031278318,0.2163508968721682,0.1959862298469676,0.0541081415556339,True,ok,10,ok
46,47,140.61295960437917,0.1343861539190269,0.0112597564703915,21.123492873957964,29.911079095321465,41.20336022511334,0.4458190685480651,3.84090399272337,0.0269508236165616,0.1783108452052584,0.8216810430505385,0.8791904535899694,0.9226853243559388,0.9645388655380844,1.0279188922951914,0.4025797908979384,0.1829061119382887,0.6782607167738214,0.05074685839647,0.2338379062556274,0.0344196005500093,0.1537621949365313,17.520811977432405,0.1537277148926438,17.702486458163197,0.7862900849451967,0.2137099150548033,0.181674480730793,0.0493782620282047,True,ok,10,ok
47,48,138.5938249494046,0.2270938522998974,0.0194218085940485,38.35617472081964,64.02569122087613,42.1043924974225,0.2350975537297239,5.661956163358978,0.0137267403686658,0.2180842056799417,0.7819053254602687,0.886791322697192,0.9292302331262728,0.971676081928762,1.0256559327616956,0.3841721192951134,0.3313069890450149,0.7054234042196706,0.1055202741565706,0.3783075606095074,0.074436471009721,0.150238750072341,11.616741537767917,0.1444377245145358,11.757470600404172,0.7401236951631904,0.2598763048368095,0.1407290626362574,0.0494135629220663,True,ok,10,ok
48,49,152.00986663468683,0.1309174117372368,0.0204155095392989,27.69707275699042,59.55630307708832,59.79582383245454,0.4802573546590536,7.624407709678817,0.0155016700470137,0.2352003183090573,0.7647837103898816,0.8633997558684017,0.9119011850035388,0.9634179698085352,1.0311247052676884,0.4675383567702626,0.3051841303368431,0.7237730034588962,0.1312069064730506,0.4266069536576911,0.0949640167725503,0.2162055603209079,5.557394780698848,0.22790590162259,5.569597283122569,0.2060982749659083,0.7939017250340917,0.0122025024237205,0.0470047006726615,True,ok,10,ok
49,50,125.4867269833904,0.2121111156801024,0.0290155902831772,46.37732408560669,35.5040573237439,93.81199985184372,0.1233274785203168,8.109473453890788,0.0435211197923385,0.2368654169909194,0.7631104096580262,0.8681277291202506,0.9229025277762868,0.9657311308962176,1.0456664564831033,0.4665596146200562,0.4044950998439762,0.7121450553133606,0.1550359726901973,0.4994291410633764,0.1104081013470212,0.1625447759303757,8.923962290523193,0.1615353245280161,8.966971397113195,0.4697708721563435,0.5302291278436565,0.0430091065900018,0.048544263657458,True,ok,10,ok
50,51,131.5451946923278,0.3073462821946545,0.0270280827093196,44.44330833331608,51.116974540903286,30.963402538225893,0.6263234930807138,8.20330535595627,0.000958588175066,0.1750508568365561,0.8249421770820019,0.8679754165450148,0.910728783860984,0.9654305128264724,1.024345020038792,0.4392074342926984,0.263031349588432,0.6357897838994858,0.1118739699839159,0.5271946995511825,0.0711283272000514,0.1992893523326229,1.1910279583840548,0.1994624765461539,1.208958065597361,0.2458515592690083,0.7541484407309916,0.0179301072133062,0.0550005150964236,True,ok,10,ok
51,52,96.12590448032944,0.1615322346737479,0.0199400910136463,64.01155355937911,31.379485582136287,5.447538331742608,0.9803510158797176,0.5576925115165257,0.0945221040542298,0.246074637388097,0.7539236436253718,0.8831039480599967,0.9218755662473987,0.9512172982889064,1.047688576129823,0.3412291794077638,0.3088240945564414,0.7489570957299186,0.0847802635924393,0.2597480155217447,0.0634967799954103,0.1421114646806069,15.69810562400043,0.1403302788301873,15.87161716200834,0.7907733408610705,0.2092266591389294,0.1735115380079119,0.0459085271892478,True,ok,10,ok
52,53,149.0545037309533,0.3025684834789629,0.0247487468489603,63.2649489372732,72.60265709255012,83.36164227924277,0.209890755100095,0.3036222705497374,0.0787473856417316,0.1632271450567937,0.8367591630926586,0.8800546106319137,0.9318546580637944,0.958915720747973,1.0456535290911844,0.4102421641870851,0.2913004863471245,0.6317833234534134,0.1082391637637264,0.5548250903430141,0.0683836986104653,0.1663694233907687,7.46524420512452,0.1542419683895653,7.607385019826086,0.7217606599032482,0.2782393400967518,0.1421408147015663,0.0547954033525186,True,ok,10,ok
53,54,135.69303381775745,0.2004979802351625,0.0211661828221438,35.375512901435215,56.86694086021452,49.75218855255918,0.2441167765339278,0.7248042157107625,0.0015193180224442,0.2179656905844993,0.7820232533930578,0.8976831422959471,0.9346375390003812,0.9723969608099374,1.010642190370861,0.3424363266752878,0.3490087213891528,0.7181380753485539,0.1125298036740241,0.4037170227681511,0.0808119366298143,0.1507351041093399,12.948202058295523,0.1457238928857688,13.0819792118753,0.7324927749952924,0.2675072250047076,0.1337771535797751,0.0488555742046523,True,ok,10,ok
54,55,177.95410462550865,0.1487328121771368,0.0253335915697926,52.9542736240274,30.586292347755258,85.34860740730191,0.7986315281654437,9.18544120600358,0.0818268706168143,0.2040291063154588,0.7959514411885505,0.8275475613293551,0.8918116033052013,0.9436091722487038,1.0648533777714289,0.5906767019581912,0.4139379833171569,0.6647020310989588,0.165346728065524,0.6449835630604837,0.109906305980721,0.15560763671178,14.179861814435569,0.1535624796842563,14.276275936144154,0.6643902132106178,0.3356097867893822,0.0964141217085856,0.0487025880073376,True,ok,10,ok
55,56,162.9174024505877,0.3352148051188021,0.0147593832427745,39.14605639619749,33.953198924786115,2.2915414435500927,0.2897115397814864,4.472922286432653,0.0111715013835418,0.2332029615039793,0.7667953934298523,0.9320050400876028,0.9536372117803472,0.9846279387980222,1.016554439195423,0.1841213695220511,0.3173024600833076,0.7366641664081861,0.1007929395414326,0.3314152446099992,0.0742505467871201,0.1597550350404702,4.936262636849992,0.1581533119362765,4.984012739744409,0.4806446909150557,0.5193553090849443,0.0477501028944163,0.051595845988342,True,ok,10,ok
56,57,128.26785172999763,0.2085146934681725,0.0115915876639601,30.49939656359253,64.75995601600475,72.09711100972537,0.0206431491667604,0.6640856162230653,0.046955895005113,0.2162396277545401,0.7837446327819726,0.8958689806078372,0.9412275940642548,0.9691920171317828,1.0317577319400597,0.3586945544757396,0.2182092768398033,0.7126064148217613,0.0577942908865856,0.2094559125653255,0.0411845824258557,0.1475543338214635,13.290112648392595,0.1443506822381899,13.479488774536115,0.7951450837472687,0.2048549162527313,0.1893761261435199,0.04878937347958,True,ok,10,ok
57,58,109.5727081260488,0.1586524590021727,0.031026896115027,29.03931552433592,41.98333056120694,45.45294975497884,0.1311689947553192,6.061956191965205,0.0856646554655349,0.1807698414871273,0.8192208219778966,0.8789001947087525,0.932577529649085,0.9630783372007437,1.0589901031876383,0.4142255934133226,0.287933217846286,0.6749109581640096,0.1104705290472617,0.5006094097815056,0.0745577706081725,0.184383421262143,10.582163917027618,0.1850895665222926,10.616666947345388,0.4042330056912892,0.5957669943087107,0.0345030303177692,0.0508512822494708,True,ok,10,ok
58,59,175.66995227367522,0.171704183027445,0.0278887481605073,36.40839125466317,66.16905931658282,62.53309368916614,0.9466812380703788,3.632719002725152,0.0375829916419164,0.2156858902955644,0.7842996335148992,0.8459821844732898,0.8964702303870691,0.9482066117487996,1.0331733476655738,0.5119655913029144,0.4046268625619778,0.686489907132806,0.1899479829919038,0.6906624030132782,0.1303973732041759,0.1918683616472827,7.537588389945807,0.1898811424736838,7.56248671894863,0.3366403334833407,0.6633596665166592,0.0248983290028235,0.0490628887312234,True,ok,10,ok
59,60,158.91000909142127,0.2858826505525911,0.0149493459574846,34.22604517619333,70.39313119268945,20.732405912283404,0.0981510298001808,1.3119055325855935,0.0896010186757953,0.229692796357012,0.7703021175662456,0.9050035332497756,0.9485952836322112,0.9674282593825692,1.049615394297702,0.3061315881285768,0.2765270842686889,0.720453494055944,0.0980816438052216,0.3289211773179062,0.0706632629822225,0.1848750441210419,2.711872419974849,0.1869614589620216,2.7347616306730598,0.3104013984429971,0.6895986015570029,0.0228892106982099,0.0508514709257273,True,ok,10,ok
60,61,153.89726549785036,0.2115940757897684,0.0222687682289765,24.553409518024903,53.78907912514603,74.4446960513615,0.4946563638832325,5.27480350800845,0.056184215970443,0.232664072816577,0.7673172627340553,0.8587093209442772,0.9126726972842568,0.955786202352361,1.045200406664713,0.4829151838176753,0.4095390594727837,0.7033054964164335,0.1433337825485621,0.472671445139381,0.1008074370885616,0.1453410919878471,12.142450432537595,0.1395411853991962,12.28765130340734,0.7513118404067134,0.2486881595932866,0.1452008708697424,0.0480622497954925,True,ok,10,ok
61,62,110.5112537091147,0.2720586622363899,0.0267060672256516,29.727853276537772,26.63218544554457,76.3645897081076,0.3590715718763052,9.474568510871688,0.0220744550777628,0.2198909323670003,0.7800901117899224,0.8596700128270641,0.9122293407891028,0.9641561614913414,1.0383049941867712,0.4894259817302558,0.3489311103266806,0.679037420528866,0.1166590675744724,0.4138267078674635,0.0792158723270724,0.1478085172520281,9.359977344791204,0.1424590302076907,9.494035523108996,0.726889757296126,0.2731102427038739,0.1340581783177918,0.0503689331832141,True,ok,10,ok
62,63,146.8027431327149,0.1742115970171205,0.0235673271581795,43.2154178729413,74.81707922484291,58.556089482924655,0.196101602828872,4.341921301407988,0.0621069498287156,0.200953366664011,0.7990339535616691,0.8791800988286067,0.929812809813145,0.9636426751730576,1.0454874669385033,0.413830320299554,0.3552356293505989,0.6923759086849381,0.1249753868316963,0.4968977556548215,0.0865299470208474,0.1570547046061067,13.84422208907086,0.150754246073562,13.962102059324234,0.7047195921734796,0.2952804078265204,0.1178799702533729,0.0493921924089567,True,ok,10,ok
63,64,165.33215911302466,0.3148523318336687,0.0156057148377245,26.49494339315254,47.36819493806568,16.99448288042435,0.2515073764354832,6.624021023021678,0.0919429394347174,0.1859638156516917,0.8140317452839705,0.8869758075278613,0.9355663883009692,0.9642654589934044,1.0608845310638668,0.3691136059399096,0.2594116991187041,0.6589083282358386,0.086245633954299,0.3775197225899924,0.0568279664864672,0.1622368123169874,7.364232557455704,0.1550547150305212,7.494661787804794,0.7084272088941537,0.2915727911058463,0.1304292303490893,0.0536817534070086,True,ok,10,ok
64,65,161.26236489104735,0.1805580381005271,0.0170626590734215,32.030349088917475,73.4555515884868,89.45316076584122,0.3197805696203709,7.148484893430096,0.0694214840362021,0.1863224609778925,0.8136594786330124,0.857638310993337,0.9159625200782038,0.9571896926269856,1.055297665813981,0.4957986637745029,0.2844532036278429,0.6609130596100903,0.0921603983661349,0.4024201560406547,0.060910010859047,0.1532201521421652,14.131893715585754,0.1483204159038374,14.31873001807832,0.7890759811565875,0.2109240188434125,0.1868363024925661,0.049942292920655,True,ok,10,ok
65,66,86.39000744924058,0.2583907883950963,0.0172986241949017,45.60127465345141,66.86493881277165,92.17083777775792,0.7635742154472006,2.295144405534659,0.0476105641202986,0.2073154285754664,0.7926648269879818,0.8503404765146396,0.9029831747134446,0.9492061327829256,1.0358402135503435,0.5051738394124714,0.1977815271006309,0.6643350539932906,0.0556936085800093,0.2129226988748818,0.0369992164630817,0.1500719271642832,10.717450050757233,0.1445587257335348,10.916856055950111,0.7982546878823824,0.2017453121176176,0.1994060051928807,0.0503964804296802,True,ok,10,ok
66,67,88.33114441371318,0.1333503985789233,0.0188551179437049,36.7268784165988,56.23160283749009,91.8663146457921,0.5258768383625754,7.931156893115223,0.0452463824422613,0.1909230949676652,0.8090577490663744,0.8485466903644473,0.9052574592424694,0.9555209285126288,1.046041263150035,0.524448990174217,0.1989024224848077,0.6682029014897981,0.0571613461529433,0.2422032306939773,0.0381953773524594,0.1538353524662125,17.062213819765542,0.1515080069333922,17.241005166479866,0.7864297859905078,0.2135702140094921,0.1787913467143246,0.0485542471318406,True,ok,10,ok
67,68,119.31106965064151,0.1424007845379814,0.0227243530220043,42.83595137547823,58.84532603920893,43.47957108937681,0.1847646933113508,6.941025991792448,0.0959277527499363,0.1563957145363042,0.8435963706014472,0.8732357530533983,0.9292703898444528,0.9604341308831438,1.065272576269689,0.4328950844917438,0.2370971392186239,0.6497080734209195,0.0762213072315004,0.4111158953935798,0.0495215986750021,0.1593446864189693,16.755424971967695,0.15527144448282,16.947101441221253,0.7903742387976591,0.2096257612023409,0.191676469253557,0.0508370893173055,True,ok,10,ok
68,69,141.8142290481068,0.2539821527421916,0.0240111130236032,60.70120598144407,50.99374312640266,72.60695508112806,0.4512384668345293,8.768747604910912,0.0089192390913661,0.1721690212588721,0.8278168895238794,0.8596625728831102,0.9096260388292904,0.9640949809344376,1.030865621413334,0.4858392670538891,0.3000734221544092,0.6350136225177211,0.1053852788006941,0.506668240904478,0.0669210876512687,0.1560946235396846,10.254227522768709,0.1486684727128438,10.408330692981616,0.7444943594098877,0.2555056405901122,0.1541031702129087,0.0528872095866861,True,ok,10,ok
69,70,107.60370326133284,0.1462838327956104,0.0130139366231,22.175812469039485,52.156887828842535,98.06708776996444,0.8576367452484501,8.007543420599188,0.0386330336042743,0.2115181803923392,0.7884591990700563,0.8316393045061584,0.889583443723326,0.9478687998783726,1.0433580825430318,0.5765720330922464,0.1948139554027384,0.6754606136624961,0.0532460443178441,0.1984597452214408,0.0359656057700314,0.1486495348428669,16.04401662846511,0.1472790348815296,16.22827444684763,0.7947820716142355,0.2052179283857644,0.184257818382524,0.0475765736644539,True,ok,10,ok
70,71,172.6939705728543,0.2617609075339627,0.0166207914225071,33.77286480308385,25.428840162479563,14.249232094713117,0.0614118722922769,2.4964888762790034,0.067197483979337,0.2253207030996379,0.7746755098417232,0.913380687267775,0.9519260531217968,0.9736263698676634,1.0411353298345112,0.2743973617901074,0.3674714107199457,0.7265821975650667,0.1162504307643571,0.3996740951613344,0.0844654934526522,0.1453904653746438,10.239348735405116,0.1414022123881181,10.375721822773013,0.7324482399262935,0.2675517600737065,0.1363730873678961,0.0498149323911784,True,ok,10,ok
71,72,177.46726979227788,0.2632942909311212,0.0161029452718138,40.41773085085643,62.21422005893413,12.70620823948114,0.3653632449049346,7.79635754709573,0.0121874611826555,0.1503712493699641,0.849625612627992,0.8950341807187873,0.9313386304137934,0.9748569734528444,1.02674940312524,0.3373933602578991,0.216877321927321,0.6387454004508194,0.0772422214478626,0.4364238542567372,0.0493381136704259,0.1781550757141234,7.071969601479854,0.1757569335556276,7.122281041851863,0.4764168001413172,0.5235831998586827,0.0503114403720096,0.0552923929879515,True,ok,10,ok
72,73,95.04615616232044,0.3127029051261398,0.0154681739223548,34.46281773808795,40.30155234068667,23.769684515135424,0.3123504076679587,0.9787003427732738,0.0541933982663777,0.2489214642959543,0.7510722973927904,0.8981701132992463,0.93818059042302,0.9666757907806988,1.0332990056204747,0.3271464137381534,0.2544555671332718,0.730338297392906,0.0657815549017508,0.1984781245665062,0.0480427888068026,0.1407634116157652,9.191974240441404,0.1356551356919341,9.388021326492032,0.7999266090456072,0.2000733909543928,0.1960470860506275,0.0490342549545571,True,ok,10,ok
73,74,135.17428674869876,0.1490949082368528,0.0208469349316596,27.57807490458104,27.4764702385845,88.59223283631763,0.4016561438803082,3.763746130309831,0.0584697830469377,0.2338968879443354,0.7660814143208486,0.8638149116238303,0.9174484771052932,0.9568373638211582,1.0435792006816589,0.4680314861557215,0.367426299762202,0.7192186987436119,0.1184836232143546,0.3880328764060292,0.0852156373106565,0.1467101594159469,15.533622448824111,0.1455207163555144,15.662238144289208,0.7337444084597594,0.2662555915402406,0.1286156954650966,0.0466710855750211,True,ok,10,ok
74,75,144.28510296526707,0.2349912876008948,0.0194986291242009,28.631795152222654,56.63380352452916,91.24535678425272,0.552953057940156,7.8997290411828756,0.0068266332924346,0.2465055667558369,0.7534698546721483,0.8531507079543236,0.9041515879580052,0.9606433280726788,1.028674983257942,0.5084774725383966,0.2909311503991012,0.7083377357719524,0.124667400427987,0.3810208603816444,0.0883066241437356,0.2152243797470338,0.5345696878032662,0.2256933873355402,0.542997821192032,0.1475385052675044,0.8524614947324956,0.0084281333887658,0.0486968413660254,True,ok,10,ok
75,76,170.16824141919028,0.3422471693892602,0.0235874470564607,60.31449152564423,40.81153141767051,98.39403016195178,0.4205568400656527,4.637734916671112,0.0230090508625568,0.2129956164438041,0.7869823463853197,0.8642043056785821,0.9142746262861848,0.9611215471823896,1.029594812396127,0.4697498392200357,0.3420664572075693,0.662840747745384,0.1536853056257565,0.5677821550183844,0.1018688828984543,0.1959354786576373,0.2936493688038339,0.1954637552932956,0.3050052105455855,0.1754809709304396,0.8245190290695604,0.0113558417417515,0.0533568258571359,True,ok,10,ok
76,77,124.18149758068552,0.298187703540188,0.0274913051223277,32.72120330796503,25.191877974263,52.68433481977574,0.4543373648590578,0.4758374241014265,0.0698279242897678,0.236204222201126,0.763783113146324,0.8765746305199765,0.92500340798893,0.956590902537136,1.0410048306577673,0.4098935868856711,0.4092366577738697,0.7045130492182429,0.1449507583897376,0.4686834331383518,0.1021197007796508,0.147417330763791,8.214533409835845,0.1399465410514073,8.365760889976766,0.752267229330013,0.247732770669987,0.1512274801409208,0.0498014551160457,True,ok,10,ok
77,78,110.14814438906556,0.1325118147539489,0.0146714540617995,50.591435262975295,26.861328572615616,64.39079802674655,0.7055569470944425,7.451793808382693,0.0635103161729031,0.2392038403829422,0.7607788045621794,0.8441020274145152,0.9013111941959988,0.950189499745494,1.0525412415550557,0.5291370463513781,0.2582431057533273,0.7147352048798158,0.0694875979191517,0.2209866545482188,0.0496652325353511,0.1426544516260962,17.12129041328989,0.1424842599033502,17.2964502064405,0.7934065215147167,0.2065934784852833,0.1751597931506102,0.045609495229081,True,ok,10,ok
78,79,132.79491731295562,0.2226747862192031,0.0310311472444063,38.02205391192123,61.47991665588567,4.747278077005474,0.0868583274061439,9.201193924248871,0.0963653740413533,0.1875075877169935,0.8124897805151361,0.90788630117235,0.9502385266388093,0.9739009258522316,1.0655559301096715,0.285842713363851,0.1479465085558829,0.3552836656346311,0.1388869774087256,0.6018031982536025,0.0493442744426862,0.2841835318187755,0.0689340429009615,0.29755667837389,0.0702105456645515,0.0238588067122585,0.9761411932877414,0.00127650276359,0.0522258697139968,True,ok,10,ok
79,80,160.69979809917334,0.3355323068058232,0.0199390047882253,47.41861077641886,74.92446641136233,95.35340473607243,0.6534240501753735,8.02717395013126,0.0722987015559892,0.1775369405264544,0.8224445876732938,0.8372324657127492,0.8990143865026738,0.9480747211154188,1.0584867125591773,0.5608629113607935,0.2839378117999989,0.6102412567384833,0.1022609971843645,0.4736774991099745,0.0624038794371171,0.157376216216622,7.024602618284892,0.1468809448864449,7.157752863357983,0.7088905025731606,0.2911094974268394,0.133150245073091,0.0546788266802709,True,ok,10,ok
80,81,132.35122993203663,0.3073245614924255,0.0238837208906614,22.03895573575582,27.972526281413263,57.04293659753146,0.8513405794752228,7.3243081161163985,0.0104549899634244,0.2268540824584903,0.7731311214742052,0.8471560849178963,0.8961044113799503,0.95514890348,1.028153095131216,0.514162332604638,0.3729859418744018,0.6729218825048837,0.1289027529026356,0.4392789815875777,0.0867414831433034,0.1458181750234177,7.99927598217155,0.1395331481163784,8.12757548110784,0.7165131969986924,0.2834868030013076,0.1282994989362905,0.0507614024870291,True,ok,10,ok
81,82,169.9284334706822,0.2748765293634637,0.0243688020083554,56.00405783776598,25.808279186658904,94.72622872586092,0.1823759364403835,5.228011671458452,0.0131577952927099,0.2404395443656715,0.7595363764207118,0.8767671130806303,0.9244739700640462,0.9687574349123346,1.0262608301777365,0.4321483681854882,0.4752499512696955,0.7106658576861757,0.1789809957150374,0.5653353089755219,0.1271956828293527,0.1404438666109618,9.29046091266368,0.1342253884572734,9.416275926065897,0.7190092798159549,0.2809907201840451,0.1258150134022151,0.049168838592602,True,ok,10,ok
82,83,178.31278117698542,0.1605174277485002,0.0205018973092307,57.71262296993146,43.89373084782385,9.530016851709725,0.0320819243383784,2.6653315726058,0.051834451297529,0.1996895456329713,0.8003080126471622,0.9231484199522744,0.9566032607432414,0.978669975695454,1.0337572896296827,0.2359221490459796,0.3815134496598057,0.7267607117865916,0.1312183179119631,0.5258852526990704,0.0953643181251375,0.1545988698310763,15.203354165882564,0.1514941575596701,15.31844043860173,0.7005300215543679,0.299469978445632,0.1150862727191635,0.0491982963615517,True,ok,10,ok
83,84,139.22434924209136,0.2822904751174511,0.010862861861247,41.65609026807606,43.02440681074236,28.81255089327472,0.8027788862684858,3.832405662300874,0.0460009477119841,0.207976804581278,0.7920162388329023,0.8645310877190246,0.9100238850685286,0.9546401320443024,1.03572133925187,0.4392049144099043,0.2040404060484538,0.6722332089175889,0.0565387471292323,0.2153033756017252,0.0380072234108639,0.1482658003834444,9.891766144844487,0.1442336302716027,10.086868910602112,0.7928564825881346,0.2071435174118654,0.1951027657576228,0.0509729995823358,True,ok,10,ok
84,85,136.17820992169948,0.2869891819136209,0.0110985781132431,45.34682097101614,67.53933322053813,40.22084925027772,0.6013932517891041,0.0449786323284943,0.0250042921221784,0.1765114045633255,0.8234813816112625,0.8816018591274007,0.9216080550362498,0.9610690911731968,1.019400062205137,0.3851969921452225,0.1677878794503702,0.6511330259630137,0.0479537729864534,0.2237103348803294,0.0312242853110128,0.1548695220205748,9.870384599051352,0.1496285224555701,10.073190179332023,0.7924348039247224,0.2075651960752775,0.2028055802806708,0.0531215689008489,True,ok,10,ok
85,86,153.41776529068622,0.1988332994823502,0.0113908125976942,49.29348276623976,57.012443363389885,75.73414349889602,0.667492802330605,5.378975499618059,0.0406685444640865,0.2258858980080838,0.774095627394116,0.8518406570298571,0.9045735580260338,0.9537008412611986,1.0384634188124444,0.5034097457307405,0.2521759646080653,0.6944843795489603,0.0709597858107019,0.2431544785222837,0.0492804628216724,0.1461404723109231,13.124473539595254,0.1434916970880696,13.298087036985864,0.7834695704654149,0.2165304295345851,0.1736134973906095,0.0479822147280827,True,ok,10,ok
86,87,103.90881282859996,0.1579935624572234,0.0190041765048831,25.89415846353922,54.931860061732905,42.541635369701126,0.8695998029842675,8.277306529624957,0.039330457581945,0.2000820648132635,0.7999075927019975,0.8445123264320997,0.8966561968140209,0.9519182961451852,1.0424301750282918,0.5190682265356926,0.2376489785873471,0.6721613981445581,0.0710214192846043,0.2839216804744506,0.0477378564845505,0.1531376396708206,15.145456944182442,0.1502086331281611,15.30720646291642,0.7685808661385397,0.2314191338614603,0.1617495187339794,0.0487026611994505,True,ok,10,ok
87,88,156.33636625671255,0.3477630550317491,0.0238093179954498,58.41389436427262,32.90390145835337,2.6887377515741298,0.4657388680057133,5.057019467334078,0.0264654480586423,0.2217511479979559,0.7782470310784075,0.917474467688538,0.9437289712820917,0.977316016392922,1.024851768440313,0.2326534746774641,0.3295569321648934,0.7130768009293833,0.1483657687818549,0.5206930019005532,0.1057961877703936,0.2152293390647046,0.4024744354695393,0.2234876780229558,0.4087959607806909,0.1066896131377023,0.8933103868622976,0.0063215253111516,0.0529300280991373,True,ok,10,ok
88,89,102.9334355517168,0.2641115374486591,0.017947801096308,52.09032968207373,32.3818626741629,7.49217752376478,0.2754536151398828,3.2274330242043443,0.0623803437473887,0.245627479971944,0.7543698193084589,0.9117210422094963,0.9469055761450228,0.9721689071497414,1.0391611010985948,0.2670103571218657,0.3012602126691626,0.746744155254642,0.0815655451556282,0.250500917222857,0.0609085941151239,0.1412707563390046,10.8470904456065,0.1371161398411421,11.028693868569754,0.7901077321827806,0.2098922678172193,0.1816034229632529,0.0482429835027977,True,ok,10,ok
89,90,164.51627750371688,0.163675422827672,0.0271853326283189,36.39389187022723,73.31663639265193,40.74925483658018,0.1479884110704036,2.008642946582622,0.0075724852796772,0.2149909783426779,0.7849997968830754,0.9017569167401708,0.9389415793987635,0.9749499848850692,1.0155106770875075,0.329072982413292,0.3906760701211887,0.7246432079377653,0.1728381841810249,0.6310595874272629,0.1252460162390762,0.1953418718294829,8.075212848107551,0.1928158152105863,8.099048641888709,0.3275683755143451,0.672431624485655,0.0238357937811588,0.0489300638622479,True,ok,10,ok
90,91,77.72187454886331,0.2020229667612982,0.021014397468425,29.99406750118589,66.85215260514566,26.859802960675623,0.6808164794380221,3.5875624580035086,0.0902773391316565,0.1551338518537798,0.8448613189611373,0.8657741639389173,0.91654000563392,0.9514147043085434,1.0550092406595557,0.4354627257621733,0.152254483760009,0.6349005387349356,0.045544674560475,0.2480292700901563,0.0289163384149529,0.1610047575084503,13.18624682189019,0.1559362427698935,13.377955761194643,0.7852924544064919,0.2147075455935081,0.1917089393044553,0.0524153206813929,True,ok,10,ok
91,92,142.05162726864688,0.1936351216514859,0.0293346902135641,41.2265482879854,60.15209504615168,39.52772749332964,0.7908159156442153,9.90702069378647,0.0491572066839358,0.2180476402597089,0.7819414076244816,0.844146635769505,0.8984563201677651,0.9528024474465456,1.0499562138592475,0.5230212288630858,0.3970312294987835,0.6830477824201978,0.1633270895268785,0.5856784311802037,0.1115602063104795,0.16942576663506,9.599662683971731,0.1655264959643555,9.642861294438708,0.4670344935077946,0.5329655064922054,0.0431986104669751,0.0492969355097679,True,ok,10,ok
92,93,119.29401341389584,0.1567123075977384,0.0221461327663351,40.656090268982304,68.7371892424027,84.86038869689028,0.9668856165305676,1.8068547059317064,0.0289313011102586,0.2029022049688746,0.7970800123147439,0.8456139457240911,0.8953633355933449,0.947367870195818,1.026280912601231,0.5152511592353358,0.2069655894353554,0.6759845386266551,0.0963604180966862,0.3785086137610742,0.06513815276896,0.2495912326649677,0.8131630506423502,0.2648074272976359,0.819490233856061,0.1130619750267704,0.8869380249732296,0.0063271832137108,0.0496348960990968,True,ok,10,ok
93,94,108.54584861498238,0.235714815062913,0.0177533761336218,20.07602414158,70.02070403151592,48.66000656812327,0.6372996384951413,7.587889399519617,0.0317736281563375,0.1813539085693715,0.8186357744911845,0.8567052449966225,0.9068618041554808,0.958147088140305,1.0379356621389375,0.4835219272817581,0.2061150064638134,0.6468723851961707,0.0628207472104868,0.2835581874126113,0.0406370065878533,0.1565199461495386,11.315721160733345,0.1509175768895294,11.487559063741266,0.7686729279480838,0.2313270720519161,0.1718379030079231,0.0517134889561881,True,ok,10,ok
94,95,134.8035025522314,0.2655166452698895,0.0225746664672287,38.92590452914556,36.10995825729599,74.56807008101161,0.6256267051958179,1.040992590444341,0.0522764622259403,0.1727825490020826,0.8272042779697227,0.8633031707211283,0.9131138163254148,0.9530892557833764,1.0349778360836968,0.4583926643365062,0.2508227764534664,0.6376434387747434,0.0945176259353328,0.4524729177239107,0.0602685440262305,0.1800148340561095,5.625214895333638,0.1798379318307545,5.663699206777598,0.416273635225009,0.583726364774991,0.0384843114439594,0.053965241416042,True,ok,10,ok
95,96,145.77705012439054,0.2439133677055776,0.0291364962182562,54.23277477854812,61.64911498703923,77.21694853409728,0.4438880052654034,2.8176708607858285,0.0031312979243735,0.2292952988731162,0.7706862462982594,0.8747229735577172,0.9182911091565326,0.9648178694489614,1.0164905200798389,0.4269388585903206,0.4427903371164731,0.7051220839826514,0.1750708682387966,0.5883847266074876,0.1234463354571924,0.1553455105010916,9.502677566531997,0.1450675912103228,9.621851105077653,0.7076889804821797,0.2923110195178203,0.119173538545654,0.0492246446003599,True,ok,10,ok
96,97,140.51497536892606,0.2555641482147899,0.0259071477714286,55.08590803115237,62.811382603214334,83.91830055469742,0.7330014063459951,9.674455054038432,0.0862519322408208,0.2306953721768637,0.7692828652547451,0.82923230970673,0.8941943020994502,0.9446766460974924,1.06778649117954,0.5866681323209797,0.4048330755325717,0.6727486444663351,0.1509660746523549,0.5033679643822547,0.1015622220827753,0.1493120967933855,9.435428802632966,0.1408755871165044,9.550402425648793,0.6994962275635221,0.3005037724364778,0.1149736230158243,0.0493927001826569,True,ok,10,ok
97,98,167.93588012423623,0.3476936369137204,0.0284139635899221,66.35360583584605,46.40355819820149,62.87740390233931,0.7100382278313969,4.218627479144634,0.0836786858806001,0.2103699702480546,0.7896157644238232,0.8493415219347605,0.9061876037886538,0.9471790554553382,1.055099937991274,0.5057859554414722,0.4065541583384511,0.6506329780620832,0.1804453969733825,0.6772490803680346,0.1174037260103866,0.1713738540547262,2.3654444114609987,0.1648795641231723,2.396926286059492,0.3703786059874034,0.6296213940125965,0.0314818745984936,0.0535172967617557,True,ok,10,ok
98,99,74.91535462823195,0.2519891643360462,0.0267442373105355,34.77959195627755,52.0207974740581,42.84726936687592,0.1188603130665069,6.562900522086949,0.0736604159458297,0.1830384450961955,0.8169524887380908,0.8810645715432176,0.9329428793815464,0.9654993988107238,1.0544650006080931,0.4070086937441082,0.2185964166834348,0.661531227999108,0.0659207568358035,0.2942084597886302,0.0436086392202197,0.1558852037340888,10.873466905787769,0.1493023366355468,11.051191333952415,0.7736473288416007,0.2263526711583993,0.1777244281646463,0.0519983686952058,True,ok,10,ok
99,100,129.6750196502201,0.1225196963086541,0.0104555787538269,48.13834540628167,48.802843062488805,99.82265645860652,0.6988538277701585,2.7107606646400937,0.0683409586893426,0.203096600391808,0.7968824313203071,0.8480597268364304,0.904502572578974,0.9472870304054508,1.0461711447782418,0.5159728815131087,0.1846148729772087,0.6831363382823031,0.0495004547621556,0.1942030076410184,0.0338155594095278,0.149352561686016,18.045830451817864,0.1489962644727189,18.234517430429275,0.7987311676142275,0.2012688323857725,0.188686978611411,0.0475464203869155,True,ok,10,ok
0,1,85.92692171549498,0.1437912139250665,0.0253880315672418,56.97416989766376,54.38816520871721,39.1730587654451,0.1304479180884239,5.5656845366203145,0.0345386208267283,0.2125040827411399,0.7874863819446947,0.8903635287951329,0.9347705895364672,0.9715520492878784,1.0346761322996292,0.3725767783954565,0.2533072054170203,0.7174957587895329,0.0833301853808142,0.3087867346705308,0.0597890545898797,0.1762447151224696,13.621097927563287,0.1707740012459434,13.77008263017969,0.7572955653782107,0.2427044346217892,0.1489847026164021,0.0477478671062209,True,ok,10,ok
1,2,96.36186286616808,0.2350337915919594,0.0154779280710545,22.93686514000427,25.7540317810593,35.67460699580435,0.5265504847273851,7.571508739457747,0.0086872815683543,0.2105821513536085,0.7894086305006656,0.8710009055881368,0.914825630401558,0.9660207374929384,1.0268572574461243,0.4322150150385966,0.2078097368663576,0.6862888951237999,0.0564567507359132,0.2116299750882981,0.0387456410848296,0.1477020281586331,11.797660756404966,0.1450759181046045,11.988535930160731,0.7933298673124017,0.2066701326875982,0.1908751737557671,0.0497248359254557,True,ok,10,ok
2,3,177.13801745263655,0.2481432048270856,0.0110599190135571,31.13194889556508,37.23516539335612,77.55192211286723,0.1963177414752918,5.62104774378477,0.0873235912791462,0.2150992988768522,0.7848827669526784,0.8673901226947835,0.9251850369166184,0.9583551327149588,1.0599930655857002,0.4602573250867309,0.2602162633461666,0.6842238354950141,0.0757523707455467,0.2763922234947609,0.0518315776593582,0.1473549643071081,10.838582340397496,0.1441983535057756,11.005574197847302,0.7699536266159074,0.2300463733840926,0.1669918574498053,0.0498937466660766,True,ok,10,ok
3,4,118.72841035443074,0.2218874798892371,0.0249918202200513,64.19521090141785,28.05980343332277,88.81400276370007,0.1401864540607867,2.196783564846101,0.0018983912420179,0.2001982326010656,0.7997835174717849,0.8892486562223781,0.9315409510146528,0.9718464226258762,1.0149935061231208,0.3850432020868077,0.3311203345619775,0.6891726033297569,0.1067848563713774,0.4265621239719068,0.0735931974616564,0.1486619460015475,12.264986523808052,0.1441979681055055,12.4407973403401,0.7779224171092831,0.2220775828907168,0.17581081653205,0.0501896337253848,True,ok,10,ok
4,5,104.5290265649526,0.1368047658570758,0.0295819936635161,67.09832337962294,30.86071520938673,19.35040396028241,0.5312221413425743,5.754453867495881,0.0393671530769616,0.1698999352559548,0.8300957090640556,0.8809176167472903,0.9230839092759856,0.9644924770813612,1.0357528851890363,0.3854179863442502,0.283229546531384,0.6718145739187269,0.0944334795464726,0.4613704911847613,0.0634417878251763,0.160552455014691,16.484202096189488,0.1583229266466226,16.61296505647203,0.719012736377765,0.280987263622235,0.1287629602825447,0.0503200430745661,True,ok,10,ok
5,6,179.26119784648574,0.2244293109974113,0.0290569200821112,33.8033912455653,70.12906516062566,63.43998131681848,0.1529578900042471,9.172156235476422,0.0355607993404909,0.2277626435856996,0.7722207820377657,0.8718774023933679,0.9237404272497258,0.9682762476561156,1.0433729462512555,0.4483652382235126,0.4974167691909095,0.7039329610847381,0.2132589516559418,0.722993940788794,0.1501200053169941,0.151679239531902,10.54088653985922,0.1416645773438023,10.632319265514957,0.6507713403090705,0.3492286596909295,0.0914327256557358,0.0490662791288198,True,ok,10,ok
6,7,121.64943368659422,0.2804814581051821,0.0281145409253305,20.186756107713123,27.39195082995746,22.710843059649328,0.8424266461220284,8.885512151305353,0.0331283486326769,0.1920630039220554,0.8079307655859479,0.8558163321721721,0.9028929248452348,0.9568202994118724,1.0395386940433855,0.471880242710153,0.3334941137558436,0.6503623929059498,0.1180745210500214,0.4966752664952498,0.0767912280513158,0.1534713909391229,8.75803988537994,0.1473005563229255,8.881480876235806,0.7017644583007047,0.2982355416992953,0.1234409908558651,0.052459896394499,True,ok,10,ok
7,8,123.83576572182852,0.1697777938006938,0.0209635909424234,48.35992880554775,42.15925684141715,80.7035069566824,0.094678381190567,8.260813182127123,0.0196573290818839,0.2467836178392765,0.7531944019013277,0.875340734506591,0.9254156013828262,0.9708329679466156,1.034908013715637,0.4405591777995243,0.3394403966842542,0.7349126475540279,0.1151659452059624,0.3514602014178243,0.0846369096993759,0.1647055684680202,10.964407263498778,0.1670967197004881,11.00314175562074,0.451850251996139,0.548149748003861,0.0387344921219615,0.0469896874061988,True,ok,10,ok
8,9,114.9096180124079,0.3078236820717164,0.0288115344858321,37.68314485753518,71.33541186975958,94.27819848413758,0.3005435786614965,4.899629668583023,0.0387551900452123,0.1962794611616596,0.8037010113345754,0.8679213975613019,0.9196947421169548,0.9619890473931232,1.0371127287109343,0.4590326133774651,0.323319874844935,0.6547637985944601,0.1168148704370938,0.4782715904320198,0.0764861482997112,0.1600787963588693,7.5690142108354515,0.1476186025048264,7.725717160671751,0.7486230021492583,0.2513769978507417,0.1567029498362996,0.0526186304336272,True,ok,10,ok
9,10,134.06291479101623,0.2055995699128596,0.021621952581226,60.67196777205495,53.45284673973704,74.5756284146968,0.2905666878726189,3.4424040182657647,0.0320565422271471,0.1932244464674817,0.8067604212118087,0.8770838973215321,0.9245884247592144,0.9644982024362686,1.0306819116518853,0.4220454009369382,0.2773410837710972,0.6773437257512981,0.1006831859702379,0.4203445796749983,0.0681971243055917,0.1776990962553623,8.515652544211537,0.1778018504511072,8.553739827296512,0.4266098688428528,0.5733901311571472,0.0380872830849757,0.0511916714508971,True,ok,10,ok
10,11,113.09276724605856,0.3334438055650792,0.0246480686084268,58.65680174902278,72.98323909686462,11.70067976078086,0.2729778053426031,2.430485516622476,0.027736955717674,0.2067720574365526,0.793224964146245,0.9120564692459994,0.9442877111072135,0.975246922965764,1.0228498365234062,0.2718732434287284,0.3281326647993134,0.6947524188563979,0.103603190347266,0.3974398389502409,0.0719785670950028,0.1473795609323457,8.544675551252677,0.1366009421425693,8.746238906943766,0.7940374963727777,0.2059625036272223,0.201563355691089,0.0522827871067579,True,ok,10,ok
11,12,139.07327614508222,0.1567256931584076,0.0161972232734872,34.67277029116531,60.95476493705777,86.15185615286926,0.906505282326812,8.329413570775305,0.0941209802382575,0.2309661634432545,0.7690118031065911,0.8222893209373481,0.8881510415733361,0.9390180540362052,1.0686937349967207,0.6051467543543041,0.3027989268798554,0.6869545563746979,0.0935257807607641,0.3113684173783828,0.064247961232108,0.1479323192402872,14.717455948645537,0.1452143080226123,14.863331971885104,0.7568941069901906,0.2431058930098094,0.1458760232395687,0.0468537415879691,True,ok,10,ok
12,13,121.98723365861316,0.2769899962297787,0.0192295222591501,69.08721887800309,70.74958520653882,17.00554947368798,0.4430063533056674,7.131766431810273,0.0724257696604526,0.2384700030103113,0.7615241351760803,0.8790484133084968,0.9261813214861148,0.9624022296252822,1.053118627648027,0.3932039474462938,0.3305275199771558,0.7132520185889819,0.1005505867702909,0.3210878328850196,0.0717179089842166,0.1452622353292533,9.79255154202507,0.1380335034678655,9.952026688029653,0.7645451227237641,0.2354548772762359,0.1594751460045831,0.0491131259818208,True,ok,10,ok
13,14,144.0642015783626,0.1200949347901785,0.0148323585848947,40.38464694843583,67.8982993386779,27.53189291142856,0.4053119666588964,7.697776318499122,0.066442813465227,0.2085466483615345,0.7914459198177396,0.8724358248006389,0.9225399578692596,0.9617483681729984,1.0525557829526484,0.4251297138868712,0.2487037211149861,0.7065450837514505,0.0801018014533483,0.303979878384061,0.056595534016498,0.1709665376837945,14.891269117851676,0.1736585071648075,14.935950329323884,0.4807976568878433,0.5192023431121566,0.0446812114722092,0.0482502136961794,True,ok,10,ok
14,15,173.66881356765646,0.1893026074119445,0.0181168955018802,47.80736663541258,37.912159723648585,37.24141860522161,0.5167712580357315,6.346414462270424,0.0709498364477502,0.187931166707124,0.812060544297545,0.8644880452237794,0.916695426553464,0.9566992180033206,1.0525158653574778,0.4528011026526691,0.233029016755542,0.6677400078836171,0.1062871790923314,0.4592522851732504,0.0709722018050408,0.2335915936964175,0.6750113291266508,0.2516782504984374,0.6826006117712633,0.1287769715796779,0.8712230284203221,0.0075892826446124,0.0513442561047183,True,ok,10,ok
15,16,161.71634885368508,0.2455298449614896,0.0189748723377145,50.45351940040555,34.41411358831192,20.25460436797368,0.6768483444645605,7.48489453963182,0.0824503885178811,0.2211190090058759,0.7788747074210239,0.8620941481885299,0.9135111852113144,0.9541538456227412,1.0586954189074953,0.4494048161564193,0.3628466833820544,0.6902399290339486,0.1219631156067979,0.4295934891775154,0.0841838122611954,0.1478255076987593,10.352519192779518,0.143411460500256,10.48227473011672,0.7230393364196211,0.2769606635803788,0.1297555373372035,0.0497029385732951,True,ok,10,ok
16,17,116.09366846743832,0.1496920703576818,0.0254244405038619,31.53508009409892,51.04308299751244,52.4771359918424,0.363350919391704,0.1103350759288593,0.0188156005693354,0.1584150044631624,0.8415766068879502,0.889756589828217,0.9296837573983064,0.9665383599213772,1.0173099012114306,0.3667911670707289,0.2539689534055883,0.6627651993388646,0.084049773891114,0.4464891335268532,0.0557052651473306,0.1636336123034472,15.74719389957446,0.1596951470771407,15.879779188266012,0.7209026787682244,0.2790973212317755,0.1325852886915523,0.0513303667726431,True,ok,10,ok
17,18,148.58112261994876,0.341095773653225,0.0132925973639843,42.99586224934099,49.41095902405249,10.595590143195368,0.5895427623262123,2.0104450092431,0.0847749569156322,0.2144641802957588,0.7855329896880965,0.8903005773910998,0.9315599484383787,0.9592702097694572,1.0474796116845375,0.3367730297897782,0.2360184986817116,0.6871628395997975,0.076136214975158,0.2788657728104305,0.0523179776787102,0.1693509930627099,4.650822208413096,0.167312455005051,4.701516529114071,0.4824022719042347,0.5175977280957653,0.0506943207009743,0.0543929138613,True,ok,10,ok
18,19,88.27215155053405,0.1829660532053082,0.0207235156314677,23.661238283420406,73.42723932558135,38.2700169334536,0.5685827785583778,3.691950151971187,0.090431924266241,0.2227507834128721,0.7772397424708873,0.8651512271490196,0.9180868041663676,0.9523378388013553,1.0560313874616505,0.4457821237630774,0.2568942100337951,0.7046954624544178,0.0732457037237245,0.2555638628308123,0.0516159150583893,0.1493069280512281,14.084921703979752,0.1445193598348849,14.253362728921314,0.7787137597581573,0.2212862402418427,0.1684410249415615,0.0478657024416476,True,ok,10,ok
19,20,127.65648046692942,0.1513972002603926,0.0226843723093178,28.756087185073284,59.11170521935062,84.83733357565458,0.4927431441354473,0.5395833804194476,0.0795111342039484,0.2413401028855553,0.7586391715421436,0.8649069279093425,0.9186032723982632,0.9516359117965704,1.0465067129403964,0.4567266250988041,0.3059634195264525,0.7278133673104026,0.1256301043288728,0.394877324865707,0.0914352692671541,0.2074085252252424,5.546215478491025,0.2155819293901093,5.560695453107582,0.2352169804118216,0.7647830195881784,0.0144799746165571,0.0470800989427811,True,ok,10,ok
20,21,162.58814762609865,0.2673248350653922,0.0285834337919603,21.883540180518818,68.52463499572984,28.41486670526189,0.179089568050437,8.762624129490884,0.0971447284560982,0.2195689757904476,0.7804228215570312,0.875951227492972,0.9308255194552892,0.9626335438702104,1.0685673791282717,0.4195071479721166,0.4028114784073864,0.692287967796788,0.1834204620004567,0.6519143542181464,0.1269797788906441,0.1882539860275993,2.999833175158713,0.1837297713523735,3.0218632331171014,0.3013067518350434,0.6986932481649566,0.0220300579583883,0.0510849911542487,True,ok,10,ok
21,22,176.59713677860765,0.1258273163920219,0.0113547441163975,30.05258913252014,41.006369400098606,51.03142143476937,0.7497455223254783,0.0567794351958173,0.0864220585279171,0.2257216360409364,0.7742666624064104,0.860904851600541,0.9126435614523052,0.9468859860014228,1.0475663120724554,0.4559395922222732,0.2841742104619432,0.7157088977741551,0.0813605755075782,0.2790672477590936,0.0582304878187997,0.1466807450624051,17.596602707786378,0.146489956072152,17.750908265454672,0.768636088437361,0.231363911562639,0.1543055576682944,0.0464468659942452,True,ok,10,ok
22,23,169.16742286940905,0.2307918809214721,0.0266240908315803,24.149442840565783,58.9605614530665,54.42838445412215,0.2875357190684444,3.850302592355976,0.0133946968913618,0.1949629426101281,0.8050256384779814,0.8843893456550649,0.9271360533538692,0.9690527439342976,1.0224280822079397,0.3928259520035264,0.4066458517194458,0.6799304469850566,0.1578433631211727,0.6517162214775817,0.1073225084406035,0.1565988078271148,10.536905694544366,0.148330789486599,10.639171029856897,0.6661786234965954,0.3338213765034046,0.1022653353125311,0.0512450471968436,True,ok,10,ok
23,24,143.10399456832914,0.1594091333437445,0.0160028849289701,61.75959593992176,36.80540954376863,21.38607787203737,0.9954584703307576,4.649070532860661,0.0897145811935009,0.1624635046147205,0.837532103779447,0.8512645162024439,0.9029217461027892,0.9448180083221304,1.056405039699027,0.4764035648430269,0.2122326763857717,0.6410417517712546,0.0668767093119092,0.344753593459556,0.0428707628900032,0.1591281169247046,14.940348729541563,0.1575423700383008,15.097489791212308,0.754587988307743,0.245412011692257,0.1571410616707428,0.0511064377668656,True,ok,10,ok
24,25,160.43663887602048,0.2577217567090063,0.0185630490396441,38.263043628937055,33.861800904621056,9.153617303468865,0.0107824813498972,8.506117740128524,0.0850191986706386,0.1798455473442752,0.8201512746356713,0.9052646822803768,0.9491554757596304,0.9744219270715282,1.0602931273196958,0.3049669842568888,0.2760468308022381,0.675975824291665,0.0962758874579634,0.4390400413201388,0.0650801723838084,0.1706775510237546,7.297382186946532,0.1700558143495382,7.345672153342233,0.4755383116199824,0.5244616883800176,0.0482899663957009,0.053258037657211,True,ok,10,ok
25,26,91.8712732994754,0.1294663759596276,0.0314331862521755,62.89286522757199,57.74353779432805,96.46184202156527,0.3521567795111611,0.979178241301877,0.0606836004750153,0.2059528275208493,0.7940270297280029,0.8714598100953492,0.9230318783543404,0.9572867075489108,1.039188709853184,0.4402527600660132,0.3242035792905263,0.7002910848421454,0.106914269439803,0.4121551467977629,0.0748711097311051,0.1560674563851295,17.057418921811124,0.1513030938266697,17.18877351460199,0.7327363780514408,0.2672636219485592,0.1313545927908682,0.0479112342179917,True,ok,10,ok
26,27,112.88169324441782,0.2385001426468534,0.0231348218531924,29.35693382297553,49.98184366463786,56.64769359012201,0.7862390763462014,8.662718417445408,0.0418296799059939,0.1606016431456692,0.8393877409218827,0.8424773725302048,0.8970929870253308,0.952107250598267,1.0449337209954597,0.5329503726798859,0.2234523766033516,0.6157713711858956,0.0753920695308437,0.3940121338816438,0.04642427803155,0.161334881827185,10.611217501921054,0.1554235437859658,10.757842276827532,0.7334805070179445,0.2665194929820554,0.1466247749064787,0.0532779812043821,True,ok,10,ok
27,28,118.04348208108574,0.2644436663967193,0.0223079365469376,46.91139757368848,72.01451495653238,12.231840080449256,0.2205066339812426,6.788511624225323,0.000828908424121,0.2044078501781063,0.7955882167637296,0.9071109730453156,0.9397123890730706,0.9803729729082756,1.0195460420307352,0.2972359152515537,0.3072567806162523,0.7007268872642726,0.0967530442885638,0.3765711582439846,0.0677974595576676,0.152856611677763,10.307611460138505,0.14484990022772,10.4571643502371,0.7451828671904284,0.2548171328095716,0.1495528900985973,0.0511399823267421,True,ok,10,ok
28,29,170.56523853433004,0.3088292672236632,0.0269254064070015,39.85737280619863,38.56232586906553,71.82147510320709,0.6993934315579865,9.501432853724497,0.0611598141583047,0.1759093360738218,0.8240762342540427,0.8377729986578804,0.897464647577087,0.9501131372416286,1.0558160040169566,0.55569601818956,0.345275122935839,0.6142377450330424,0.1452227328779093,0.6802639900905966,0.0892012839704629,0.1691471403584997,4.975201921339707,0.1633545000245158,5.022814943341336,0.4650963891513494,0.5349036108486507,0.0476130220016292,0.0547593530849794,True,ok,10,ok
29,30,158.70983901610384,0.1636830672870195,0.019677174795132,62.37070937511655,39.995523856369154,90.63988861282496,0.799975126446381,4.153571525230425,0.099896135613538,0.2344313192699659,0.7655462684924287,0.8363187248169419,0.8987190415626491,0.9405430234637996,1.063049675289757,0.5541045444881713,0.2817536412352922,0.6990970021872933,0.1316076223998672,0.4297296681333706,0.0920064942847444,0.2345429475658044,0.775603683301636,0.255129963921882,0.7818933799678546,0.1161784499814479,0.883821550018552,0.0062896966662185,0.0478485421140624,True,ok,10,ok
30,31,133.4030357292462,0.2707044708261754,0.0200681195387907,67.85930960902274,40.63754700222581,98.19272750578274,0.9827194894317804,0.4455898690965423,0.0173604360102301,0.2019750374670772,0.7980048395655988,0.847458970852555,0.8952852924585363,0.9479257552996772,1.0186642527679943,0.5091747289927608,0.2959641735836844,0.6554006017690884,0.0972009826897008,0.3840035297385422,0.0637055825473766,0.1515420326487369,9.492683695250694,0.1459401035129689,9.639461167622466,0.7406469015475547,0.2593530984524452,0.1467774723717715,0.0513972206770826,True,ok,10,ok
31,32,150.2375294213686,0.2966229175253699,0.0219549531317424,47.18910927032947,66.25784331541874,31.16568176491264,0.4304521760430825,6.478260860309134,0.0688937406275672,0.2422765731555501,0.7577142019593205,0.8717819667809785,0.9220690482533704,0.9601028497635504,1.0514794188995185,0.4270222917006597,0.3513779140418588,0.7075025444430424,0.1436468824491654,0.449235092519286,0.1016305348340951,0.1876037362248086,1.4755839512839692,0.1883361975730854,1.4930815149171135,0.2580636497044171,0.7419363502955829,0.0174975636331445,0.0503057230877323,True,ok,10,ok
32,33,126.53027981594364,0.1284401289829449,0.0307433740892222,30.77831965636367,63.79567137919248,16.006491491995064,0.8201760957030346,9.696667276236766,0.0538326462352647,0.1832368003218597,0.8167583394982177,0.857556170654606,0.9059179413471804,0.9560711820988969,1.0497578327876378,0.4618026702607831,0.3447569180514285,0.671052133731782,0.1281231230232,0.5710799003086798,0.085977295085098,0.163407969091885,16.351720864966666,0.1578323272484729,16.458943192722703,0.6844594883779974,0.3155405116220026,0.107222327756036,0.049430227401212,True,ok,10,ok
33,34,165.178055777061,0.1802072993512317,0.0248213533908847,38.9547012635058,74.07351589140148,99.70003363491072,0.6633871969798427,5.849999569552168,0.0819348706199225,0.1719960872508394,0.827985642515894,0.8399669695582437,0.9014015786763876,0.9461412016462982,1.0585642460525564,0.5487499402595016,0.3291522594487038,0.6353524007435069,0.1267651295971369,0.6101799222648854,0.0805405294201027,0.1641502697711281,12.627080989658712,0.1570300308600021,12.7329807845851,0.6732551297746753,0.3267448702253247,0.1058997949263882,0.0513953971085105,True,ok,10,ok
34,35,166.62035076958864,0.2650169753955929,0.023932844957728,55.81057445797185,41.780295071165895,70.8648812949892,0.9696654046715256,1.3021119416985296,0.093935550032148,0.1817403881312065,0.8182463190118703,0.8400705570146252,0.8977303236563229,0.9385116072556616,1.054137791446955,0.5296286568519822,0.3443605246689105,0.6316616129094282,0.130275541309977,0.5864942132375816,0.0822900585465089,0.1566747839702915,8.903712706090985,0.1496991696816249,9.01587174509846,0.6798254770489658,0.3201745229510342,0.1121590390074749,0.0528230671270918,True,ok,10,ok
35,36,164.13532396165522,0.1734268801114043,0.0192877620069327,40.71414270540249,69.27832226365166,49.570070134634605,0.4252001758905933,8.492126704074733,0.0458359416676579,0.2333325466189408,0.7666538055695437,0.8626254866723789,0.914872853984761,0.9612418554392252,1.04611152672394,0.4691577490452222,0.3636024033050821,0.7136908856447626,0.1327828289798757,0.4362550732836158,0.0947658948130645,0.1658646564474859,11.039795581333152,0.1651153680540615,11.083259407460776,0.4758586321802151,0.5241413678197848,0.0434638261276243,0.0478738594545169,True,ok,10,ok
36,37,167.41150401605745,0.3476476326994515,0.0168634645669359,45.91974005123004,45.95680604703166,78.77297244272935,0.952907346386764,4.4924284149283,0.0626552054639897,0.1899892110774839,0.8099947870049277,0.835815068036661,0.8926810320974697,0.9430570940247694,1.0466684758870373,0.5512951697827747,0.255097081037267,0.621070731179266,0.0964172895029499,0.4110282062448456,0.0598819564899201,0.1748598768796744,3.192560593401147,0.1723894252209073,3.2322663879379805,0.4200199109727316,0.5799800890272684,0.0397057945368332,0.0548273299640454,True,ok,10,ok
37,38,156.8904438513606,0.2832119005779166,0.0106513878458757,50.689360203064055,47.85126625153403,85.8804503650642,0.6106076028306834,0.2054850096934226,0.0492712244747665,0.248291320048274,0.7516871520862349,0.8641755559628497,0.9136827422767348,0.9531598551017156,1.0322567294955527,0.4568613989471534,0.2733265372645468,0.710356102039848,0.0745863201089403,0.2257860558498056,0.0529828476180831,0.1408616584746502,9.775378542871849,0.1367132519441719,9.95678268990018,0.7892539313990067,0.2107460686009933,0.1814041470283307,0.0484384167036983,True,ok,10,ok
38,39,100.72176048805456,0.3034745368304438,0.0293810413340113,54.8318119549106,47.163045562338425,89.53891328845381,0.9297245797502628,5.162328785476683,0.0400286153357736,0.1986983484645272,0.8012826480030104,0.8364990053455262,0.8914850343188904,0.9463448896424702,1.0381006158974144,0.5528041323728928,0.3105219290518115,0.6379303873987817,0.1057020920635818,0.4262197104430416,0.0674305765389824,0.1497218054035227,8.702250001890139,0.1407713177561938,8.881843975849623,0.7749936928931038,0.2250063071068961,0.1795939739594842,0.0521420719030927,True,ok,10,ok
39,40,76.45433579678925,0.2890225848644808,0.0119462435235746,22.24847551714192,54.892564065486816,54.764741817748096,0.8635296313445552,5.923269930542975,0.0041623099005985,0.1729063176685787,0.8270830390259426,0.8516872173316368,0.8980478855619809,0.9560049815470189,1.022432551790066,0.4957973355372984,0.1088112626697309,0.625744760439758,0.0283875803726614,0.135781279713426,0.0177633796797554,0.1454860785465652,11.747213575494923,0.1398936358307338,11.914898821720811,0.7588908938680815,0.2411091061319185,0.1676852462258877,0.0532756950382679,True,ok,10,ok
40,41,109.72441935912836,0.1419220527659373,0.0135890073682169,45.36234923848643,27.859848595957644,24.15155289897164,0.6054931001714552,4.391226342401355,0.0831146811839018,0.2185992716246458,0.7813943563985191,0.8703782710854707,0.9197212051754756,0.9549261559830134,1.0531717849516045,0.4208639697332919,0.2222319491433926,0.7124173772467883,0.0585881378184975,0.2094202120725233,0.0417392074824273,0.1460790051702259,16.94608457556503,0.1456852282786294,17.130252808071617,0.79642212506548,0.2035778749345199,0.1841682325065844,0.0470762629818383,True,ok,10,ok
41,42,174.96669579224584,0.2522671311301958,0.016540593553792,36.9375848074297,57.22046790264156,81.5528169023585,0.8819208894063542,9.06546292316408,0.0465342924364123,0.1739745421713325,0.8260095376664415,0.8297561796103646,0.8886818797973736,0.9470643417912712,1.0486343542859569,0.580914798374312,0.2608896670817315,0.6174177709622457,0.0905084696773337,0.4296836630604898,0.0558815376013834,0.1583145178670643,9.779606986428927,0.1526269124319309,9.915400575973676,0.7199364792005295,0.2800635207994705,0.1357935895447489,0.0528252587396777,True,ok,10,ok
42,43,128.78725328008443,0.3373991693870484,0.0242635563781828,27.182072077855057,66.67286601079913,13.197642705781412,0.1075058261031954,6.543003066943069,0.065573947220611,0.2430150614273083,0.7569801150771742,0.9024418276762636,0.94447876251162,0.9731046118680386,1.048342942541677,0.3155459837432728,0.3481980168254849,0.7225032434574938,0.1364980503013309,0.4251763589540174,0.0986202840683357,0.1846101747592449,0.9023284215803252,0.1811307334744885,0.9206977538121822,0.2641253527012446,0.7358746472987554,0.0183693322318571,0.0511784489409517,True,ok,10,ok
43,44,171.95530983672603,0.2575194582719737,0.0204389259046182,26.74986603074908,59.7577364401736,92.08046229528568,0.621666491478913,2.145987509085304,0.0346717723366249,0.2477852268978734,0.752191268910781,0.8597663961345443,0.9096022202439004,0.9546999016536888,1.0297173406531897,0.4758531179048283,0.4405720951484702,0.7111125799720877,0.1565480143979865,0.4751811975224129,0.1113232624080597,0.1413556149741867,10.184043797614926,0.1340508462692549,10.328078994838815,0.7494614555463782,0.2505385444536218,0.1440351972238895,0.0481497325786496,True,ok,10,ok
44,45,149.56860042685872,0.3083260356502657,0.0168443595154869,59.20162228485767,33.96546798064368,61.850004459017626,0.0865578329525413,4.065754651920022,0.0031490427097672,0.2123813034119525,0.7876046780046877,0.893258240695019,0.9346316329398932,0.9749333463256312,1.0185207191008716,0.3692406630342283,0.2472273037599044,0.6884812827395563,0.0961827474601932,0.356665020356068,0.0662200213488086,0.2016307392335193,0.3327852348021025,0.2089119968272871,0.3433432456059381,0.1671639582011546,0.8328360417988454,0.0105580108038356,0.0526016015758305,True,ok,10,ok
45,46,173.51791857637352,0.2491493061265737,0.0188417610717794,38.72958713544308,26.599081460800463,9.117416631557171,0.8149936605573811,6.539441312709556,0.0219802170533382,0.2003744503826282,0.7996222490247928,0.8794885741008738,0.9159508131006446,0.9637918424807264,1.0279844936783566,0.3741415390001077,0.2937278020703023,0.6824751169736649,0.1177531731190959,0.4699027544777039,0.0803636105984752,0.1932353134122678,2.995234021589571,0.2004063969584364,3.0157481002984103,0.283254074450931,0.716745925549069,0.0205140787088394,0.0519088114070559,True,ok,10,ok
46,47,124.50441766043062,0.253939501213344,0.0216809289411252,32.19776879064258,29.032624950311373,81.94039314927949,0.565798376053562,0.4464694084958903,0.0531995029740069,0.1854829151529334,0.8145016972692563,0.8660288152104063,0.915790212516335,0.9539422504589428,1.0344058610327418,0.4509943076906367,0.2761162824134633,0.6541273532407526,0.0900036012759851,0.3951954541926139,0.0588738174847961,0.1543472825901246,10.179019780718647,0.1498524337478421,10.322789156313842,0.7339790264469059,0.266020973553094,0.1437693755951941,0.0521073053655172,True,ok,10,ok
47,48,71.33059606909883,0.1268690129689041,0.028758149105787,30.635364293743848,37.03297764501484,54.620177868338416,0.3669751880261229,6.007634241448491,0.079419121134064,0.2135601483495205,0.7864268248000855,0.8650605027120553,0.9202915991131412,0.9571443820939536,1.0564612210073392,0.4595893616794069,0.2692689080839581,0.7042582419790154,0.078748227643632,0.2899695552423507,0.0554590883592675,0.1505026350119855,17.614191178808582,0.1482247570989877,17.77550167979813,0.7737564324957272,0.2262435675042727,0.1613105009895461,0.047166603968721,True,ok,10,ok
48,49,127.2541782824644,0.2699392488672673,0.01826976395263,41.28552622784724,40.084872049983744,50.75519640985918,0.8338062855046089,9.440966328978094,0.0572396435750375,0.1545566417986729,0.84543392503856,0.8377109782594567,0.8948364485363562,0.9491906634803128,1.0531910654050496,0.547395687744418,0.1948897722873566,0.600896000166706,0.0645916628535218,0.3532986333815071,0.0388128718527977,0.1603400718715645,9.514232815595491,0.1551220360891367,9.675760796797798,0.748245738540981,0.251754261459019,0.1615279812023072,0.0543475966757222,True,ok,10,ok
49,50,143.92266524780388,0.121622283279948,0.0247578202900936,52.86246322002521,61.08876709924916,74.80544888926156,0.4742928371646067,9.243167909817927,0.0887866865501431,0.1941406455955183,0.8058429436851555,0.8448335259315797,0.9075899963954838,0.9513790793842622,1.067818583448841,0.5362073018053581,0.2412177575858487,0.6711247725520094,0.1243518003758435,0.5161183568055417,0.0834555737436708,0.2625205043813787,1.0025743264346847,0.2815172896458923,1.007665314629662,0.0935371445844411,0.9064628554155588,0.0050909881949772,0.049336461109735,True,ok,10,ok
50,51,140.40507637248976,0.3086442472580794,0.0303133407170398,43.64923306397317,59.033410745366695,16.282026783819504,0.6634666214373549,6.980828241853157,0.010846394217756,0.1989790594895227,0.8010161795595868,0.8783505838059665,0.9168869160185502,0.966349795523631,1.0250171658048053,0.3908635900518164,0.3254235049180459,0.6679939348465074,0.1522269953431707,0.6127949798417711,0.1016867096091455,0.2107882901139204,0.3477326691261488,0.2070948547274025,0.358499665107317,0.1675425165825004,0.8324574834174996,0.0107669959811682,0.053497264821351,True,ok,10,ok
51,52,148.56284429200065,0.1719334174421085,0.0151872061053542,26.28678878514819,38.15862022931401,68.42408257085012,0.3730953908354951,6.715957422433126,0.0221332383089139,0.1511230644548895,0.8488655229068806,0.8677337591093582,0.9167921257526266,0.9643833819682608,1.0325795710896837,0.4557599672073185,0.1785675147531857,0.6348108811338514,0.0612927263388625,0.3442581943891578,0.0389092896142693,0.1789875079530226,11.224033971208751,0.181878892177567,11.272705802398017,0.4790214694147928,0.5209785305852072,0.0486718311892629,0.0529349532597179,True,ok,10,ok
52,53,99.95003241535944,0.217280497362913,0.0246795965327906,23.0794259131215,65.97940317379854,25.121166892051463,0.9860405942864284,1.6134023379827254,0.0969914195097226,0.1700693061577438,0.8299259792866867,0.8555582516045006,0.9063944760508952,0.94312605349458,1.053942630944061,0.4599748843828649,0.2311721372018258,0.6411721381935399,0.0754078004484825,0.3679744406028671,0.0483493806500253,0.1607994434048982,11.794499044147225,0.1541783274769433,11.94404941662471,0.7414946367257144,0.2585053632742856,0.1495503724774861,0.0521373607445225,True,ok,10,ok
53,54,160.0836489947134,0.1556271565756955,0.0173990730345511,49.54797798410267,60.47269517382208,75.6628596867953,0.30223270763956,5.054162830112685,0.0916636250175991,0.1711864288693602,0.8287997006098891,0.8632825419289596,0.9215065434891592,0.9551881160997646,1.0607595659007878,0.4707996613483515,0.2258957392393309,0.6548344853145162,0.085710673061659,0.4149349062217725,0.0561263044802922,0.1923347982801622,9.514329687938236,0.1966394658679889,9.542617657588362,0.3549419461362557,0.6450580538637443,0.0282879696501252,0.0514094849845152,True,ok,10,ok
54,55,104.24625741158172,0.2454903138228999,0.0311611841698175,46.07018524106681,41.30977695172204,46.043614462126406,0.9968278200910756,2.6428951829160816,0.0140434054896735,0.2277216546293568,0.7722670308366842,0.8546890712875774,0.8986282740500182,0.9521116096345448,1.019949796452076,0.475031404143842,0.3820150993398745,0.6917451386817027,0.1329712137977299,0.4509197102360726,0.091982190729185,0.1487993670891605,10.292015133620088,0.1420649430034423,10.41757113574409,0.7180634338403287,0.2819365661596713,0.1255560021240041,0.0492976336509144,True,ok,10,ok
55,56,177.74033011753065,0.1475531254431188,0.0196566691650144,51.739826373843904,74.71790365350591,38.05535348011386,0.576825974024113,3.454061802782931,0.0877813903038547,0.1742883827333238,0.8257042818150306,0.865826383672359,0.918126139016922,0.9525590312994752,1.054350993564038,0.4428987605441851,0.3090559425233007,0.663248828328341,0.109456089524561,0.5185346073461561,0.0725966231305671,0.1623013779816225,15.256887465886216,0.1577359623919805,15.373863397855205,0.698934839161865,0.3010651608381349,0.1169759319689894,0.0503872117959748,True,ok,10,ok
56,57,170.71118538311444,0.1294961740522036,0.0152832413333615,65.73253363802928,50.144301652878056,58.78639923039287,0.8993286805152985,0.8377585007176082,0.0933452801225742,0.2440949283764399,0.755890297253283,0.8480264979982354,0.9033862017912117,0.9413553410606628,1.052544753019821,0.5001846258587186,0.2532813349376964,0.7245614225800379,0.1144774087106845,0.3544814545486913,0.08294591410869,0.244539386492294,0.9655363458985384,0.2699122470955583,0.9706158967949626,0.0985140309591888,0.9014859690408112,0.0050795508964241,0.0464821489646692,True,ok,10,ok
57,58,79.95234977591633,0.2929561590244376,0.019890120133466,31.59234487329353,71.39942720517155,70.8988706127986,0.931839910440875,7.738490451298366,0.0383331291089674,0.2169640485062542,0.7830186864640014,0.8342030520613668,0.8897732925845889,0.9477950463345084,1.0419904836168818,0.5605532671673419,0.1628294496037317,0.6565598726415312,0.0620223577349683,0.2238195736471938,0.0407213912953983,0.209364765689714,3.48803802990722,0.2087244524409839,3.5214062092749336,0.356196770916086,0.643803229083914,0.0333681793677141,0.0603108825785692,True,ok,10,ok
58,59,132.24172185608896,0.1823280593916165,0.0205699053843579,61.29584525388291,60.6122411766968,28.366294032147213,0.9508979052689216,1.7303906833481522,0.0080612806144543,0.2384921198342585,0.7615004753320443,0.8683325591976654,0.9066586088225544,0.9567098050453744,1.0144117797354943,0.4202890061613281,0.3646726434078668,0.7243269287657091,0.1166126343998102,0.3723302033780046,0.084465671330093,0.1471548597323992,13.753326216682924,0.1426950816277836,13.890564421937713,0.7445303791340097,0.2554696208659903,0.1372382052547861,0.0470903447963385,True,ok,10,ok
59,60,169.87975285077837,0.3441157176075394,0.0227363272401866,54.23008919948057,53.62916653885694,62.4285242125556,0.5143066747692169,4.926759507413427,0.029342086453952,0.1508336549796021,0.8491561073071872,0.8656305013234943,0.9140020866984672,0.9602610347872336,1.0320494520692824,0.4558044347726986,0.2314900021926915,0.6022914226380007,0.1047241785717816,0.5895311651632678,0.0630744744965944,0.2093972257891544,0.28297506546593,0.2066852325793307,0.2952037268222216,0.1751695681470125,0.8248304318529875,0.0122286613562916,0.0575817599723071,True,ok,10,ok
60,61,123.6018751835423,0.1803971053625461,0.0114345893016922,43.43697130942791,67.87334375466222,40.846659801402126,0.2179896004278232,1.3681754812892146,0.0903163717989668,0.1871443500816898,0.8128477085178992,0.8874060474404579,0.936729504597205,0.960775748574121,1.0514695405302488,0.3747171598112865,0.1754140248189421,0.684265643041667,0.0475442584950435,0.2064962243573435,0.0325329026120502,0.1529306180250816,14.740003281555602,0.1502797259118777,14.935892388862053,0.7969581278110703,0.2030418721889296,0.1958891073064518,0.0499068767868178,True,ok,10,ok
61,62,116.83404177384838,0.1424814187364923,0.0280039389211033,59.51268001619816,57.19363230114021,47.7970829981862,0.8401390249961138,7.432352103802323,0.0996459477476188,0.2249124808765532,0.7750749076693093,0.8370751308749913,0.8981382589018471,0.9429902117587186,1.0681291488757274,0.5449992350205501,0.3806789708811381,0.69468501529186,0.1322768150813551,0.4558159304220159,0.0918907213075497,0.149495665481442,15.838485707449625,0.144737094327443,15.984746247924562,0.7571502837862691,0.2428497162137308,0.1462605404749373,0.0469118634810311,True,ok,10,ok
62,63,113.39439803394292,0.1541458609212474,0.0259604219114443,28.253979246446317,55.60816649890773,35.8104463540763,0.2307622367258471,4.703725569878702,0.0480862422537813,0.2259983274134573,0.7739924639243654,0.8869858456805472,0.9324017278685458,0.9674855726749128,1.0388592341815088,0.3791488032987895,0.3406886788510799,0.7273188507159817,0.1195868885134173,0.409540991865744,0.0869777983142789,0.1683221388823375,12.474695659097648,0.1678513881894563,12.517718373524248,0.4732204349954645,0.5267795650045355,0.0430227144265991,0.0478920289889329,True,ok,10,ok
63,64,154.14783303855984,0.3257773970605229,0.011281062495584,68.34710790140903,34.71552621463184,59.94405401143634,0.7312187436589409,2.3865138094696308,0.0097749143799004,0.1911805873712497,0.8088073556790214,0.8647632220337181,0.908441018825888,0.9579897570319552,1.018077153977729,0.4501249279076937,0.158952473501035,0.646350757488823,0.059760731980751,0.2528074224740998,0.0386263943838449,0.2043795402397104,0.3062454029728236,0.2123876401756369,0.3177021987212001,0.1723993220557202,0.8276006779442798,0.0114567957483764,0.0549981972977884,True,ok,10,ok
64,65,95.477435224901,0.3468847488676877,0.0266877095168287,40.64440384348592,28.815195822359424,8.713932037876033,0.0132877756895621,2.717392642519406,0.0835124565933247,0.2188748193564797,0.781122675677368,0.9206046127647464,0.958157471430234,0.9748251095076752,1.0479417217964695,0.2433449076305087,0.2691489814092951,0.7101740113231503,0.1002467072520129,0.3577573713442978,0.0711926062110995,0.1933174277423149,0.2827072553991954,0.1954802801017522,0.2940975847185209,0.1767045627354278,0.8232954372645721,0.0113903293193255,0.0530694058623845,True,ok,10,ok
65,66,161.8261431755231,0.1389850149983802,0.0185075631369689,42.68471755770607,48.15590260222999,83.85286531539616,0.8858115689744693,8.694169769736765,0.0974204922897603,0.183595400281595,0.816387444274642,0.8223805931865195,0.8887957890620087,0.939185283776877,1.0708501023319847,0.6053126233625793,0.2862397754228865,0.6428418006462822,0.098845658344926,0.4394925721450214,0.0635421209965194,0.1584470169653282,15.365760889342884,0.1564036058804906,15.491247183214346,0.7171290974120273,0.2828709025879726,0.1254862938714613,0.0494979513980665,True,ok,10,ok
66,67,121.26529062803138,0.2133453830247735,0.028214698173125,53.54803164071148,29.566477092774623,3.57917658793834,0.224538518859867,8.96770798844321,0.0713723616695944,0.1570946631390227,0.8429033305129444,0.9092734412241628,0.9466085435747869,0.975438648837034,1.053349792304616,0.2744325137226323,0.2851904298187432,0.6659432072422926,0.0966131401738765,0.5183785110771213,0.0643388644291405,0.161260797067327,12.00434040631222,0.156723692054219,12.130365955733504,0.7036163891416317,0.2963836108583683,0.1260255494212844,0.0530856130901911,True,ok,10,ok
67,68,167.35453666107804,0.2115448764800685,0.0213225466797739,68.52615556249587,37.57993396481168,39.7282474120632,0.2448476440089549,7.614342116361509,0.0985536648441505,0.207344832474566,0.7926453000466775,0.869681723127333,0.92641578616429,0.959015449906062,1.0676099571194273,0.443271729926315,0.2886705347033886,0.685740095083973,0.1329988073863845,0.508408440273417,0.0912026148231943,0.224737544836349,0.5670373337202079,0.2390405229691215,0.5750168250945015,0.1360950783122878,0.8639049216877122,0.0079794913742935,0.0506522495618745,True,ok,10,ok
68,69,178.13041834695375,0.1667906801100523,0.0223564155706915,33.97942662243737,46.97791117751894,15.337000524250286,0.1760100092091328,9.767601986724504,0.0169164072567534,0.1901162842197939,0.8098789094025828,0.8958207659236563,0.9351906211026858,0.9779303300685828,1.0332003706840585,0.3443831454544535,0.3753384045441127,0.6956677181818371,0.1360905151425037,0.5797191549728249,0.0946737781353763,0.157562009594279,14.243435158051309,0.1536700972795247,14.351653261821994,0.6841191976507243,0.3158808023492757,0.1082181037706855,0.0499679318533813,True,ok,10,ok
69,70,143.31051387254595,0.3140597351192208,0.0273214763219592,45.20291488385793,61.65318316191263,98.75480058589076,0.8771499744316411,2.980727929292773,0.0151489253477103,0.1829786207190289,0.8170026014277468,0.8466333807827546,0.8961781182046074,0.9508661112525916,1.0227515924988395,0.5180134463139816,0.3396383135347515,0.6272321541819664,0.1287906785947661,0.5749935259873309,0.0807816547735524,0.1570644643312844,7.437354384866023,0.1459437943614609,7.553809525963252,0.683527888235913,0.3164721117640869,0.1164551410972294,0.0539185087589357,True,ok,10,ok
70,71,164.58095774676642,0.2646677791414404,0.0309643525832706,50.7995966328459,72.80416523417432,89.03544196087425,0.7902909899675375,0.0339886965187007,0.0688151376010899,0.214220799458264,0.7857599489903865,0.8520702189297628,0.9055064284870826,0.945542957988648,1.040785787962328,0.4945760569688632,0.3644520293516959,0.6717858165799031,0.1962454298712481,0.7197617730137164,0.1318348963561305,0.2298996687954054,0.2916838295171793,0.2267494270661496,0.2986017615847952,0.1184674631016338,0.8815325368983662,0.0069179320676159,0.0514772752449692,True,ok,10,ok
71,72,156.10235769289594,0.2660195929502918,0.0158614297938219,29.076058000724405,58.27741551083098,31.34895494194064,0.4657956733298729,3.845953423373239,0.0862498556776777,0.2234032060829519,0.7765888269173259,0.873893656285892,0.9243716531127356,0.9565850678971236,1.0540373666688927,0.4151096799237441,0.3190721228074126,0.6961979896091445,0.0994292089210611,0.3456210880229821,0.0692224153592704,0.1477267018190174,9.945574865755985,0.1420431782203444,10.09299574253134,0.7470326508858176,0.2529673491141824,0.1474208767753565,0.0499210688551959,True,ok,10,ok
72,73,129.70402144326818,0.296832059579922,0.0283141369717904,27.1893743961794,43.5689026880284,79.95935357765491,0.7485866994658382,9.117872631897914,0.0268234135796031,0.2299343325716675,0.7700450115345611,0.8395863612509076,0.894793352611688,0.95345991105169,1.0398270451445066,0.5501051699747858,0.3601502353501866,0.6716450423452034,0.1517948036768037,0.5083117880078454,0.1019522273432886,0.1811302680607667,2.6101417190290803,0.180109762402426,2.634803685368814,0.3256471283914595,0.6743528716085405,0.0246619663397337,0.0510702118052172,True,ok,10,ok
73,74,155.34725974594022,0.3337701480741903,0.0192642659109546,23.91567737859232,49.46957321435774,26.260993919238448,0.3516846847320565,4.579853313579606,0.0772934103240151,0.1958995243075351,0.8040943648996892,0.8820742562399972,0.9300743603280855,0.961708288617206,1.051103974359322,0.3878760990300748,0.3048517707392827,0.6617988901038822,0.1053805082874995,0.4325341271620671,0.0697407034232501,0.159028521876393,6.736690013209064,0.1499649495001948,6.865851189504369,0.7071806283920566,0.2928193716079433,0.1291611762953055,0.0534812365617663,True,ok,10,ok
74,75,126.70693265409508,0.2805517649366918,0.0296583914223934,30.08995034195558,45.940335567273856,56.73068721704228,0.1169372870587475,7.28465372305107,0.0319121251636866,0.2013517964531165,0.7986352895692489,0.8808503191891198,0.9292646370989136,0.9703196354940526,1.0377178091917314,0.4139247826401253,0.3528041223848029,0.6737905141054893,0.1360155717437902,0.5394531906467563,0.0916460020116004,0.1681185420989196,6.203418879739182,0.1629956055251989,6.249541838350721,0.4680538405200589,0.5319461594799411,0.0461229586115392,0.0524190351050203,True,ok,10,ok
75,76,133.10773371480818,0.3187593554994479,0.0209850811884458,55.58490297100746,67.03039277526426,60.869154130162,0.1827414200866745,6.101710154955706,0.07231866730006,0.2399614113832498,0.7600224732605414,0.8732563851438169,0.9274028074058498,0.9622385180373708,1.0536848791411195,0.4374196973289367,0.2964418879188537,0.7004624194861186,0.1204874506718622,0.3815906076734691,0.0843969312153269,0.2003028182290879,0.325268316414661,0.200389042135572,0.3357182781184935,0.170021183653168,0.829978816346832,0.0104499617038324,0.0510127424092603,True,ok,10,ok
76,77,160.25627601496333,0.1590727384862829,0.0255830403468276,25.78447782708485,44.13229297329824,29.490356778286586,0.0616259275690643,0.6456762029285711,0.0044633444595141,0.1816356442737424,0.8183588705893878,0.9153965070561476,0.947936660236102,0.9792778175202368,1.010704670461282,0.2771007800969359,0.3745542930350233,0.7020600264659317,0.1338562627123246,0.6030707931073593,0.0939751313424453,0.1569234248614159,15.39469151388496,0.1526060775307239,15.521094717058094,0.7157562628732179,0.2842437371267821,0.1264032031731325,0.0501977009750472,True,ok,10,ok
77,78,175.1963714755505,0.2999383726193206,0.0200736268024523,57.00764425674628,26.32528258201638,64.798616669859,0.520641389916668,2.867337165406431,0.0073724524777729,0.1621462266401426,0.8378427164067982,0.8731218542679596,0.9164484573894388,0.963199389426972,1.0181237611271887,0.4279577177286851,0.2936337021734804,0.6270828649255709,0.1025049204363493,0.5296277729892495,0.0642790791761936,0.1546299857587885,8.614165394433034,0.1480818945905796,8.767933149737106,0.7375751286463791,0.2624248713536209,0.153767755304072,0.0547096584968399,True,ok,10,ok
78,79,137.00655085465013,0.1747285831231715,0.029441448893544,69.24680605502905,52.47639600085076,33.10825707926577,0.4585921416801947,5.543706154179377,0.0460721218738955,0.2414028770775997,0.7585876811525358,0.8751181236890202,0.9216328150153762,0.9625049451892742,1.0394676403466665,0.4149340055576837,0.4482585947650239,0.7313376310486814,0.1750319128702519,0.550001149675514,0.1280074245164492,0.1575585992282833,12.532068685149572,0.1508946246014462,12.63049467131811,0.6767321712210004,0.3232678287789996,0.0984259861685379,0.0470170566691506,True,ok,10,ok
79,80,137.52614070916394,0.2163298619127375,0.0301044490888366,29.788530763804346,39.11798138063831,97.41130833181408,0.8207860052867432,2.2943534395699454,0.0308638992520962,0.2045231722389493,0.7954562657060271,0.8490453134900274,0.8998762708633625,0.949991415680362,1.0284212012624454,0.5095242750099296,0.3449468579563311,0.668375453710885,0.1522156896782456,0.5919561628776446,0.1017372306506126,0.1931987234072503,4.662097820597818,0.1956471113989074,4.684647383279306,0.3072595285932896,0.6927404714067104,0.0225495626814876,0.0508397404419178,True,ok,10,ok
80,81,102.51029755869163,0.3429122840543976,0.0292022231873802,34.23397872808994,69.00589992796111,77.564629978072,0.449622497128521,3.314231766585749,0.0601434989402899,0.1769238541177847,0.823061755763007,0.864566134644047,0.917244969593202,0.9560986514051124,1.0431487425865544,0.4616071002641145,0.2200567657070196,0.6276407710259874,0.0952055843242559,0.4428668077400427,0.0597549063512556,0.2117882391606277,0.2846585955809253,0.2048149148413394,0.2964827256380092,0.1748569111732626,0.8251430888267374,0.0118241300570838,0.0557976183642156,True,ok,10,ok
81,82,108.30652984157553,0.1280589507168193,0.0190930650286568,54.58209409594664,62.0621061369806,73.38811432499317,0.593748665040776,0.7015204509474906,0.0208204480052338,0.1685643000806592,0.8314231100268276,0.8707369570169691,0.9152109873576472,0.9586898594848086,1.020109585179605,0.433294721905626,0.2069893230531815,0.6636861996259144,0.062659313108381,0.3090364342645403,0.0415861213880716,0.1593233785545267,17.609500142194513,0.1565867747363696,17.77654459876758,0.7699818686182242,0.2300181313817758,0.1670444565730676,0.0499015045998081,True,ok,10,ok
82,83,157.87242680463856,0.1933423348098716,0.0121825708690685,48.09224696369397,34.32445459617621,95.81625820756652,0.0495970026285824,6.219472544433841,0.0923448333856013,0.1583780527030041,0.8416057775708847,0.8688530821817932,0.9288514290737708,0.9601375182646162,1.06390245277712,0.4625983357970323,0.1283327904912781,0.6377494428997427,0.0547572800150934,0.2909452284182459,0.034921424824331,0.237194724841287,0.6321953638683837,0.2577149718938379,0.6401447581907065,0.1297199163141013,0.8702800836858987,0.0079493943223228,0.0533318225347272,True,ok,10,ok
83,84,130.93481570714815,0.3158826927255164,0.0268150997826896,24.44878353209995,68.1415331147357,11.02093724331404,0.4822398357463691,9.02077953662549,0.002122242602012,0.2494412395035357,0.7505536408702116,0.8899133248937622,0.9255218141625076,0.9741555433138348,1.0243846180050382,0.3521866336600766,0.3903728108812596,0.7249620861237662,0.1574233055766446,0.4736675073974439,0.1141259280153434,0.1782251907977373,2.355780661445745,0.1731959908739097,2.3804088136242463,0.3290484941768629,0.6709515058231371,0.0246281521785006,0.0502184209386614,True,ok,10,ok
84,85,146.91962745086732,0.2304623356815651,0.0201570410597229,62.79052701798976,41.99536352137861,67.19992003070655,0.6421901393972419,8.853230365133168,0.0231670178877539,0.1599506608729228,0.8400370707157426,0.8490891574204551,0.9016504192342256,0.9575973166401288,1.0372807696564663,0.5166646141896747,0.2473744249445391,0.6204384503128072,0.085149724416342,0.4471593849337955,0.0528301630614378,0.160733397817106,10.828785267690684,0.1559468613742596,10.965649107402612,0.7201070457704083,0.2798929542295917,0.1368638397119289,0.0531965693839226,True,ok,10,ok
85,86,130.65649044573277,0.2000166411260203,0.0282576647064925,56.3532402250148,25.910101775484176,42.71173207399155,0.5919636630352338,2.091105654889771,0.0115671429134424,0.1795598255414025,0.8204320230059454,0.8779565476812429,0.9183911077851552,0.9630025764893668,1.0175727298199229,0.4019748244292054,0.2548296470485053,0.6671578815760321,0.1191662973449869,0.544461479387902,0.079502734491941,0.2324811159460269,0.6068485536175814,0.248534034980956,0.6147563260139666,0.1317120415776609,0.8682879584223391,0.0079077723963851,0.0521305680747288,True,ok,10,ok
86,87,164.06690727881028,0.302248840042714,0.0285264738887789,48.46192078122223,39.16072845461758,65.89833116764471,0.7129501555892287,2.1589101707376592,0.0044734623268546,0.1693100780928705,0.8306782776198572,0.8654250119684416,0.9086955859120018,0.9587367312999208,1.0154382765730878,0.4495272926676709,0.3117322754127587,0.6290654102608252,0.142442327384655,0.6988102029012051,0.0896055411147348,0.1978383592516607,1.0951180013976227,0.1983917864163909,1.1129158673785509,0.243632286462062,0.756367713537938,0.017797865980928,0.0552542989820253,True,ok,10,ok
87,88,101.57151034747336,0.3460463020834527,0.0216665356547943,31.954027509618893,29.12089270655397,90.44407066866766,0.8388643052931181,9.751989203921186,0.0266442590926643,0.1913500899354933,0.8086305750691687,0.8314030831190702,0.8885922594757315,0.9505701629592188,1.0412785312173627,0.5791339350032612,0.2353075115081111,0.6183128189020064,0.0756991908654939,0.3198665631354636,0.0468057800926445,0.1521074623816873,7.259199240872434,0.1453967790983482,7.427511764186171,0.7579922452196242,0.2420077547803758,0.168312523313737,0.0537379321826373,True,ok,10,ok
88,89,159.62838638930234,0.2594400332011989,0.0268257315111669,35.87664929961558,34.81758703380365,27.2025328628978,0.9877735477698169,5.549325801415751,0.0515247964959965,0.1953929644356765,0.804600442855131,0.8511228385691278,0.8996650734869858,0.9494874261862168,1.041520616284085,0.4826749074595641,0.3448040788386509,0.6549059936607008,0.1503981768303523,0.6192974101399257,0.0984966674418396,0.1871631419594599,3.670850692708964,0.1882624654140313,3.696653164219038,0.3297832656772046,0.6702167343227954,0.0258024715100743,0.0524382222895016,True,ok,10,ok
89,90,134.1052185186109,0.1745740685246211,0.0262840188263717,62.7780968133844,38.34423833205118,44.64436418171797,0.071062109166818,8.346552857473839,0.0496968634452629,0.2466610982472769,0.7533258127321417,0.8818936038420672,0.9320266625917786,0.9700712993043158,1.0473357416452058,0.4087399349685333,0.4422784879837956,0.7394208814848472,0.1562854160055735,0.4772847914676004,0.1155607000660672,0.1457242215516922,13.90196979353863,0.1419675105272167,14.01635111741832,0.7106154615616653,0.2893845384383346,0.1143813238796912,0.0465796037482049,True,ok,10,ok
90,91,177.3100333600399,0.2704246508063696,0.0170630527528533,68.33054842206671,48.77485130622631,1.2821693768107478,0.2927077021975344,2.2390771333934136,0.0075278242420203,0.1926067357336589,0.8073925296702682,0.9443347378074348,0.9604240942312636,0.9870834429922268,1.0096535515023088,0.13263651021602,0.3298130368594001,0.7174147857686094,0.104741905797639,0.4390682881596748,0.075143391908809,0.1526929381051643,10.124428409119414,0.1465800360057536,10.263888197589608,0.727808588611884,0.272191411388116,0.1394597884701933,0.0521562361993953,True,ok,10,ok
91,92,94.87169734202747,0.2107167111024071,0.0308888905550234,21.872934886544822,69.61075237099826,8.103224525196739,0.8986431920709751,2.381885486892773,0.0913187295320547,0.2117598854857927,0.78823770386449,0.8771302291590508,0.9194528660756393,0.9518720207401798,1.0506428352745052,0.3717719588409277,0.2693954528484892,0.7004271547478073,0.1115436668485059,0.4151963094555264,0.0781282132008363,0.2118848971718041,3.1135485660792988,0.2122436442848946,3.12940347809092,0.2396721479250358,0.7603278520749642,0.0158549120116212,0.0502975890148239,True,ok,10,ok
92,93,152.12555903916308,0.3126844253485071,0.0165335701994448,52.715277077306745,72.08523768242313,11.44122849770809,0.4744645786864683,0.8603951710976138,0.0596649794641507,0.2383616929227576,0.761635261708311,0.901475927810381,0.9377771902230024,0.9655323547357378,1.0340325446520542,0.3007941025307108,0.3506173421427026,0.7236865856576141,0.1077626196154626,0.3443286602767527,0.0779863622510344,0.1444394931685576,8.6310664556886,0.1365640978684833,8.783928535357527,0.7534974327021366,0.2465025672978633,0.1528620796689263,0.0500079939831412,True,ok,10,ok
93,94,155.41524383957267,0.1879934503940518,0.0254910648013045,57.17552867077779,28.4191184510945,48.79868764601149,0.6344027221637261,5.1047304407646745,0.0359047245820564,0.1771015751045332,0.8228887656347038,0.8623899831866797,0.9106897122637838,0.9575847401598752,1.0348343801829438,0.4605328384053569,0.3427763500735894,0.6556526921977005,0.1261203015292002,0.5859762629895363,0.0826911152384058,0.1585481511831346,12.559969561936732,0.1553193986204968,12.670009632687186,0.6822144017832561,0.3177855982167439,0.1100400707504538,0.0512582988864484,True,ok,10,ok
94,95,121.51871923795602,0.1268762165377937,0.031068703194798,46.24659040430096,40.42460463617756,23.65303208734355,0.382839667785295,5.891759614740359,0.0810576926896923,0.1635131749970473,0.8364819312944701,0.8784151865104283,0.92768501337505,0.9609094865394132,1.0552038280848426,0.3999245427350537,0.3134252541516256,0.66488404285671,0.1109658535911492,0.5676493873396935,0.073779425354729,0.1616177686411217,17.239352293947565,0.1581001675052679,17.371859270243345,0.724317129558404,0.275682870441596,0.1325069762957793,0.0504335767967109,True,ok,10,ok
95,96,145.30277763120046,0.2966466859806517,0.0276471390504922,25.41082950257082,54.361652898979855,12.529798176236955,0.9161199796573906,8.744384859033673,0.0331372462832361,0.2164132010256115,0.783581996593315,0.8622083630436911,0.9052588486299714,0.9580157607900268,1.038044791655945,0.4389796075453063,0.3639413088004403,0.6773342066352311,0.1562697072962995,0.5658038024691661,0.1058468182126588,0.1849880379940537,2.47324299376427,0.1821599228315768,2.49731769683176,0.3166090863163968,0.6833909136836032,0.0240747030674899,0.051964501453101,True,ok,10,ok
96,97,108.5033229384244,0.3000897475762579,0.0290251454735308,36.86736069840768,33.39090691914077,78.6000056601568,0.3783363325145815,0.00844084346173,0.0685736129087796,0.1683246715290351,0.8316620319964431,0.8749034522887583,0.9252838735613468,0.9565453663006492,1.040359080875942,0.4230642330685627,0.2767557531195668,0.6343263813321822,0.0952920837513461,0.4707839172927712,0.0604462826555946,0.1579639291439772,8.335288886260582,0.1503895600408351,8.47077406290141,0.7133709520592432,0.2866290479407568,0.1354851766408297,0.0544372981245544,True,ok,10,ok
97,98,121.7338324516542,0.2200867193054221,0.0231868182874178,26.58816554166533,30.90364010898537,57.41528012980876,0.4421295351364951,0.9879590848437922,0.0787339092267196,0.1536479391712525,0.8463430188270293,0.8731048278477365,0.9239610821857238,0.9551027029565418,1.0462197662341268,0.424041587666803,0.2303834960824933,0.6336439257118036,0.0779582442007405,0.4293941950156947,0.0493977678969566,0.1650176252927917,11.211765830023708,0.1600583831940162,11.396365745446198,0.7768491828102518,0.2231508171897481,0.1845999154224899,0.0530265370566125,True,ok,10,ok
98,99,154.3441177028377,0.3360453550827607,0.0240176911514394,47.49027064195829,70.47575404799093,49.94360477697765,0.9291060637995772,5.322969982703494,0.0406360492199269,0.1857156181696238,0.8142739448282592,0.8460054989238752,0.8968790665351148,0.9493843267887722,1.0374492078076738,0.5110102332724266,0.3250853902968168,0.6264978875844993,0.1237517850532299,0.5425617536626854,0.0775302319206596,0.1609616666228928,6.357740458584207,0.1482369360629647,6.498784905288107,0.7227914186613476,0.2772085813386524,0.1410444467039006,0.0540940719092883,True,ok,10,ok
99,100,153.1009673877599,0.1709385472019499,0.0147552763633341,45.52612744687269,73.62383508304522,89.2847368006326,0.4159635455082343,7.221540977801983,0.0108083518868285,0.167840797126288,0.832142933790633,0.8614707984453132,0.9115428745188194,0.9635871838755992,1.0290638301861452,0.4815087633990576,0.1984685609262565,0.646949728335394,0.0681588431623195,0.337894024920728,0.0440953450675173,0.1780826405122818,11.244086936912506,0.1788973856690902,11.291882612126654,0.4795445467518369,0.5204554532481631,0.0477956752141487,0.0518732200696983,True,ok,10,ok
0,1,163.7555160361992,0.2005338761250649,0.0120961730521197,34.6514512801901,45.6037340895914,75.65169219160256,0.2153873866866932,6.832987881501646,0.0093548076046736,0.1986055237257488,0.8013780502256058,0.8755265932388718,0.922747765824281,0.9697063608851508,1.027277932507899,0.4343956569180877,0.2416477548562877,0.6818208490869428,0.0707177557137863,0.2853242416289619,0.0482168402462968,0.1513167340464676,13.119893236324302,0.1488241128555326,13.285665181086507,0.7688774954277381,0.2311225045722619,0.1657719447622065,0.0498306001789548,True,ok,10,ok
1,2,162.4346014716993,0.1744105024738301,0.0246088539240492,33.503656035201416,31.009730877199782,10.738535247337715,0.881679390479793,1.99252453069416,0.0645266294888997,0.1618196553366728,0.8381781418245801,0.8785634131099159,0.9183212153483544,0.9549376734346626,1.0383585712833965,0.3712193319434658,0.3242081885037985,0.6576510115915672,0.1162691289208878,0.6022316362529274,0.0764645102516922,0.1593855174868772,13.921034410909058,0.1559877081920442,14.050295624118238,0.7140904039529983,0.2859095960470017,0.1292612132091798,0.0517539810766236,True,ok,10,ok
2,3,174.86338034377218,0.1652645835059092,0.0293387555115309,51.91464249926014,25.07128122553324,95.31398648530704,0.5837469460858582,7.742800106731186,0.0520523370101932,0.2077518827536198,0.792226583498639,0.8444713031441196,0.9025804067285974,0.95285581994219,1.0488062142097032,0.537413393443171,0.4447627291138183,0.6764952761094692,0.1915966177278159,0.7305454972455925,0.1296142068114193,0.1618090585095604,12.166265450433404,0.1590652943942941,12.25072827717017,0.6330121331115295,0.3669878668884705,0.0844628267367671,0.0489672014075524,True,ok,10,ok
3,4,116.40908956900115,0.1787417374568456,0.013786708914136,60.7464976374828,54.84957840558614,43.3590029334485,0.7574143136968853,7.531319325469628,0.093623192008506,0.2299053023016561,0.7700828229965525,0.8435202737444345,0.9026421830765644,0.9464782779013736,1.0654102292367382,0.5233373326824811,0.241537221558548,0.6974065986312848,0.0663248408672364,0.2221479115023784,0.0462553816739805,0.145248773981666,14.205659458348167,0.1427645782310221,14.388711682766983,0.7950461651405277,0.2049538348594722,0.1830522244188155,0.0471887759719734,True,ok,10,ok
4,5,139.92257837187742,0.2123835084716094,0.0114157123800788,30.44951673944973,46.20070177815067,73.99721408572087,0.0723142747715629,9.894780508163452,0.0436885010993417,0.2186030782866537,0.7813785653156792,0.8702539606075947,0.9248061310626186,0.9682513369600232,1.0488043989133455,0.4590646309280525,0.2291792777009144,0.6953090429016421,0.0627683708761655,0.2243414953947248,0.0436434158784019,0.1467901011316214,12.705503982924256,0.1442198333501869,12.886815514853806,0.7881472689215021,0.2118527310784979,0.1813115319295495,0.0487362511169559,True,ok,10,ok
5,6,111.0215452671423,0.3192640965899397,0.0297429911162494,22.32846564032079,51.95830258700901,81.11075820599542,0.1446516652781203,2.317961583184181,0.0808105264613927,0.1802554188396503,0.8197295153481736,0.8784400313482875,0.9320326000536,0.960383722379889,1.0505520228815748,0.4195803271195435,0.3100057856513902,0.6442288440845453,0.1069975503626766,0.4865413784826707,0.0689309081900251,0.1534227102922433,8.219879091761207,0.1429921992854135,8.383399132338967,0.7519949282940671,0.2480050717059329,0.16352004057776,0.0539282884272138,True,ok,10,ok
6,7,142.3276012433137,0.2516509888357539,0.0115873762875269,68.596234647766,37.12476918837503,66.77636283281062,0.748892074280043,3.00691052308272,0.097190332670829,0.1791499100434666,0.820837453234146,0.8473743539843419,0.9056790568202788,0.9438600182132104,1.0588851227597045,0.5107459031165443,0.1803252915411576,0.6358632828806315,0.0531103015155821,0.2433261048332936,0.0337708906764782,0.1535067251690525,10.769204477119349,0.1501799121907491,10.963411173177146,0.7885566649320864,0.2114433350679135,0.194206696057798,0.0520745221404197,True,ok,10,ok
7,8,171.81921628283823,0.146639574706671,0.0212625981297775,58.42525696473323,55.76672762544176,85.40030963102761,0.7025589168903073,9.35476689595584,0.0728290811436514,0.2046625617061405,0.7953178998245589,0.8332671700682948,0.8958750457658916,0.947357413445022,1.0611443208910238,0.5735055675213474,0.3699451910809015,0.6693799250626252,0.1344080339716064,0.522259226411202,0.0899700397077286,0.1532282552744422,15.205355356069756,0.1494463896101734,15.337578439754571,0.7322313201851991,0.2677686798148009,0.1322230836848168,0.0483524804024642,True,ok,10,ok
8,9,125.05889120945056,0.2003728918907869,0.0288833844818153,22.9979420814362,27.58297942173581,30.332572282195848,0.0044138125495364,0.7655632317335799,0.0750792838243548,0.2369945710952878,0.7629980575401063,0.9068926831084472,0.950065694181433,0.9699681291091432,1.042780657385813,0.3070922081604567,0.4392578936079671,0.7439199075883469,0.153876344325042,0.4953856099354449,0.1144716758503179,0.1461307572899791,12.66676946091355,0.1422707455781522,12.7805882493281,0.7042534440950448,0.2957465559049552,0.1138187884145515,0.047797444163206,True,ok,10,ok
9,10,176.08742568108767,0.3293810567558527,0.017046187079573,48.96201995590492,55.413392597087565,35.54066512709636,0.8410393584845338,1.8487534340852507,0.0204507447320504,0.1867873732256351,0.81320548553454,0.8678822544650038,0.9092934399144594,0.9564138161044076,1.0206973772870618,0.427765045610959,0.2410028577065502,0.6447059142108538,0.1007806169030775,0.4387460238629862,0.0649738597552324,0.2046240212555639,0.3129755375662348,0.2067604869072109,0.3244933557016816,0.1736598550849143,0.8263401449150856,0.0115178181354467,0.0548061928446087,True,ok,10,ok
10,11,153.5954268588187,0.3216523954306192,0.0158256481819378,26.016715235529105,69.55635769851251,3.3533973581313794,0.8616712872226082,0.1035658965584315,0.0377609778079181,0.1563071870869802,0.8436921378764872,0.9054953351301648,0.9317267962385768,0.9648259339307091,1.0203868266936953,0.2607207619984647,0.215759423728127,0.6456132835774553,0.0682932710240831,0.3686218661691986,0.0440910429521033,0.1602617597679363,8.294982405731183,0.1520912457381273,8.456648658564003,0.7439920939911515,0.2560079060088485,0.1616662528328196,0.0556294068099592,True,ok,10,ok
11,12,118.76430818494106,0.1392061052686684,0.0232587049157171,31.213094547461395,62.64995202978278,87.1476404771701,0.0414048231975275,5.160819534375372,0.0612403577066239,0.202668710041311,0.7973125718020911,0.8782009858606944,0.931722676505331,0.9655161162367254,1.047584883847669,0.4281170310594949,0.3114205270268604,0.6986504408645388,0.1006365137757159,0.3958743683765409,0.0703097447164741,0.1554613224245491,16.43949419445232,0.1514807629468676,16.572493865300753,0.7334256253231246,0.2665743746768754,0.1329996708484341,0.0483406944951391,True,ok,10,ok
12,13,177.36618736650695,0.2623124994699602,0.0181668119605094,32.30168631056209,70.85438407474334,92.02456023866846,0.9136527999478516,4.763440401339728,0.0007908501877109,0.1746973965673433,0.8252855335404037,0.8437160005406568,0.8925425147519619,0.952485636557383,1.0197045297534548,0.5288395719201262,0.242035959490209,0.6263435020617119,0.1011895622773582,0.4779814950933197,0.0633794248088922,0.1984801143372158,3.02513016830623,0.1997161575873121,3.0482302979595968,0.3001224668531673,0.6998775331468327,0.0231001296533665,0.053868882015687,True,ok,10,ok
13,14,128.44827945820046,0.1676273065385806,0.0179756660580439,53.83285396200322,29.628455260002823,23.360058132607648,0.5345140319887003,5.708999170795331,0.0796568966113421,0.2174620739875216,0.7825314881678752,0.8717057218805525,0.9212503762473214,0.9573925071769178,1.0541820448293602,0.4192410502552168,0.3008981541115319,0.7071594897538219,0.0902541051598945,0.3247673818568848,0.0638240469530588,0.1482877459607706,14.776893325329931,0.1466842453469531,14.929206494807769,0.7605312690877399,0.23946873091226,0.1523131694778335,0.0479588977844813,True,ok,10,ok
14,15,162.16012031776808,0.34450215151385,0.0270964886411158,36.56463711995728,73.51143543454425,31.40133310349681,0.0860390264513952,5.969529850338891,0.0221242212304005,0.2447000441377134,0.7552907898133869,0.8971633483666759,0.9382595626277336,0.9756890653727966,1.0294314895669014,0.3474418240253166,0.4501012035692299,0.7177612843345347,0.1932701074606392,0.5965248794679409,0.1387218005544219,0.1694795538396131,2.451292726358293,0.1605179274858056,2.480531291866836,0.363708747248155,0.636291252751845,0.0292385655085424,0.0511514876033593,True,ok,10,ok
15,16,109.8500043218804,0.2568784937921334,0.0256610795576718,55.172656101924495,33.60083825101157,36.85476853965853,0.7820178954427743,5.430596906360776,0.0509596198469953,0.1522695309395278,0.8477239109277703,0.856689945094479,0.9062321415946666,0.9531216331086216,1.0416666133551735,0.4726641346991573,0.2277954868359047,0.6150839462366976,0.0771549892518655,0.4295233062175454,0.0474567952608874,0.1608739136572989,10.021220034046344,0.1551151985109746,10.17698683482218,0.7417514853082638,0.2582485146917361,0.155766800775834,0.0542318360467117,True,ok,10,ok
16,17,103.46047877047594,0.2964829033875485,0.0267785826406692,44.04058497965744,48.51417765809602,20.221457912702604,0.2446085694237466,4.184686023759124,0.0382445221048659,0.1750675118875931,0.8249281724601154,0.8986145920913452,0.9379275056802266,0.9715991743041952,1.0321989802525005,0.3293454707263226,0.2324301613991545,0.659355091807538,0.0871837680346629,0.4108047962007843,0.0574850613766223,0.1898368052459399,3.208564558466229,0.1886751913736584,3.2369945184263123,0.3421565775097439,0.6578434224902561,0.0284299599600832,0.0546605366979085,True,ok,10,ok
17,18,123.47308373345996,0.2636134440491691,0.0301553147032159,54.25585250218954,72.63635330672437,61.67098810403454,0.9619818139181266,1.3468363827414405,0.0322769367393529,0.1609000484900693,0.8390896564973216,0.8519645972127625,0.8993437434488114,0.9486940139462768,1.0261842543761386,0.4877127070129486,0.2229514413620148,0.6193651261394215,0.1076905069161575,0.561567320591774,0.0666997444001441,0.2324673925901981,0.4152947703880727,0.2304413061186716,0.4253058214184043,0.1542430289298708,0.8457569710701291,0.0100110510303316,0.0548933475657522,True,ok,10,ok
18,19,102.19623338903168,0.217419968381543,0.0302635259979753,21.360682327061188,36.4507204870488,17.39808244262071,0.6081236273173919,2.582078919081556,0.0038852428473105,0.2309802253648287,0.7690150190505552,0.8920740079064252,0.9253652907029613,0.9684385519515608,1.013222745494816,0.3398399478497878,0.3301750962162355,0.726574332027246,0.1284089980481278,0.4275102548847391,0.0932986819831064,0.18927466486315,4.648750420292064,0.1942037859181872,4.668829532832436,0.2898086446712731,0.7101913553287269,0.0200791125403717,0.0492049233556149,True,ok,10,ok
19,20,134.26819987959294,0.2367859969410068,0.0315807140279191,42.22796359522852,66.06522344256854,15.446076484630623,0.4627015751279825,3.3646000256235133,0.0239409055944401,0.239447926888918,0.7605474580517075,0.8963246677076848,0.9318291191624168,0.9696733192724184,1.0235698097728316,0.3273737664656765,0.4495663193513067,0.734179732704837,0.1825037794103284,0.5796672041398836,0.1339905759850975,0.1640534949729686,8.059286780133395,0.1571879089614682,8.102232382197018,0.4673209607764969,0.5326790392235031,0.0429456020636235,0.0489518424513099,True,ok,10,ok
20,21,132.48070636973088,0.1702279572255094,0.0199091361477872,69.34853998495305,29.369561394518517,69.73953252328741,0.4843249966396449,6.350517778922091,0.0317160402349638,0.1876807853249853,0.8123048420355469,0.8613230792332769,0.9121519276034754,0.9600635407824546,1.0362016249701016,0.4750049431309852,0.2773970673509512,0.6675814403313406,0.08898471628082,0.3851069824388267,0.0594045450622255,0.154745321875875,14.250131503383631,0.1528485402330706,14.393186545856762,0.7412968721099544,0.2587031278900455,0.1430550424731315,0.0499243802862735,True,ok,10,ok
21,22,115.64840837075369,0.2119258279730263,0.0248086126808151,47.84390968750045,70.06050548384852,85.06118471817052,0.8938705965767642,6.472446237556346,0.0048048790775034,0.245453533993396,0.754523777252645,0.8411791898846388,0.8916278478302699,0.952799555464266,1.0247602671638651,0.5390687600364836,0.3774454185550219,0.7044341500296941,0.1265927605117648,0.3891099788205678,0.0891762636510177,0.1470864097506415,11.840509723912742,0.1403160457414378,11.972424910541532,0.7359302563231751,0.2640697436768249,0.1319151866287897,0.0473343896664682,True,ok,10,ok
22,23,135.92726582282742,0.2152187001904265,0.0263413723174251,61.01049807029936,39.9644188721274,6.593847008170593,0.236911595025582,2.8682494403494285,0.0661186817059945,0.176687127112732,0.8233111591807797,0.9159234526914716,0.9502689243568064,0.9731773635870624,1.039882723360956,0.251027194449914,0.3314878770108134,0.6898233732346454,0.1137133355601095,0.5298662761056644,0.0784421167178379,0.1581943401721951,11.957769853684766,0.152726797094617,12.079243890822926,0.7005474447387062,0.2994525552612938,0.1214740371381598,0.0519246927415385,True,ok,10,ok
23,24,144.67078736908536,0.3339095537705581,0.0214495102376753,51.19342765586483,60.78165021145737,65.33539329274227,0.0184132091036471,2.6902225551294494,0.0558654474935987,0.2340645910768356,0.7659194811415375,0.8912612630830489,0.93923517634832,0.9684371329765236,1.0396089843511165,0.3757150060694769,0.3935487126889991,0.7041458204760974,0.130563203142654,0.427207275918867,0.0919355338008715,0.1416709571788698,8.089696827947044,0.1319885256205554,8.261873369231843,0.7727394144477692,0.2272605855522308,0.1721765412847985,0.050636658178882,True,ok,10,ok
24,25,143.36836785904552,0.1720910678256378,0.0159887161685382,52.84945172002446,58.62880843840804,90.50152766556376,0.4107766830574706,2.164133841611484,0.0491208812560998,0.2319195863790454,0.7680588253625497,0.8683947210665065,0.9192318608816474,0.9578974576138432,1.0362186614969902,0.4503281852010564,0.248971009545224,0.7163877847565242,0.0955657089181736,0.3164599224409559,0.0684621065105772,0.2065181276766545,4.264043210037634,0.2179823318040281,4.277887729617694,0.2233462672941163,0.7766537327058836,0.0138445195800595,0.0481422767420307,True,ok,10,ok
25,26,120.72331304366097,0.3387405340161081,0.0319451265124662,49.596718574898176,51.28504501380132,59.25620662743504,0.3957929229797824,6.14526254867455,0.0566239895258653,0.1850185165313655,0.8149693089557595,0.8653070369219464,0.9180077334456176,0.95940952783147,1.0466521406500506,0.4599622680088251,0.3445430293534144,0.6369090068814631,0.128261651619355,0.5649295746334176,0.0816910011538596,0.1554085602773054,6.851666230066044,0.1436053276587354,6.97123302641285,0.6873628924372187,0.3126371075627813,0.1195667963468062,0.0543832345064042,True,ok,10,ok
26,27,178.71717948271026,0.3112255932848471,0.014553550642442,66.43865568602814,52.07829276726261,33.549251229562906,0.9783211908720696,3.147770433519846,0.0460608526375149,0.2327352563235067,0.7672559749655529,0.8549005175905338,0.9017136520118568,0.9494438208055598,1.034698533164726,0.4699026106629232,0.3401100911688959,0.6853303083645238,0.1088105744960235,0.3587012100918691,0.0745711845726808,0.1446848343134196,8.274743510190792,0.1382810843468891,8.423167766439773,0.7467923069118613,0.2532076930881387,0.1484242562489819,0.0503247866579362,True,ok,10,ok
27,28,151.55482097880446,0.1437124985204183,0.0188514546944837,27.690765408589733,63.0740920816588,50.281601952083975,0.7647530894216619,3.666888715273045,0.0838223420737199,0.2256518741703881,0.7743357790080815,0.8517707781239496,0.9066945936061444,0.9469793857328608,1.053585205651936,0.4918911216903938,0.2758787616248327,0.7055844481212907,0.115886976223902,0.3976502416589992,0.081768048163387,0.2146231915311834,5.109792291692848,0.2258249198929281,5.122629575997416,0.2114257920479328,0.7885742079520671,0.0128372843045676,0.0478803990973573,True,ok,10,ok
28,29,170.20479645012193,0.2237058746503123,0.0203476861720741,33.30676956183236,32.72713790251816,26.76177127726915,0.8702261705362255,2.2637779885529925,0.0711759065974593,0.1902642904344312,0.8097300212970132,0.8625394581615001,0.9100366165207788,0.9495637715123856,1.0437583892397988,0.4408182940489502,0.3418005644494791,0.6644615472508613,0.1184443623573634,0.5040624732704273,0.0787017242751153,0.1515545492973881,11.5381598510257,0.1470702187797684,11.68673373785965,0.7443617566945829,0.255638243305417,0.1485738868339484,0.0510251461600443,True,ok,10,ok
29,30,173.74731382335864,0.2815436739383098,0.0310082756442556,62.64044382329032,64.05372401481415,43.63778524082308,0.9834339922979308,0.6689918001197259,0.0397494692387306,0.2422693921605853,0.7577196349105505,0.8573475671917199,0.9027037014110716,0.9488749068982189,1.0274559739210776,0.4621552721845785,0.5336838936347111,0.7019182008310663,0.2346233512852879,0.7337727100243664,0.1646864006071245,0.143897767982844,8.483059698728756,0.1317040804594828,8.58465808430515,0.6730368570710448,0.3269631429289552,0.1015983855763955,0.0493567731329453,True,ok,10,ok
30,31,93.50704748449904,0.1484109761344514,0.0314493134338141,20.51695463256611,44.84115233670673,67.62994427694754,0.5506158775523586,7.629672302348726,0.0138520278288633,0.1664814061714619,0.8335059718775635,0.8580150583636326,0.9075453104655624,0.9612498730029402,1.0306555274812546,0.4865120809456709,0.236120431949488,0.6480910097090157,0.0880058360639488,0.4405767026396678,0.0570357911549707,0.1845180239217867,11.666357862996136,0.1855199706382742,11.704982302933358,0.4288333015092475,0.5711666984907524,0.0386244399372218,0.0514442179801692,True,ok,10,ok
31,32,158.34787401535647,0.2208258046342604,0.0250105075730575,66.64224296734623,59.91339022296441,11.495687603568816,0.9527557056791148,1.5097511680429168,0.058259034477788,0.1770804262879088,0.8229171019545616,0.8760731610994538,0.915237467447167,0.9537623082723492,1.0347080454166924,0.3786595995672559,0.2432484743188456,0.6628127100866117,0.1260574921026889,0.585798330757988,0.0835525079673048,0.2599337490432356,0.7054916181922124,0.2739483045625532,0.7108172549370187,0.091592447140984,0.908407552859016,0.0053256367448063,0.052819296719072,True,ok,10,ok
32,33,148.4458084784029,0.2917601360876126,0.0130739551809122,59.0979141776473,71.3782840690666,61.03018351784284,0.2018946751905969,9.711423004227042,0.0449972915887199,0.240148970269355,0.7598339915131344,0.8673275884741048,0.9211009964439946,0.9658438123452115,1.0486153180380642,0.4629262556292375,0.2902749059118196,0.7009654755336503,0.0837806587480092,0.2650641227256817,0.0587273492998207,0.1435889656959409,9.355275210575012,0.137609202441493,9.52910821609743,0.7793210883050533,0.2206789116949467,0.1738330055224175,0.0492239707753588,True,ok,10,ok
33,34,122.31842187152478,0.2043487800876176,0.0196409812349385,29.35698338963132,61.06914627181386,63.404414781010495,0.2893638581935415,5.244036749332882,0.0081603827683686,0.2083780634254279,0.7916075704557358,0.8789970352080417,0.9234997210483386,0.9689791515693768,1.0231853235686437,0.4158028614539544,0.2683241412087661,0.6940047478721006,0.0899900073478144,0.3418395343712138,0.0624534923604284,0.1703004152048149,9.589217345308564,0.1696995793566265,9.635076968238977,0.4776520143914461,0.5223479856085538,0.0458596229304098,0.0501509068039563,True,ok,10,ok
34,35,144.8937468733035,0.1537588597205945,0.0118359992525625,50.55997701715502,45.34173265721448,54.39186806530849,0.7236938584501785,7.39568658564407,0.0850415320410056,0.2245412719776783,0.7754446907895834,0.8429823771000526,0.9021972869059888,0.9474053350741016,1.0617584980531378,0.5294769518633712,0.2478330301115232,0.6957870557506153,0.0692205744767379,0.2390356619049891,0.0481627797125357,0.1461728166801758,15.557491479163373,0.1450124705706084,15.729010044816109,0.7848384436702341,0.2151615563297658,0.1715185656527376,0.0470213988916147,True,ok,10,ok
35,36,131.57953521860873,0.1892204250659155,0.0228545734654799,20.34030350388371,41.35237497255624,82.48506876492804,0.8007431513456265,3.906995173327583,0.0621675508422261,0.2117223495604738,0.7882591881637667,0.8441715912299985,0.8999630856927301,0.9466879665140668,1.0453767170560404,0.5258217089196523,0.2503194210001527,0.677241654587743,0.1144519882840971,0.4260767236423394,0.0775116539163789,0.2321393256467754,0.6862421911411563,0.2484198475544891,0.6936335764921484,0.1291230750576161,0.8708769249423839,0.0073913853509921,0.0498515617186468,True,ok,10,ok
36,37,98.9967279151615,0.246902029240718,0.0191610084622453,59.56079294741258,61.61405611231944,53.30851380609311,0.6954210989523626,5.076609281194868,0.0762526564938301,0.2004336994188337,0.799554458149474,0.8518544236284129,0.907140768017716,0.949537480381208,1.053122551452977,0.4961528972944372,0.2291883231034386,0.6610089065930014,0.0683428214053899,0.2726117379948575,0.0451752136506575,0.1519343643546269,10.92853705106419,0.1462396322163862,11.112015216208514,0.7836062484757753,0.2163937515242247,0.183478165144324,0.0506677027596327,True,ok,10,ok
37,38,157.24671179955317,0.2242619678227796,0.0275961622468162,43.049661238687015,37.08005401261868,48.27337636683913,0.259161050109984,5.822616136916744,0.0477999929463199,0.2467844514734272,0.7532021337906583,0.877756888118244,0.926602160987916,0.9652389372765472,1.0416000441111797,0.4165688407613985,0.4689695131630582,0.728288326107843,0.1924992147149399,0.5874881395989583,0.1401949308618178,0.1587475950952433,8.416693050998983,0.156738828000814,8.459228504431296,0.4688051182310919,0.5311948817689081,0.042535453432313,0.048196178493569,True,ok,10,ok
38,39,118.38260589638436,0.3349668478333655,0.0160423346352288,34.82525994943224,28.45734186541573,15.284446294219547,0.1982787524733624,8.242469714742116,0.0368062995761774,0.210841009721218,0.7891539879160806,0.8955925279836218,0.936507643033782,0.974407581511293,1.0390935761349425,0.3421727261727628,0.2004367051401634,0.6857301545450495,0.0719744172986752,0.2693856899535714,0.0493550282975104,0.196882447333497,0.2902680552941632,0.2033371795801334,0.3014512286932658,0.1731759389862988,0.8268240610137012,0.0111831733991025,0.0533937734017307,True,ok,10,ok
39,40,101.97728898197158,0.1853422047021152,0.0260253090802922,37.322837939997385,66.0265792914409,88.85838359628814,0.9786564646022156,1.076863019508256,0.0455121313715634,0.1590008468377616,0.8409846964603441,0.8435743325441032,0.8954848643922925,0.9443399352506848,1.0323809185276305,0.5214588335705503,0.2244605943407184,0.625516460056604,0.0758569855041728,0.4011850589758747,0.0474497930431353,0.1639449650546233,13.149866698684082,0.1578438610685234,13.293486808435585,0.733944974867981,0.2660550251320189,0.1436201097515,0.0520622842553992,True,ok,10,ok
40,41,95.95076322783014,0.2703512181124705,0.0265131567278658,35.81978597107724,57.89188599014663,81.31055121118878,0.98210165685732,6.123519316981295,0.0817897963122815,0.2311060629976494,0.7688735016820788,0.8268646200741727,0.8886153174601367,0.9392874174618292,1.0586090756424476,0.5839273432330897,0.3234827944722216,0.6700061373874769,0.1056858663059131,0.3515783032076109,0.0708101790600741,0.1480891882945467,9.432287631457672,0.1404408846014269,9.578502437841111,0.7471924830764387,0.2528075169235613,0.1462148063834409,0.0494707896244661,True,ok,10,ok
41,42,72.66964507268715,0.3483695971685297,0.0242104593872031,23.435657575564257,46.76165121108996,38.20587844974019,0.2840017800208529,2.6626904110671497,0.0067474472683498,0.1615841927013647,0.838409157420071,0.8945344327315463,0.9324527770108724,0.9720138899250104,1.016311311486578,0.3508361735269958,0.1389677568776895,0.6327420562156042,0.051101084142848,0.2651364162437937,0.0323338050553922,0.2003374690722488,4.261926317771263,0.1958079668888901,4.318637195084716,0.4681575146309987,0.5318424853690012,0.0567108773134533,0.0644254401461794,True,ok,10,ok
42,43,127.8498965161261,0.2642916106094111,0.0269860784259843,42.25231749115604,44.770709632738544,29.361851882708656,0.4691174570564749,0.9056397595094297,0.0592216566713802,0.2288758101555819,0.7711171547618745,0.8862314866289464,0.929250777695148,0.960899661129522,1.0358566865984835,0.3678829996962837,0.3574736040355253,0.7109940319886543,0.1419419286397022,0.4782090857014051,0.1009198641517877,0.1813943067758045,3.793817194742029,0.1821428269873629,3.818096587855656,0.325140223696804,0.674859776303196,0.024279393113627,0.0503942133616757,True,ok,10,ok
43,44,151.95827210865696,0.1743174999198106,0.0175966109162956,54.08222125092946,68.86023518091079,22.885468869569703,0.6927219420243927,1.6061715373699823,0.0809434692022761,0.1571899996437242,0.8428060415266665,0.8742004546618087,0.9204770996079196,0.953350900127422,1.0465127165924148,0.4010951744612697,0.2313807305517587,0.64841755502256,0.0755520978514,0.4050776832493587,0.04898930656563,0.1627366502537143,14.118771214552511,0.1584171735817962,14.262225679102269,0.7341930099388507,0.2658069900611493,0.1434544645497546,0.0519362060338601,True,ok,10,ok
44,45,154.7915040086885,0.1258779082545847,0.0288091016438334,20.71264386083816,58.47290869298323,92.38209027967248,0.6632108892998337,9.948722116058835,0.0042854820067764,0.1960906607572553,0.803889140996366,0.8426842020724558,0.895997074754763,0.9582017098816786,1.0316559893690906,0.5451643337462784,0.3992527220758609,0.6706495828656146,0.1571939319486199,0.6443625588406384,0.1054220448903477,0.1586263611974554,16.422892922035963,0.1537272187034384,16.53419498510833,0.6963185762307177,0.3036814237692823,0.1113020630723661,0.0485415298917362,True,ok,10,ok
45,46,84.06669251732457,0.2211906918979559,0.0186022633135301,38.6322097286379,46.30176215691887,71.5409445506886,0.5101451955253521,3.7065102171875344,0.0716811264290411,0.1683459380150346,0.8316413075344913,0.8602114262769154,0.9147108368158636,0.9532870544476688,1.04895238600738,0.4743274985129759,0.1616831309493505,0.6386283183094889,0.047324124926141,0.2337669445821127,0.0302225263170496,0.1567018988817501,12.267835093404972,0.1527007486855219,12.468072064471258,0.7938636155164968,0.2061363844835032,0.2002369710662846,0.0519939753488727,True,ok,10,ok
46,47,145.35622033303196,0.339504620112589,0.0219006683805726,64.11531657171784,39.13549741315425,87.73416379714044,0.228848675261292,9.207736713613098,0.0891448456236167,0.1771471616889681,0.822835623115801,0.8544108687372374,0.9171526633022532,0.9566084222523868,1.068250107566869,0.5111579675526702,0.2883361096551939,0.6199125723078955,0.1013735583781233,0.4708270169349643,0.062842743338187,0.1551068690545771,6.989145929906755,0.1467202962102696,7.124668242518149,0.7120450859683111,0.2879549140316889,0.1355223126113943,0.0548059619347284,True,ok,10,ok
47,48,115.68528542837583,0.3428904233402425,0.0200948337202592,67.98069386078186,26.35717552002787,6.835091437244969,0.3406090091850032,7.794807408921888,0.0284939476453486,0.1637845394823426,0.836213008543215,0.9035237794815456,0.9379077625663624,0.9760592265641672,1.032872473682013,0.2994067841213184,0.1924018585852366,0.6443623699979433,0.0684383049027964,0.3494111487936153,0.0440990683458077,0.1851038544849572,2.418846116964893,0.1860691420780618,2.451044667044582,0.3628309977551803,0.6371690022448198,0.0321985500796887,0.0565440057628379,True,ok,10,ok
48,49,178.9488423159206,0.1837974804649068,0.0306122900522328,62.448929407927785,51.32336685152548,79.87389606546651,0.3083900214071942,9.113954893053188,0.0420044475106942,0.1690737316481124,0.8309111693549193,0.8593471415076394,0.914618377474292,0.9621933938811024,1.0466483865487644,0.4915469142965499,0.3866153890690958,0.6440653078728767,0.1664933657466297,0.8181569219834985,0.1072326008683945,0.1701298733119333,11.431565187521256,0.1621042946930462,11.526081664302302,0.6461227603560574,0.3538772396439426,0.0945164767810464,0.051766060501747,True,ok,10,ok
49,50,140.1499227333456,0.2930960959214414,0.014950218456517,32.71683573445564,25.829782065172303,63.8112374173977,0.6425566454436149,1.580244012260649,0.0752358164327748,0.2008650899340303,0.7991216452570441,0.8603264114781567,0.913040337199968,0.9500539071008388,1.0460553271385318,0.4661591053297004,0.2497585813560036,0.6588923534961938,0.0756538168093131,0.3009612590465193,0.0498477214084582,0.1497358970515047,9.069314952037942,0.1454387984780815,9.236551223907584,0.7632398433933621,0.2367601566066378,0.1672362718696428,0.0518773833165314,True,ok,10,ok
50,51,132.90185158867493,0.3165374714011645,0.010895486600659,26.80502469015123,67.44469956664236,27.16993566635599,0.11060752612967,7.6199720630527965,0.0219499700735765,0.2269523725260443,0.773039706442768,0.8942607949969842,0.9360428515264124,0.9758590653895144,1.032350731037698,0.3569313478336708,0.1154262500270146,0.7031969570186907,0.0590724313710201,0.201204070942033,0.0415395539837967,0.3183400572318042,3.0204108476873763,0.3169856518878614,3.0772972518714448,0.357639279781051,0.642360720218949,0.0568864041840682,0.1021744356065008,True,ok,10,ok
51,52,170.19039559022366,0.266154969394635,0.0245400521936958,29.129713738975383,28.880096335766684,57.327150498097005,0.9434117465663384,0.2210074160245037,0.0463707695715884,0.2202648456160871,0.7797222699937235,0.8548387389946726,0.9025685316985468,0.9474332972434748,1.030119178601915,0.4752683321237881,0.4323514847240493,0.6805223038062578,0.1653630300709162,0.585339413004943,0.1125332301882434,0.1477485871855731,8.998395173411343,0.1419291717865929,9.105104331520904,0.6792100208388555,0.3207899791611445,0.1067091581095612,0.0503985918287723,True,ok,10,ok
52,53,136.4376168440847,0.3078420260200717,0.0121807857384024,61.436675481983535,29.53291197026112,80.7188938855773,0.7868980036822034,0.0737801068074298,0.060382536840238,0.2391051059170784,0.7608753863992903,0.8550852907025157,0.9065444318689098,0.9474176761568092,1.036860699081762,0.4828986751919231,0.2581775993144553,0.690971206699417,0.0714317038806715,0.2272899659845152,0.049357250627023,0.1418183229242163,8.92269711076636,0.1375724321909562,9.111548577658,0.7922033402664759,0.2077966597335241,0.1888514668916374,0.0495361506461943,True,ok,10,ok
53,54,142.41391136576402,0.3020423133916695,0.0194681647790904,41.19446628067072,39.71349722014227,49.462800370745526,0.5505929614269944,5.260858603942423,0.0108005337031706,0.1891092433157534,0.8108803032344815,0.8697261376467198,0.9140977857392848,0.9633738497474124,1.0238784558388865,0.4379752433651785,0.234998286895219,0.651505573200293,0.0942478583180535,0.4041024453782738,0.0614030049564034,0.1998882826000109,0.7894686831646958,0.2050870214495137,0.8052407995326779,0.2261970011348299,0.77380299886517,0.0157721163679821,0.0539552287729944,True,ok,10,ok
54,55,173.17538777241995,0.2605408055074066,0.0311655691351363,21.99124835363292,54.58657876502262,24.36474835613146,0.8041347825171208,5.936183904110559,0.0622017023113477,0.1940536431722578,0.8059403205884038,0.8595744258836483,0.9083825914960854,0.9530513376267707,1.0468691488337671,0.4562934320647347,0.4341462772015518,0.6588834078410588,0.1882581731488038,0.7818463520138524,0.1240401866782159,0.1616703979610494,8.116723382594309,0.1501495106679553,8.215798125250362,0.6556845836383413,0.3443154163616587,0.0990747426560536,0.0520264805971999,True,ok,10,ok
55,56,131.75267213032373,0.312644103402524,0.0279544262143892,56.63428611693259,52.99011605238695,86.54617348004903,0.264346893965333,7.100433668800293,0.0960462216973424,0.1875196758960554,0.812462712298338,0.8571026518767026,0.9188476221442434,0.9547587737717564,1.0671119153512083,0.4978381703745993,0.2732577051539327,0.6375041622030158,0.1241523500355727,0.5378618635488569,0.0791476398949633,0.210497037646252,0.3375915437057166,0.2093049556153412,0.3486237925258381,0.1687293851392912,0.8312706148607087,0.0110322488201214,0.0543520279673154,True,ok,10,ok
56,57,165.36900689231493,0.2579304438422,0.0157041220449375,43.944866039829606,64.28477368396878,22.769166410530648,0.3823320236806838,2.528198809563835,0.0972933350104186,0.1652272155268364,0.8347685413793311,0.8850470124981936,0.9331091981337298,0.9586846088307014,1.055703634504103,0.3715617237130121,0.2388675594697125,0.6477373957653801,0.0771290205106871,0.3896647798621372,0.049959350883527,0.1591914898352257,10.220283154054798,0.1531026008344965,10.37034296139469,0.7371909294807691,0.2628090705192308,0.1500598073398909,0.0534964239414456,True,ok,10,ok
57,58,101.87614393530458,0.3273437972614944,0.0284461668304098,63.87150860184042,65.10237298045892,98.88951962442869,0.6757261287696981,3.519808759733845,0.0726544046951498,0.2222703581062531,0.7777067267795591,0.8467076548435069,0.9044204107514122,0.9472685747907348,1.0497101441465857,0.5220457672608733,0.3397768131620389,0.6636759385235462,0.1157923508667619,0.4051066812507527,0.0768485971353459,0.1493251562181443,7.616478408457088,0.138630931793507,7.757475610950543,0.7326932622945683,0.2673067377054317,0.1409972024934551,0.0514396735491818,True,ok,10,ok
58,59,126.49942228238923,0.2480627727965645,0.0198988744918089,46.29039936426916,66.85333510875734,31.53248377553174,0.8675710216463339,1.998093725000471,0.0152331379087454,0.2379082208686868,0.7620835952474867,0.8689789789986673,0.9090083894208,0.9571625459849664,1.0183963826239617,0.421818068477216,0.3175759532129121,0.7117276441157426,0.107646209731136,0.3448077092960631,0.0766147832499305,0.1646339085191398,7.586456179423191,0.1623206201441096,7.631545661221246,0.4777623286031178,0.5222376713968822,0.0450894817980547,0.0492869039037803,True,ok,10,ok
59,60,142.6671980156566,0.3143271908246224,0.0244888472464948,31.1197563675426,48.70833770593798,16.05889286366066,0.7292273312233246,0.8759403475766556,0.0861659465481921,0.2176735073038794,0.7823226476301895,0.8792521017602887,0.9232117283581872,0.9534782407286336,1.0466730302452616,0.3763530525531253,0.3924759200660386,0.6875102858765607,0.1366982704741765,0.4912874569612657,0.0939814670125325,0.1454764518241671,8.33597162594302,0.1363070987693913,8.487898671241377,0.7471989891552252,0.2528010108447748,0.1519270452983564,0.0514017165220034,True,ok,10,ok
60,61,160.90039788840892,0.3204738352902018,0.0172160462490822,27.229313076435595,68.34813833143743,60.57484222312745,0.4279568858446773,2.1459009054406,0.0137787515054154,0.2381159156273795,0.7618690467124871,0.8797487785838242,0.9223483194531564,0.9649149488360308,1.0194199665051342,0.405012345772376,0.3726687035905202,0.7038657451317375,0.1185669610262836,0.3793395874060367,0.0834552223707708,0.1404842218774628,8.706135704502497,0.1319289699055986,8.90192415522981,0.7969759851924096,0.2030240148075903,0.1957884507273135,0.04987572782387,True,ok,10,ok
61,62,133.82078985522952,0.1676790729600084,0.0126679672114258,33.26308217590572,32.44621191687729,3.604487555474313,0.4381502466080215,7.271207632709963,0.0907515262415743,0.1785849908722869,0.8214129886218697,0.8998316810186134,0.939487019472526,0.9671616215757588,1.05868935940325,0.2996168829583533,0.1960725858840346,0.6901077701795343,0.054417387537884,0.2502933924788308,0.0375538619727647,0.1539765439911552,15.48617453259266,0.1527835554309277,15.66720748171676,0.7828596503823839,0.217140349617616,0.1810329491240996,0.0502127780450998,True,ok,10,ok
62,63,138.0007176496431,0.1390347211652862,0.022846896251992,20.053684524012567,72.36397492369632,31.827744307563517,0.8162320174311677,9.495123093213628,0.0480089558871604,0.2149860997541175,0.7850048405434837,0.847730368678286,0.8999850049503753,0.9534807063892567,1.0481591362524054,0.5061606085768495,0.2761094826214573,0.692953679852522,0.1218413032983646,0.444875192116536,0.084430379478629,0.2213554945776489,5.138442012153389,0.2296086072898816,5.150847786056136,0.2039285193258242,0.7960714806741758,0.0124057739027465,0.0484281592016537,True,ok,10,ok
63,64,108.21663272136983,0.2166650360938017,0.0169824630520796,24.015211760856594,73.38157243786739,12.597148332148356,0.1847605759048058,8.035091516418888,0.0523065452056461,0.1706992084590637,0.8292972380214677,0.8975880970484508,0.939185544793422,0.9733974527014032,1.0452631488234303,0.3321439898345476,0.192619984260521,0.6689932292221771,0.056388759694048,0.2739442650354494,0.0377236984395545,0.1581214968779402,12.657957873706394,0.1529666914655744,12.83655861867899,0.7747245976451377,0.2252754023548623,0.1786007449725964,0.0519337514348668,True,ok,10,ok
64,65,158.26358262349484,0.1353202253808312,0.0166255843678874,44.8157896378052,42.11333242667659,58.42512668941392,0.9147088600012676,5.580136727166769,0.0308538615378125,0.173510069694133,0.8264786653056292,0.8448803204973957,0.8956396250163448,0.9503773819399364,1.033895238078093,0.5182100696518045,0.2568439805850163,0.6499557192649426,0.0820669117245795,0.3908830679947842,0.0533398586378016,0.1543343041605979,16.906857829435452,0.1524665446330831,17.101761709761938,0.7973371280172226,0.2026628719827774,0.1949038803264866,0.0495396222746824,True,ok,10,ok
65,66,163.05674967251315,0.1567277428443078,0.0257850525901154,53.695518997097565,50.426422332604815,4.4796048684404415,0.9658748896255764,2.3084337673932067,0.0646578995386415,0.1534937238455687,0.8465050859681413,0.8867502270287972,0.9214869585491466,0.9569399868471128,1.0373987047197557,0.3292969046274099,0.2979111003373971,0.6596976417702749,0.1160000274020533,0.6397255165594676,0.0765249445224218,0.1803468015647633,12.127060570249924,0.1793413891855803,12.172946694002158,0.4668073116447846,0.5331926883552154,0.0458861237522353,0.0524116590964451,True,ok,10,ok
66,67,177.33298933625437,0.2328938074330385,0.0296572973563163,55.9346183389745,55.71208698519443,97.01742552260556,0.5301778970149073,9.805292372630475,0.0379044044441863,0.2240320170548947,0.7759439298771577,0.8438118141536823,0.901726331414364,0.9562222670963216,1.046602616669816,0.5442585578641199,0.4782468546283797,0.6794264031585736,0.2118044695359795,0.7335145723442711,0.1439055489097402,0.1569966891646985,9.205469279872524,0.1469592387472159,9.303122635032407,0.6639059730006451,0.3360940269993548,0.0976533551598852,0.0494357796441337,True,ok,10,ok
67,68,169.13116881784654,0.2273644944797235,0.0249737939296714,53.269436729785255,34.74704353233314,93.6896032138959,0.7546113050465644,6.47435703786878,0.0188995678295448,0.2292888203089809,0.7706880378553586,0.8443669536650977,0.8969600257272743,0.9536492655389448,1.0313137262632166,0.5324922832968779,0.4511416604274785,0.6871530772416181,0.1740973593124204,0.5851188528911379,0.1196315361911693,0.1455435666308859,10.835063743004646,0.1400516055102717,10.955434242987788,0.7115129289046813,0.2884870710953187,0.120370499983141,0.0488049219848645,True,ok,10,ok
68,69,159.47340527496613,0.2677306517447898,0.0272062789713029,40.2021676000335,57.26517085582946,91.7030588524178,0.9025406045044286,0.7384318963897064,0.0767197119943627,0.1950424596106493,0.8049393326403008,0.8430048150818839,0.8991138334917852,0.9413928661654954,1.0458149989593384,0.5246245325550943,0.3868818065661191,0.6459339520650813,0.1521193356371499,0.6277371966725452,0.0982590436536188,0.155717860884088,8.745630932900934,0.1463478349667187,8.851193495975568,0.6696538033039641,0.3303461966960359,0.1055625630746341,0.0520749543318308,True,ok,10,ok
69,70,125.19642522221952,0.2221152287260351,0.0279730676967025,59.29913812483847,36.63958917679981,32.73215899763693,0.1443957258090005,4.0739867519664426,0.0099409808356603,0.2115957578239701,0.7883964233092929,0.9001141144171501,0.938084345486632,0.9758395893271964,1.020245163040872,0.3342009024400591,0.3845622175155079,0.7094598319134384,0.1332024854362281,0.4962882231774793,0.0945018129280386,0.1512368702389517,11.57216882458356,0.1458217079331522,11.693019290581343,0.707926330653533,0.2920736693464669,0.1208504659977844,0.0498600454847019,True,ok,10,ok
70,71,84.97977549935203,0.2600939577072808,0.0178820587890723,35.80063569378395,68.7745424799088,83.44813157511138,0.7676822835237461,4.195367755712257,0.004807896267503,0.1860226067691607,0.8139609452981865,0.8535088314998023,0.900906429704648,0.9560563051922172,1.0201664701436264,0.4959363141333297,0.1750094161139243,0.6447245289391673,0.050815303204498,0.2223278993663044,0.0327618724214209,0.1544387545442403,10.650551296795602,0.1485959790165202,10.849442624464585,0.7933093999809295,0.2066906000190704,0.1988913276689833,0.0518195900054631,True,ok,10,ok
71,72,93.50905459796574,0.2195588262114764,0.0290574007734999,57.13515870887491,47.56496401719572,38.50728557323467,0.1555066293548917,9.492137300425398,0.0656632874262696,0.208897190737814,0.7910927493482582,0.8749154437558297,0.9279162147469672,0.966347407273618,1.0564989274941,0.4298950854205926,0.3218282582814613,0.6889182296710882,0.1020284390891446,0.3863626472462496,0.070289251633398,0.148116838648224,12.455579494235993,0.1418184307360448,12.651245968808553,0.7983521128735472,0.2016478871264527,0.1956664745725613,0.0494214652191798,True,ok,10,ok
72,73,104.62499006581652,0.2660443852642639,0.0296617814961551,39.0708631458242,50.63257631697807,53.94700802040411,0.9318430302093932,8.124562092169299,0.0855904111389153,0.1800228833679251,0.8199657738613456,0.8308101743724923,0.8918158851934485,0.9421629540689974,1.063445772598823,0.5676510000915865,0.2829064915820525,0.6227120380185881,0.1004257391204302,0.45738896797358,0.0625363166772062,0.1585131061461952,9.227980993341776,0.150363920566847,9.360109148880584,0.714474375603996,0.285525624396004,0.1321281555388068,0.0528024172716029,True,ok,10,ok
73,74,157.93277241979155,0.1863451534444577,0.0193117761524821,67.60247439845054,27.58182460485372,96.05368029621972,0.9427258375061516,7.3601244375439165,0.0486070917926865,0.241758801720564,0.7582159665365562,0.82786321509089,0.8869257716846976,0.9443566908649934,1.0465070799531768,0.5862910578960033,0.3640925375821676,0.6961189855501172,0.132549897317789,0.4156661921363961,0.0922705000556314,0.1611554577197543,10.002692236167164,0.1636906272016481,10.046484822127969,0.479007860736507,0.5209921392634931,0.0437925859608043,0.0476309365957363,True,ok,10,ok
74,75,126.6492803358637,0.2545126204339017,0.018005608390823,30.25283356642384,71.41208987557593,2.4570791796097744,0.2359207315102357,2.6060785499584265,0.0955665443981991,0.2330571083569576,0.766941656648595,0.92585187123113,0.958379622542815,0.9730476518779104,1.050904841348948,0.2033030418696723,0.3278039027864352,0.7472978923730748,0.0955283949915733,0.3143620797190264,0.0713881682389853,0.1463888857623968,11.041699449454338,0.139996369977655,11.19827649310438,0.7615602191744724,0.2384397808255276,0.1565770436500417,0.0490233011523305,True,ok,10,ok
75,76,174.75924772078952,0.1523469380697438,0.0184622014585903,23.35079988038566,25.611485471191124,74.32885275522969,0.4760031408415866,0.999782083957942,0.0863304677902128,0.1530892600172062,0.8468991342270894,0.8658342347277351,0.9199396076820774,0.9517389191692538,1.0502128475299812,0.4523235758373685,0.2592454152645816,0.6401494020545255,0.0887888841813183,0.4911482947045015,0.0568381511177594,0.1624064247593158,14.961408150110298,0.1615499839689073,15.084079516082216,0.7032154723292684,0.2967845276707316,0.1226713659719175,0.0517721307924409,True,ok,10,ok
76,77,73.62855355971334,0.1356726077196156,0.0250739886960698,62.30303922772103,34.19265559283602,78.51811718908594,0.832192391935009,8.522041183865698,0.0169700787919079,0.1999288292587984,0.8000536009810928,0.8386850204427434,0.8920999864222198,0.952945070513446,1.034162460971847,0.550398820196356,0.2270786640610492,0.6708686488342173,0.0663499470996688,0.2654887227900284,0.0445120993609766,0.1515085155436879,16.744921141982708,0.1496340980846544,16.927950882492194,0.7922005366306122,0.2077994633693878,0.1830297405094871,0.0480099168075216,True,ok,10,ok
77,78,172.55957958645064,0.1432087693464317,0.0294413981788286,49.20758831616601,48.65702086189225,45.52861739490608,0.1828449873736302,8.015459473898934,0.0337254512682398,0.1820948724539222,0.8178953436234351,0.8791953044317828,0.9273059852060276,0.9695685014302506,1.0395279944965747,0.41566585521157,0.4101508961425354,0.679002881941571,0.1662937224645478,0.7468829407432148,0.1129139168022197,0.1623845595979877,15.108412137703862,0.1575845706356962,15.200411498097647,0.6479428691040421,0.3520571308959579,0.0919993603937861,0.0499874794660311,True,ok,10,ok
78,79,146.9811203116879,0.2717881961640368,0.0174402737123468,40.57794203134278,55.23949954383366,19.85146502936531,0.0268418631999804,0.663295953417735,0.0382162063374857,0.1613921724530728,0.8386045122249162,0.91861553688093,0.953180591468116,0.9771428664928452,1.0251053471493172,0.2601185258543712,0.2366540964663762,0.6640084406301271,0.074364136269262,0.3863930837398486,0.0493784141629589,0.1592738546980393,10.004001665407849,0.1528890514440231,10.158598160865692,0.7407704596206285,0.2592295403793715,0.1545964954578442,0.0541004003889716,True,ok,10,ok
79,80,144.30930369632063,0.2506016425427891,0.0274200500332967,61.02958454503607,69.05378233145296,41.42657351462662,0.7121528731728841,4.6301031935549215,0.0727230418541225,0.1774381534362643,0.8225535476008435,0.8569434930899509,0.9094650696103508,0.9509861128333724,1.05010621884514,0.4737080106671644,0.3351944708312589,0.641370421996261,0.1262080900961779,0.585037969713908,0.0809461360043278,0.1605439333383646,9.667316252038226,0.1508608589173023,9.780511194468078,0.682102185214021,0.317897814785979,0.1131949424298508,0.0527551818822916,True,ok,10,ok
80,81,165.70494154415246,0.1599920991919459,0.0170608254204753,28.201284707221895,29.45118682409776,56.07141452477849,0.742229753032543,7.205130981182811,0.0905312447038817,0.2228002457171614,0.7771854899707966,0.8411907282577711,0.9013577503049762,0.9459566726148346,1.0639124808206202,0.5353619510714238,0.3510065306816454,0.6917016058228357,0.1132234196400736,0.3949275963114184,0.0783168211817917,0.1448038741218042,15.06743734852953,0.1429911552192803,15.24146263074022,0.786460429017238,0.213539570982762,0.1740252822106882,0.0472513081807068,True,ok,10,ok
81,82,82.09727325030191,0.3061724626954895,0.0293196173911391,50.98716657858367,63.94293425471707,58.22771601823116,0.3309609421678585,2.2978755635261368,0.0134097479590712,0.154624099736191,0.8453664898014737,0.8849476669409708,0.9268641184051796,0.9676057221119552,1.0194736545646292,0.3888508608998015,0.2052038290058331,0.626377944040398,0.0669033624803155,0.3657542315587879,0.0419067906398095,0.1623135245601487,8.745122010333777,0.1523250677915293,8.913176121919847,0.7524805160985236,0.2475194839014763,0.1680541115860692,0.0552793940539168,True,ok,10,ok
82,83,136.62278246224304,0.1638915370271801,0.0254453179355586,31.421916336635437,64.90272516392861,55.20670177349011,0.2227523383191054,6.903732238076841,0.0404918282439286,0.1972702891421206,0.8027174136056581,0.875688657904844,0.9253351974731016,0.9665322234468644,1.0407588647293489,0.4282488012705584,0.3278530376707324,0.6879204591535921,0.1232755815405793,0.5015924506240419,0.0848037946558214,0.1738602557318742,11.657133687090706,0.171767601488916,11.7015278297422,0.4708711664615924,0.5291288335384076,0.0443941426514922,0.0498867261158531,True,ok,10,ok
83,84,178.89100529494578,0.3494327372540853,0.0248713051586787,32.987517111921136,66.78838021023037,13.247916523502136,0.8242511868093856,5.501433674528533,0.0824943171718769,0.1591300608743809,0.8408668243162712,0.8666091552452978,0.9137531096524616,0.9526287747376933,1.0538816292829178,0.4213703455807005,0.3110290542717191,0.613668194137953,0.1272638653603656,0.6724679618564664,0.0780977864347111,0.1729970401163926,4.0375814802654055,0.1627660018373941,4.087289802737985,0.4663099245015117,0.5336900754984882,0.0497083224725796,0.0568910009832059,True,ok,10,ok
84,85,161.56277887618762,0.3391684000458268,0.0227127321470246,41.62677187061519,37.1863984960061,27.40674334065294,0.1648988199717212,6.434151284456856,0.011789990353022,0.2046889954224083,0.7953040437291836,0.8958896690585433,0.9352968500115262,0.9759804330793864,1.0254252373751205,0.3487717011739794,0.3598585827659419,0.678182782563624,0.1350135188530378,0.5245672628718955,0.0915638438994595,0.1628801190475467,4.562085566827157,0.1578654412441503,4.61065049088431,0.4754178723880068,0.5245821276119931,0.0485649240571527,0.0535871549406621,True,ok,10,ok
85,86,141.29594632827295,0.2605517861281946,0.0218232503623016,41.12872360325064,67.38100888117364,85.72699902768943,0.5086654985509699,3.7749168588019,0.0054320260624918,0.1703917635808038,0.8295928979768709,0.8669556048866804,0.9129332262042202,0.9622938635864168,1.0196641234618993,0.4552107369680028,0.2733732493797585,0.637653547969599,0.0944482961606559,0.4598026419712336,0.0602252911465257,0.1600789678955259,9.757825726308193,0.152116092327545,9.892002476937543,0.7156346755056584,0.2843653244943416,0.1341767506293548,0.0533166104693751,True,ok,10,ok
86,87,158.74409097112294,0.1672610421986344,0.0123991488396834,55.9258823803044,31.640696912392123,97.17265623766689,0.3593413906921101,6.864394806830929,0.0261473584558916,0.1695847507369808,0.8303975433783998,0.8614420095354302,0.9138098907523255,0.9622481645441562,1.035433579686876,0.4834655927822736,0.1995471393723989,0.6491468591675457,0.0600038172248892,0.2937871503125898,0.0389512894896003,0.1562471463892957,14.79172002918093,0.1551928865475782,14.961411877925183,0.7696576112656149,0.230342388734385,0.1696918487442552,0.0507852130822576,True,ok,10,ok
87,88,86.34882936649171,0.2408719033687111,0.0247207508002027,21.55417705932824,66.03837264769219,84.5109859587863,0.7700514447893256,0.7533426317777498,0.0495086808623578,0.181374526339635,0.8186098678728029,0.8550735122569108,0.9058409015897247,0.9492242065025304,1.0334248737509697,0.4851703569447141,0.2216774549989437,0.6452630804534917,0.0695967672820074,0.3140887533460043,0.0449082244459929,0.1576754097183694,10.993811220829198,0.150693612470408,11.1584325669165,0.7603430855340974,0.2396569144659026,0.1646213460873018,0.0518879498072808,True,ok,10,ok
88,89,122.99903169844976,0.3185985742524458,0.0117337896947833,35.1465121345241,53.9297943360361,91.15833528210727,0.876055025053985,9.307144890356874,0.0295298797574321,0.1553084102751127,0.8446758489369652,0.8300879434064904,0.8875100783894272,0.9491654045502532,1.0417042308154711,0.5822969725773346,0.1295775051787714,0.586543588665269,0.0402936194611971,0.2191226991565359,0.0236339641590832,0.1587585284767079,8.461128741788379,0.153154678882412,8.669535544724797,0.790615694470262,0.2093843055297379,0.2084068029364187,0.0551938369118175,True,ok,10,ok
89,90,116.94063886053578,0.2088152486147588,0.0267393804756241,37.22062253454996,50.12136221028153,52.32687372412138,0.0142740694385711,6.289477689111499,0.0892602035232488,0.1792941142808918,0.8206953729766738,0.8812446606110487,0.9361509378108588,0.9647138329962496,1.0613621608594046,0.4112299754187107,0.2767709891676917,0.665299336021047,0.1007779684288195,0.4612709318246529,0.0670475154812436,0.1752015572372141,9.21520753068501,0.1730994811664389,9.261568740619603,0.4708794523681315,0.5291205476318686,0.0463612099345955,0.0520954326337672,True,ok,10,ok
90,91,135.84295204592053,0.267241327105227,0.025626569244468,68.88547085589204,40.12952651794132,82.24077727333828,0.3698248654188397,0.3354644872888773,0.0682572514064545,0.2326000754817457,0.7673806296564634,0.873783674694152,0.924740278203254,0.9565633428080248,1.0409676712456966,0.428291270226448,0.4119720048329478,0.7037098413581309,0.1455562153850566,0.4801707615648697,0.1024293412373081,0.1462024590687408,9.45090402190156,0.1394653571042148,9.572120610985662,0.7099003004787413,0.2900996995212587,0.1212165890841003,0.0495349784280623,True,ok,10,ok
91,92,94.54471906281512,0.2313166265636506,0.0201967309073982,29.340569993352737,74.79702725071937,60.79452617526892,0.4859741737300477,2.000449699814521,0.0128860068015114,0.1513008998408127,0.8486895250885825,0.877283719344979,0.919920992614376,0.9635791362931608,1.0187350457976536,0.412084143265464,0.1679757012296108,0.6318489551926094,0.0519331479825438,0.2912892760627669,0.0328139052926335,0.1625352139694391,11.75354701398424,0.1561724839835794,11.933518840448308,0.7708499465661406,0.2291500534338594,0.1799718264640686,0.0535001057398296,True,ok,10,ok
92,93,150.34196750438875,0.3170176986388451,0.0219502814012952,28.86223331926472,31.34547435419064,29.121008409294337,0.7951242293092357,1.66670761278026,0.0038862187761078,0.1839611570703882,0.8160330327302731,0.8764668457780418,0.9135165252510912,0.9610929486670624,1.0124606187883252,0.3961229988853088,0.3206497202768353,0.6502795270980279,0.1091232947477272,0.4840445786332251,0.0709606445039307,0.1503420419374183,8.322804665580662,0.1428153650513413,8.488203600393803,0.7552195591870069,0.2447804408129931,0.1653989348131407,0.0536088130677437,True,ok,10,ok
93,94,102.02140821888264,0.1380299776356547,0.0309678568122371,47.649057682633,73.28977284732663,47.97073230164267,0.9608871597315836,6.68858563862095,0.0718707063376606,0.195814524976529,0.8041745831736233,0.837001850079611,0.8937856057929301,0.9441185519664962,1.054150454365015,0.5420555667686889,0.3105279479783971,0.666699664519801,0.1112061545021304,0.4566780165333814,0.0741411058991075,0.1646171327128495,15.26547849108251,0.157134708222476,15.416809620848028,0.757103591052246,0.242896408947754,0.1513311297655183,0.0485505397365291,True,ok,10,ok
94,95,113.482330406156,0.1881620230407028,0.0213659899407643,51.62742244776727,38.87776318725877,69.47692839604356,0.3417369154164735,2.476015716482239,0.0247863066328516,0.2006005347227389,0.7993849618770705,0.8792426678956938,0.9244164083924016,0.9646878495423638,1.0253261820486663,0.4111247898758718,0.2835495155829011,0.6897820238721705,0.0874323294232845,0.3483890837736126,0.0603092491414515,0.1523846396753641,13.623525984936371,0.1490886526085664,13.775928274556396,0.754809283545474,0.2451907164545259,0.1524022896200237,0.0495060505956171,True,ok,10,ok
95,96,119.37611885015866,0.2640878997212711,0.0299640802497676,36.50849805216989,72.62039164531608,63.79340344459866,0.7296463574346524,3.0626143139224404,0.081297871293,0.1500069152421148,0.8499829457556454,0.8513614624018503,0.9069004281177476,0.9469688468552896,1.0517473961156525,0.4970564216094389,0.2431828322678572,0.6071770593931852,0.0964531330626876,0.5464946540974333,0.0585641297022622,0.1822593246349911,6.669250512868437,0.1743339244917205,6.717969176323459,0.4682188890447704,0.5317811109552296,0.0487186634550217,0.0553323788991523,True,ok,10,ok
96,97,152.68378528173974,0.3379168176822272,0.0287522780959793,30.52558797986346,62.12679035590277,21.625575281549278,0.2929173895113767,7.850390187526836,0.0580839076154277,0.194249449952505,0.8057447672862277,0.8829484059052779,0.9296303529986852,0.9670684906798944,1.0485969341779988,0.3880273022697852,0.4014639373159002,0.6596449418273929,0.1532834280182491,0.635799192186409,0.1011126379582012,0.150747189438048,7.160259966284517,0.137780142743319,7.28662423514984,0.7017254787187339,0.2982745212812661,0.1263642688653222,0.0537122321276987,True,ok,10,ok
97,98,176.96485432171926,0.1797397423587473,0.0236349795246113,34.664341593664886,41.62979097365785,80.14500866385056,0.675007356969216,7.545632668330008,0.0947811716321516,0.1922261451031792,0.8077568672076855,0.8369625592041791,0.9004404486973021,0.9450933229772868,1.0672685195125924,0.5574984589959999,0.3021786116870393,0.6537736327358623,0.1445274658535877,0.6072677413631231,0.0944882463812083,0.2182018075365323,3.6017638123178592,0.2272393195675228,3.616918132532536,0.2298125669200005,0.7701874330799995,0.0151543202146769,0.050787766494412,True,ok,10,ok
98,99,105.8836730095924,0.1425008883641641,0.0141794500901142,38.49848553952819,61.14342229150047,25.53800515279008,0.4378565611320646,5.959752562499735,0.0788935441807957,0.1635174950512554,0.8364772827503211,0.8745418239637281,0.9243888624980138,0.9594595746738604,1.054525591874645,0.4133624972752671,0.1556691681267715,0.6593477837597334,0.0441289690024856,0.225735486191872,0.0290963379113908,0.1578150348512348,16.917801534203157,0.1557788660291864,17.10928098796699,0.7915719933691007,0.2084280066308993,0.1914794537638341,0.0504182578376797,True,ok,10,ok
99,100,175.73516761546318,0.3007103795219098,0.0227632961008928,65.63030984100547,46.26985604083474,86.71260367359184,0.64464370451489,4.483757133972607,0.0647268440618599,0.2293464618426698,0.7706324728132309,0.8492944870892443,0.9056407617104206,0.9499389719525986,1.0477889576258823,0.5132002726013926,0.4071967393572452,0.6774063338726863,0.1649236962029004,0.5541131187539377,0.1117203564135394,0.1626442089557427,5.034522545567839,0.1586871139566614,5.075807976159743,0.446985085323387,0.553014914676613,0.0412854305919043,0.0510787935119826,True,ok,10,ok
0,1,114.983707758935,0.1332420838179064,0.0262255685427447,54.19671818977029,44.8446718775558,97.9690546368472,0.1316705115330671,4.562510739675564,0.0124621601359634,0.1710404773504731,0.828941961277747,0.8804929908156455,0.9274291268313074,0.969948949835617,1.0246889788827993,0.4200662511739623,0.2781182694514729,0.6697089737665484,0.0927175630877687,0.4493064410475426,0.0620937840256448,0.1611701682062999,16.763870603296795,0.1581317402532164,16.893757002131203,0.721432292614147,0.278567707385853,0.1298863988344074,0.0501532253467577,True,ok,10,ok
1,2,166.78298899893736,0.3083279989384,0.0297678144582917,25.964094157087423,50.924637260651984,11.715659193969822,0.7007694213634904,3.749713899344037,0.0621233645499395,0.1813547141830593,0.8186423539633887,0.8821904237637327,0.9230467525874284,0.9593877861155338,1.040964731313316,0.3665168658233664,0.4083494941711615,0.6542816955675826,0.1618422368986474,0.7305504492413998,0.1058904131724974,0.153422784673936,7.765400261236671,0.1417785133449894,7.879702573809052,0.6794125318002763,0.3205874681997237,0.1143023125723811,0.053934667498487,True,ok,10,ok
2,3,70.86616496107528,0.1875393558785854,0.0257133502770012,55.090597240489856,46.41067586401255,73.72768600933473,0.0659650430929835,4.622686317256165,0.0957173903199345,0.1766754377804539,0.8233107068923281,0.8760097333088864,0.9330350928500564,0.9606252371886436,1.0616654095528997,0.431132709401062,0.1684276106799617,0.662777460314903,0.0578715520018788,0.2696613221412803,0.0383559602602871,0.1893736863543009,10.290853045229191,0.1896651809027106,10.340304642665515,0.4703171894063593,0.5296828105936406,0.049451597436324,0.055693607863832,True,ok,10,ok
3,4,179.9483025637994,0.1727356643536649,0.0167447520539443,37.71949400027376,45.70185248913116,66.91180230728183,0.3021107526093544,8.74663578740054,0.0283970585352677,0.2167933161301835,0.7831902148795432,0.8656484929065297,0.9171551630184844,0.9653377282750352,1.039411925567448,0.466880717845216,0.3526413678316973,0.6984742920754913,0.1174255637585106,0.4241808203503546,0.0820187375177912,0.150565255738881,13.953721864919952,0.1479098486510943,14.079615140467189,0.722717847170332,0.2772821528296679,0.1258932755472359,0.0483009498204476,True,ok,10,ok
4,5,131.88015600337445,0.2576843919111377,0.0202437065477905,49.71875206188422,45.21671538490351,64.27390451586507,0.8715929626707576,5.78440810567527,0.0424582509181768,0.1847084680331163,0.8152784296833417,0.8431575154939457,0.8963580978815895,0.9492061012734416,1.0397291639333557,0.5267068692253375,0.2621744925605753,0.6372572242032558,0.0886429899751818,0.3912305289821651,0.0564883857366613,0.1589726424700005,9.577747665168328,0.1521975945729353,9.777561768662869,0.7940985444501428,0.2059014555498571,0.1998141034945412,0.0518097093068012,True,ok,10,ok
5,6,89.6813018549924,0.1673070497474531,0.0160001160763133,39.78612671734995,43.84590330991878,68.96849509836726,0.9293852821153188,1.2946666641841775,0.0572155568324177,0.2126318889278008,0.7873529721886678,0.848074740874867,0.8998148527143847,0.9451714735366156,1.0375409582572117,0.5031240897742905,0.2024530827766112,0.6858611608753482,0.0548455825428073,0.2030728238760598,0.0376164549116945,0.1481868650268856,15.022732201488502,0.146192710698072,15.21254825677823,0.7982301656992633,0.2017698343007367,0.1898160552897294,0.0479800885373424,True,ok,10,ok
6,7,174.5651818884768,0.3213171432612912,0.0209793196176973,45.11735418772778,66.64455706473984,71.33919165089519,0.8567471768287888,8.141636624615451,0.0551874912051473,0.1529781753114969,0.8470095338053817,0.8343158343529773,0.8924882143514405,0.9471111370349856,1.050394468236956,0.5622110264623635,0.2155106025284639,0.5872239095209747,0.1007095585112923,0.5575638686915521,0.0591390606751324,0.2152746339704549,0.3261974770167697,0.213966206896672,0.3379853528519125,0.1717134221060012,0.8282865778939987,0.0117878758351428,0.0568606648005797,True,ok,10,ok
7,8,138.18657666853375,0.2882634253611431,0.0232391543983825,40.64633264824551,59.13011490885347,47.57783987122419,0.436149788480258,5.8971028122567,0.007464561570218,0.1775635526043402,0.8224268742344562,0.8750179816965424,0.9186645560175388,0.966941543673314,1.0235672692827704,0.4226161604877715,0.2956117146532353,0.64581436925205,0.1024992572504142,0.4747235449530435,0.0661954931699799,0.1577316717180216,8.764741042878033,0.1491141483867258,8.897037729894073,0.7118307371955787,0.2881692628044213,0.1322966870160405,0.0535574495126149,True,ok,10,ok
8,9,169.69382833553783,0.2433628019016719,0.03020316535264,67.5344603086121,61.87060355465629,36.87263387798922,0.372381994601617,6.219541262744746,0.0545422273673192,0.2104931756561082,0.7894976749535576,0.8746538092131748,0.9234777399642438,0.9628225835939916,1.0448576978151312,0.420935279603532,0.3743570765370356,0.6870449144232009,0.1939245106958341,0.7273218966920617,0.1332348488555804,0.2226682639907433,0.5074149758696578,0.2237313239746909,0.5162759188026053,0.1475319739185507,0.8524680260814492,0.0088609429329474,0.0512002268433033,True,ok,10,ok
9,10,82.08535053016551,0.2720768423182799,0.0234338293561961,27.78982464408152,72.33000958656748,33.15423782702787,0.1530760187381822,9.532927397237124,0.0983241043753072,0.1940359946165254,0.8059556924785285,0.8725597269880305,0.9293840729777358,0.962297753273477,1.0709623940040711,0.435226957395565,0.2236586330336199,0.6631091633370605,0.0670914420153848,0.2786617669931353,0.0444889499818987,0.1544255715747597,10.06220806035448,0.1466667289407835,10.239383040223151,0.7738884608864114,0.2261115391135886,0.1771749798686727,0.0517662549776727,True,ok,10,ok
10,11,113.39662823242512,0.1215715802142011,0.027870501823118,56.452145753944656,48.79017493478944,58.83215623970893,0.6257069824243701,4.808540453808826,0.0252970127537094,0.2090944042332484,0.7908921571577117,0.8619746065220065,0.9097355456237672,0.9583989793672104,1.0298662543104369,0.4648830765063329,0.3486531452911149,0.6992222669040908,0.1187879947346965,0.4492824952099961,0.0830592109593857,0.1551695619089438,17.35400045566641,0.1519501492106283,17.476072764533775,0.7195073114075133,0.2804926885924866,0.1220723088673681,0.0475886618162626,True,ok,10,ok
11,12,145.3546010175969,0.233134877815846,0.018186727378507,65.5043374522447,70.39805331376569,64.83075257571899,0.17642488273229,3.1749249427709545,0.0050094511818857,0.2266705347944966,0.7733140092780709,0.8899096963969294,0.9314720575572524,0.9721566073068332,1.0176766440964211,0.3782566486945713,0.3416326162160523,0.7145270149039594,0.1077123052861145,0.3674485325895838,0.0769633519645114,0.1483176906272735,11.44882403087811,0.1422598434405837,11.593499306002636,0.7470725170537618,0.2529274829462382,0.1446752751245257,0.0489809922684754,True,ok,10,ok
12,13,158.37368628602695,0.124826625546656,0.0125510457709225,31.02411896180833,61.01079827206419,85.82835209604627,0.82986578892337,8.981091033345628,0.0177467502151696,0.2159301296787784,0.7840492169375691,0.8360127004651768,0.890658563588609,0.9524103208780732,1.0356206284101446,0.5616984599114877,0.1919467229017796,0.6867936749808707,0.0771569446035629,0.2801325428870059,0.0529909015345764,0.223079982789363,5.013300049116364,0.2408437106288107,5.024137676021492,0.1840091167744787,0.8159908832255213,0.0108376269051284,0.0480596010969548,True,ok,10,ok
13,14,138.22893777596522,0.1490117402858054,0.0299202232066646,30.3742385074406,43.11420539623133,99.45923132894065,0.6319684972865436,7.481474154966916,0.0496924012402817,0.1834653521173481,0.8165149099008742,0.8423370894083027,0.9003915525530805,0.951776008583697,1.0473128963872995,0.5440490799361506,0.2415434661466896,0.6537958027665154,0.1364023581730593,0.6069951467651863,0.089179289261001,0.2800266788559025,0.893139389585933,0.2996552431466919,0.8975888673351755,0.0807383466783312,0.9192616533216688,0.0044494777492425,0.0506603669812871,True,ok,10,ok
14,15,100.06483991691933,0.2416854744911867,0.0165046367850137,66.64681809101153,49.102452231230814,78.39484265052069,0.3401271051849576,5.327910082022145,0.0342415344435747,0.164294537470464,0.8356916502964784,0.8687097879203092,0.9190492487036648,0.9626643886260736,1.0355429920947594,0.4531657839084774,0.1037646748609815,0.6357848874364304,0.0487758009049377,0.2480794775574709,0.0310109170879675,0.2678472167568536,0.2457975677756962,0.2855809784887582,0.2517195310295257,0.0935166520257686,0.9064833479742314,0.0059219632538294,0.0574032641313176,True,ok,10,ok
15,16,89.816588199183,0.2850126200997057,0.0319802556404502,53.70895873268538,40.3062974884332,27.951222009887804,0.572297106628121,2.222314815708424,0.0680368060189073,0.1960529071262951,0.8039410648782447,0.87728321655163,0.923096559129815,0.9572556076268182,1.0423537698617822,0.3973263304257544,0.2645718809668718,0.6683629360172931,0.1012237502974021,0.4150687116326841,0.067654202943453,0.188057789941854,3.2275682524972247,0.1879131618715409,3.253734089598792,0.3304652175028376,0.6695347824971625,0.0261658371015672,0.0530129560533963,True,ok,10,ok
16,17,172.47384898124545,0.1829046194667559,0.0221983413882556,68.0342019930425,59.53016437275592,42.65997827521956,0.5950730215077765,6.926127624598984,0.0611564396741727,0.2399065007079263,0.7600814598968862,0.8582956659658624,0.911010205000556,0.9554928654030156,1.0495553903458414,0.4754962528235413,0.4434874738109033,0.7164811036586995,0.1651067736469613,0.5230716954951096,0.1182958834041019,0.1484441947035868,12.994224821953484,0.1432563048581117,13.102495379840065,0.6963434266353704,0.3036565733646296,0.1082705578865806,0.0472138679659446,True,ok,10,ok
17,18,76.67152867818677,0.1704228780518451,0.0188060293912094,20.211468752767694,44.28241623343632,92.50177858633228,0.9744351663412548,7.942107491223228,0.0711123800101247,0.1552045910210272,0.844779666793356,0.8220932868139234,0.8849894148868753,0.9403901297338758,1.0577176396294323,0.6052924173535202,0.1256068097110973,0.6085983909515607,0.0402288060740524,0.2189434637116078,0.0244831866465706,0.170436075317676,13.128486623907603,0.1674279205604116,13.300195924085614,0.7673924443748433,0.2326075556251566,0.1717093001780077,0.0520475291166705,True,ok,10,ok
18,19,162.92744880504836,0.1571836204778458,0.0144921974441455,35.400328676175235,37.3003621397872,16.17717135571732,0.3582005183973191,5.2082323316909696,0.0022355764012897,0.1679457027510034,0.8320506454247041,0.8994424944991539,0.933342124385582,0.9753060373637612,1.0175839193304073,0.3225807743027241,0.182845169226529,0.6787675070947429,0.0712794168613332,0.3531307694212041,0.0483821520901341,0.2162250688432936,5.004567418467744,0.2314343206034316,5.018780508975881,0.2154684597184772,0.7845315402815227,0.014213090508137,0.0517505801223918,True,ok,10,ok
19,20,88.23683348731407,0.345675424610296,0.0241060796175782,42.21172152880389,50.03664982170661,87.5459715568399,0.9549722503843956,8.528182167231677,0.02740796058702,0.2078845408513905,0.7920952863359567,0.829100911722485,0.885517135715013,0.9477273664485362,1.0391047998801428,0.5822515043766995,0.2510426186247523,0.6338565748000954,0.0794873715659681,0.3028385996210686,0.050383593080667,0.1503137759823058,7.3954208054121935,0.1418295110687694,7.569742587828662,0.7683165847048239,0.2316834152951761,0.1743217824164681,0.0525661774255545,True,ok,10,ok
20,21,149.8441321020092,0.2795136393516191,0.0147512494850078,64.20834283907617,48.14897425245148,6.943776380741163,0.94828498109458,0.44077904616881,0.0358428871955761,0.2499444607152517,0.7500534565200908,0.8901839091953885,0.9214590604379834,0.9596903608135728,1.021501289962237,0.321737123339831,0.3137867841268509,0.7355362526155685,0.0993054270768602,0.2980012357569968,0.0730427416965024,0.1597355185471612,6.575922421517326,0.1593685416993316,6.621662952851214,0.4815030738379559,0.5184969261620441,0.0457405313338876,0.0492547736167118,True,ok,10,ok
21,22,164.37929589124147,0.1459168895003033,0.0270480491613979,46.952311832823,73.69770757248337,29.45354761980267,0.6962737168114628,9.38939730152124,0.0502001590120813,0.2365890603123246,0.7634015847712062,0.8549652319861034,0.9062737064406166,0.9565576441442424,1.0487710617919426,0.4825119572141953,0.4742033755556663,0.7181359524229985,0.1890828735022168,0.6100893158777126,0.1357872094493918,0.150560835395877,15.324365285694512,0.1440810148571817,15.435218738356578,0.7042545537441041,0.2957454462558959,0.1108534526620671,0.046551923096918,True,ok,10,ok
22,23,155.90518992840055,0.2101338935643799,0.0219054652858729,50.63149014258489,31.54398339794828,18.286790917294265,0.679821174149327,7.042714042399732,0.015472877339755,0.1758211065367163,0.8241743203558392,0.8747816679674197,0.9149879755019704,0.9646524276021312,1.0274606674649582,0.4045723154206858,0.3156225692916057,0.6602852420482533,0.1079326050264509,0.5059288357192173,0.0712663062347886,0.1545296702530184,12.347503138650126,0.1503413613219779,12.49974093124024,0.7468621530441228,0.2531378469558771,0.1522377925901165,0.0515987413266351,True,ok,10,ok
23,24,95.3675489123206,0.2301947798260129,0.0205089030506186,62.23781877969849,58.69758759704026,24.009218661385862,0.0757799147548288,6.086838511044608,0.0267487889863162,0.174940534711347,0.8250541868520795,0.9011781584308473,0.9410702160161738,0.9766546115313528,1.0311860609666632,0.3297497783424331,0.2087675386309602,0.6721389082642227,0.0615040770242325,0.2900566486516059,0.0413392831848663,0.1566765743376102,12.09236462568338,0.1511439341148868,12.278496595504722,0.7817920266390477,0.2182079733609523,0.1861319698213419,0.0519517704561459,True,ok,10,ok
24,25,103.85845807696306,0.2060159849165267,0.0246997521460567,64.93806087434947,53.43866823823066,54.539125382435735,0.9628994905008684,7.21025281435905,0.0040160933163082,0.1680446208358689,0.831944840042273,0.8435934741917238,0.8916852970028598,0.9535646283494418,1.024931935777293,0.5231920838451387,0.189297282503244,0.6305830233521108,0.0774896352853803,0.3836068005805121,0.0488636484967075,0.2092681527132236,6.218824946109351,0.2077678539804622,6.253388368339792,0.3955744448224781,0.6044255551775218,0.0345634222304414,0.0528118434947054,True,ok,10,ok
25,26,135.14931175607668,0.2264551100185146,0.0191786067570765,26.21569262075654,60.05995167419661,45.931504211798384,0.9913620726303785,8.240049194861495,0.0536726541351062,0.2170824123284453,0.7829056121121846,0.835066445291279,0.8905017660813381,0.9463167906984176,1.0489720964967435,0.5498167610285225,0.3102290479410798,0.6703058715772585,0.1011432230433035,0.3647519298777834,0.0677968962761746,0.1507412990544281,11.129624491420774,0.1454237987531131,11.26963202230744,0.7391513402448149,0.2608486597551851,0.1400075308866653,0.0494090652332758,True,ok,10,ok
26,27,85.52260358079799,0.1745190169625888,0.0240318293940505,39.42646306149935,46.609313536672445,4.549178049135808,0.5609127174929741,6.809735767306582,0.0247647404391627,0.2215097271687885,0.7784876324422151,0.9015103503791264,0.932835282226934,0.9729796699774,1.0284767251399969,0.2945758497882115,0.2875888008524718,0.7328536516918308,0.0818319733616802,0.2875919746728832,0.059970860503256,0.1485590277451395,15.013125452886133,0.1448676241108828,15.179528662272158,0.7768276088073395,0.2231723911926605,0.166403209386026,0.0478054612371824,True,ok,10,ok
27,28,126.31006197467568,0.340427679291301,0.0180195910860427,32.48081271030891,26.63144045844606,81.10866697620341,0.516724279951401,7.116643191942064,0.0921616452081588,0.1722993263141219,0.8276853821361236,0.8461374702638977,0.9080915583144564,0.949379377164537,1.0652573343497371,0.5290516632925681,0.1748351040978142,0.6103561092132954,0.0704956469197993,0.3386144320375698,0.0430274487704429,0.2030755806667722,0.2899143420913042,0.2083650680182305,0.3018886420356892,0.1760396374546888,0.8239603625453111,0.011974299944385,0.0560461761115665,True,ok,10,ok
28,29,141.01210168755503,0.1312861377330586,0.0307226383775436,42.87699278894999,74.31368464546053,41.1650799794365,0.0102197756074976,0.567464725248838,0.0163560261998119,0.2345680848788586,0.7654221231920775,0.9107589661246736,0.9472062996243694,0.9770229831323852,1.0166023886593951,0.2991392863578959,0.4731055865515235,0.7562375517772336,0.1826666419515555,0.5960369785144399,0.1381393741008129,0.1538448637259134,16.987392841195177,0.1470520433893627,17.086920254696846,0.6817444365936384,0.3182555634063616,0.0995274135016691,0.0464619164574598,True,ok,10,ok
29,30,78.31113536731705,0.1776791879491145,0.0268485439129074,27.222495413148977,62.20269361243793,25.72885816994366,0.1288856433499183,1.500221393186194,0.0468239627067676,0.2256648792501959,0.7743289468489838,0.9058254180931103,0.944911978543617,0.9719554670569828,1.0311907449857194,0.306930206133291,0.2611136784220205,0.7364336832999013,0.0852859345882373,0.2926355285210127,0.0628074349424901,0.1777293125846872,10.062107288981988,0.1766039221041427,10.097192015318743,0.4196192653212647,0.5803807346787353,0.0350847263367546,0.0485261305429776,True,ok,10,ok
30,31,134.36315115373463,0.1509549826366681,0.0162757394512096,50.15732639752486,28.727728468941702,54.16328669524975,0.2825105430504202,6.524475230678133,0.0969872380828741,0.2051784024027291,0.7948090870514003,0.865499395581086,0.9233976732607516,0.9566654621246626,1.0653826830333075,0.4602465930188225,0.1877476445556291,0.6915256746792163,0.0806559354674793,0.3124215858927555,0.0557756501910319,0.2413021124783463,0.8306767991246833,0.2664794318012718,0.836767445276609,0.1098426063884447,0.8901573936115552,0.0060906461519256,0.0493582033626863,True,ok,10,ok
31,32,111.36995061224836,0.2647856848132718,0.02912811369127,22.05444311222888,74.61612927154482,32.569476158545804,0.2036161320770638,9.051319494480436,0.0019423650056636,0.2383991826489515,0.7615908460284195,0.8859933565304136,0.9280005666643024,0.9755850596413856,1.0265899761638448,0.3884913495409321,0.4023833513341396,0.7181071611761939,0.1390146639179336,0.4440781477553331,0.09982742566797,0.1482629223471326,9.845631680597595,0.1382873569149583,9.970676103499104,0.7181086940793202,0.2818913059206798,0.125044422901509,0.0490857943378563,True,ok,10,ok
32,33,175.91856102601287,0.1803986432112321,0.0149371552136073,59.054635140622686,67.56577107329181,90.93252713829548,0.2380339816853136,5.143422290132852,0.0830039878372571,0.2015415510539416,0.7984390358066968,0.8644197108831156,0.9224905295648816,0.957108103491123,1.0574348186234936,0.4715075971489328,0.2969603119324321,0.6809318468393037,0.0952013888899233,0.3771191780955686,0.0648256575584822,0.1534717207566111,13.680504713178202,0.1497516227993184,13.821112411557126,0.7402893563893632,0.2597106436106368,0.140607698378924,0.0493284356007868,True,ok,10,ok
33,34,173.736794330752,0.2170432524365496,0.0314739625689586,61.39059805437101,47.22488908011835,40.14004147137381,0.9892787470201764,3.348021435371587,0.067528737543966,0.1631234125728178,0.8368693318087187,0.847605325445917,0.8992177769280689,0.9450039166356976,1.045137896388409,0.4975236519795702,0.3806556256023206,0.6276907619577492,0.16033788199049,0.8225421844509929,0.1006426073173023,0.1637501943339359,10.350842430064285,0.1556720216524312,10.441924501229774,0.6322023634019965,0.3677976365980034,0.0910820711654912,0.0529889991724334,True,ok,10,ok
34,35,160.03894350258145,0.2351194008870393,0.0276318848874551,38.50391634490925,68.5011707067446,42.29982618748054,0.4667611346848939,7.667248575519569,0.0882053919341687,0.1619847315631373,0.8380070985134526,0.8589446993398621,0.9157533246213554,0.9546881898124496,1.0631917127335362,0.4765569743492537,0.3124982852819227,0.629069862968924,0.1287625207934165,0.6661026838656252,0.0810006213110477,0.1782027891587807,7.733104714489379,0.1715987919419125,7.779914924724752,0.4650657641322878,0.5349342358677122,0.0468102102353741,0.0538426733900457,True,ok,10,ok
35,36,138.5002019446073,0.2649133914653445,0.0302335840049845,69.32820843601417,59.43273885140815,40.14275726083562,0.682145808438804,3.676332671749246,0.0475967612338185,0.2023851285730303,0.7976058646378392,0.8651298464725043,0.9125456486645058,0.9556716789661104,1.0368252725538556,0.4447758415300766,0.3171449910365493,0.6694087563886484,0.1523334448513299,0.6003239608523827,0.1019733418743275,0.2195620591453772,0.4509646954314945,0.2201460985761346,0.4606514580178044,0.1564421685693285,0.8435578314306715,0.0096867625863099,0.052232364941107,True,ok,10,ok
36,37,148.4986363986665,0.1550253657490686,0.0136301480893173,23.70011116602255,26.313198553225785,87.36926083219247,0.2479126692251031,6.640791057367951,0.0863385770773912,0.242088797086467,0.757888381965221,0.8603674046677913,0.9201853821117356,0.956575084937162,1.0618444665078024,0.4866324642845624,0.3081849224423377,0.7232179370175156,0.0880837852909426,0.2757309957010605,0.0637037734828093,0.1430025539324408,15.50473251746229,0.1424818850823769,15.658021818504809,0.7687073985414732,0.2312926014585268,0.1532893010425181,0.0461224664692366,True,ok,10,ok
37,38,129.16421003870437,0.1741936738952604,0.0259000374910285,45.88462560916878,73.50257533132881,13.508216198842812,0.4262183696615461,5.904560530394374,0.0935391233798063,0.1649003953519666,0.8350963331249945,0.8835324298466136,0.9308833677861283,0.960824802927318,1.0596972743113704,0.3725920929814943,0.2855777990823138,0.6621756341778389,0.0991585568016671,0.5021534617893314,0.0656603802343032,0.1642607846647144,13.911336108460617,0.1574920681329312,14.034843483860596,0.705312313577984,0.294687686422016,0.1235073753999772,0.0516028176624914,True,ok,10,ok
38,39,103.31246498917562,0.3174850102235669,0.0213884574065638,22.862777545722967,66.3993333217583,90.30274794374874,0.8435028100144016,4.170419097017021,0.0949837348973268,0.2084261216401059,0.7915540099822818,0.8349009719268804,0.8967709626314938,0.9402116571415228,1.0608648038472384,0.5580664531502472,0.26040521721972,0.6440169818299145,0.0827909814774689,0.3143909526553565,0.0533187980138559,0.1514343885126165,8.088937514060031,0.1430164249816349,8.25033933849844,0.756448328219434,0.243551671780566,0.1614018244384089,0.0519661194346704,True,ok,10,ok
39,40,176.13765271306593,0.2420356460310719,0.0262404619153723,32.07159997210226,45.36056636854836,33.68813779731984,0.0753528129111345,5.1239243477488685,0.0161814167530354,0.1598372537793141,0.8401565303213522,0.8995209234995306,0.9393438798815464,0.9764782132665836,1.0252137877934369,0.3395834283582368,0.3320348071179154,0.6532750915880804,0.1327932125893404,0.6979771207643477,0.0867504981165767,0.1745187912979186,7.692629293779973,0.1703383759423994,7.7398176385917425,0.4655845585107768,0.5344154414892232,0.0471883448117694,0.0541645543537581,True,ok,10,ok
40,41,157.30349914520156,0.1371207819557802,0.0130012393338483,36.615938995806346,32.77557033284927,59.14405133967962,0.0863766197404126,9.063817319676506,0.0955833675256565,0.2111462926524053,0.788839286286019,0.8676698530184136,0.9275718006259958,0.9613111207631018,1.0700169334717142,0.4620737705242066,0.2672368482988759,0.7005106850634591,0.0776235600876134,0.2899806155298037,0.0543761332540386,0.1490992991205594,16.797119399719495,0.1487298095019529,16.953041225149835,0.7661205626969371,0.2338794373030629,0.1559218254303413,0.0475994387443954,True,ok,10,ok
41,42,162.64231518193105,0.3478385352898989,0.0319193651439076,20.40477395147842,68.38527003339584,12.013456744425724,0.216609502485205,3.439319593677261,0.0266204589032329,0.2353266237772111,0.7646696887413418,0.9120985566312838,0.9450738177587124,0.9766918184696418,1.0244177957469065,0.2747931026195729,0.5013695980172358,0.7203632826927723,0.2195952598720982,0.7135410568972909,0.158188362265237,0.1573241117475948,4.261399163377234,0.1444405422964928,4.306223645822247,0.464112956490744,0.535887043509256,0.0448244824450122,0.0517564938413203,True,ok,10,ok
42,43,152.09680828650392,0.2705482056941087,0.0163543647581277,49.85732584205359,49.277517083044486,9.678673866877952,0.7759392052559577,1.6954781726189174,0.0393676346634546,0.1950603091975254,0.8049373207731235,0.8900072066840575,0.924447772767134,0.9618676270371832,1.0262378909965522,0.3326319466929061,0.2803467121630414,0.6810523054809832,0.0872138110872856,0.359892787842629,0.0593971671107788,0.1524732224240026,9.950519319891733,0.1469147153670237,10.104976349871082,0.7487052685135124,0.2512947314864876,0.1544570299793501,0.0518418121351321,True,ok,10,ok
43,44,147.4212449520487,0.2101826639853007,0.0170340139831446,38.38745140124779,65.91905657706658,36.50340846805908,0.0482512953442881,7.551596778395902,0.0574441726298169,0.2478380103533881,0.7521510587011703,0.8872647374389158,0.9361610640681214,0.9705436292364804,1.0488064562343853,0.3863442231966688,0.3382569038165363,0.7381890408206402,0.1118720100702836,0.3394997387216562,0.0825826918084597,0.161559233682737,9.454763086088196,0.1609929587736571,9.499457129748809,0.4832083675681541,0.5167916324318459,0.0446940436606122,0.0478003059003116,True,ok,10,ok
44,45,179.9194314004833,0.2829977776009904,0.0140289567356819,35.933223452117744,44.71693744909783,68.8203381903893,0.1328722439705114,2.8847168867073965,0.0300692638533147,0.227802732202509,0.7721809017456681,0.8880339551804471,0.9332935326014936,0.9691677259395332,1.0285006338606892,0.3858137347542024,0.2738134496974962,0.7051080122906118,0.1033596128002153,0.3503319942345342,0.0728796911326871,0.1932857993251525,4.5714099273914535,0.1948281109720904,4.608404265069788,0.3881411251085688,0.6118588748914311,0.0369943376783337,0.0583172262998091,True,ok,10,ok
45,46,138.015404977797,0.284399233866548,0.0310150710156584,68.0973553521939,64.46581366373181,82.32795946990741,0.9167050946724709,8.810054527908934,0.0685458284676568,0.2260660816234787,0.7739131060110046,0.8251917559725098,0.8874085759269059,0.9428423800180566,1.058048979204257,0.5952928805435512,0.3998947258246756,0.6606284166743622,0.1739534437599196,0.5954562318331588,0.1149185881261684,0.172453514341999,4.7820380416514645,0.1648960688025521,4.817682190322817,0.4116100629904472,0.5883899370095528,0.0356441486713523,0.0509527348265605,True,ok,10,ok
46,47,94.30492932634756,0.303792698781578,0.0298404945417574,31.198051152217563,31.55122801909812,18.73814573461884,0.8818051432059459,3.8950191537804137,0.0455552770144757,0.2330723065782077,0.7669222126046066,0.8676383580449607,0.9103946830611196,0.9549651594432677,1.03475248113384,0.4201884874677072,0.3610666563091267,0.6964307020871014,0.11789587128592,0.3879261231794788,0.0821063044128238,0.1452929942433463,8.49360763234651,0.1383044227440852,8.634399709034545,0.7371603153462536,0.2628396846537464,0.1407920766880341,0.0502004031796623,True,ok,10,ok
47,48,115.3580781409735,0.3007763684786564,0.0150968840228243,42.35522019628597,68.99674149108618,23.203859678032185,0.1941188682822665,0.8259257304479914,0.0359033291708768,0.1819304768538436,0.8180651159729412,0.9076077056080544,0.9439554913638306,0.9725002672685366,1.0247128542473007,0.2969864152151112,0.1983950467736028,0.6717714397850222,0.0569519512922919,0.2560828556214912,0.0382586943181893,0.1545822810003529,9.458497031033636,0.1479069140654411,9.652026520899346,0.7843895725979498,0.2156104274020501,0.193529489865709,0.0531967500366479,True,ok,10,ok
48,49,164.14951952374594,0.3250956318195622,0.0120388311082961,42.64690233132059,52.84262394129091,95.843955214317,0.6378552519814064,0.5086626573714751,0.0460749099445412,0.1620088652842855,0.8379754198750304,0.8606527246871285,0.9109432336617656,0.9523700010904426,1.0316599872371228,0.4706157049999707,0.1830351293618242,0.6137877956652049,0.0575522281009293,0.2976545439613051,0.0353248552216904,0.1576700924960244,8.126641682971648,0.1514508997644207,8.307360786626308,0.7662072046047514,0.2337927953952485,0.1807191036546604,0.0551428179881731,True,ok,10,ok
49,50,82.23747591032703,0.1869905329195445,0.0251719481851699,40.96737808116527,53.688050402965104,3.1494838356225427,0.9619885212222676,0.038499498581372,0.0521606778341322,0.1700376407023238,0.8299616536433244,0.8993137569432588,0.9277778798492202,0.9604179144899314,1.026632612344279,0.2786794033477086,0.2131781316501123,0.6801409082434137,0.0632689713262784,0.3088175178798932,0.0430318156214815,0.1588266737479126,14.2201122545112,0.1540104323602146,14.393767985439132,0.7720561324119107,0.2279438675880892,0.1736557309279318,0.0512705712379866,True,ok,10,ok
50,51,168.82763622335386,0.213694212058463,0.0271606915151955,63.69614312444469,69.9809328561335,92.60912088096649,0.5221404267850943,5.254634087268383,0.0224643248666518,0.1638972456182267,0.8360866276178642,0.8587040267643613,0.909362700817897,0.9589884912415576,1.0304535541080568,0.4863364583472158,0.3419491178877868,0.6337762221701296,0.1351002173981114,0.6891169616807779,0.0856233053969383,0.1647744904091506,10.978047059952155,0.1558575326191671,11.07997192276285,0.6588101883290116,0.3411898116709884,0.1019248628106926,0.0527856511071508,True,ok,10,ok
51,52,170.79175400261784,0.145767017547496,0.0294091383941442,68.57183648703224,51.197339684563886,17.086188583115323,0.5802765406053043,7.334940650185051,0.0319280943919425,0.1881645413837861,0.8118307541205435,0.8776741600281058,0.9196558306714604,0.9650209200893964,1.035310704671416,0.3959162661021328,0.4195001743431046,0.6862776022782388,0.1698850426503782,0.7329460329399903,0.1165882997330379,0.1613336341865452,14.981241740878088,0.1562076315704361,15.074064366216913,0.6514197219034062,0.3485802780965937,0.0928226253388267,0.0496701826277559,True,ok,10,ok
52,53,175.5044598409646,0.3131030276875194,0.024600276200901,29.2988360437152,39.13427592304318,45.187833625386055,0.5537565093652329,9.295391827256871,0.0539325779041659,0.1532501246346397,0.8467414404767842,0.8545462553173631,0.9087667457973372,0.9573044652800542,1.0511651378314644,0.4936479778320978,0.3124664680758476,0.6027995358945873,0.1189351374831576,0.657107243791744,0.0716940456764063,0.1577515204923239,7.595757644402674,0.1484630910728934,7.724059202978215,0.6969330454450338,0.3030669545549662,0.1283015585755408,0.0557929673105327,True,ok,10,ok
53,54,166.7131487425293,0.3459507784218614,0.0269931389950594,66.62380963127245,44.00546231480803,42.24776668540938,0.2570716642884649,5.727448051969742,0.0246863348513003,0.1776370753959806,0.8223543563484568,0.8838273863773793,0.9281107817506145,0.9694648018992876,1.030725929293347,0.3938547853098958,0.3113334400572277,0.6412014159378717,0.1436928327329649,0.6651805501394138,0.0921360478085008,0.2038040471313967,0.2718639486255547,0.2002020421108893,0.2833671474668855,0.1708471034937168,0.8291528965062831,0.0115031988413308,0.0558271720347191,True,ok,10,ok
54,55,150.84175783508266,0.3294402975381564,0.0290707611434331,59.39604510142679,56.0795605594284,8.73951120448316,0.377575735087946,5.804728071861021,0.0780285808631269,0.1910303353349776,0.8089668141031614,0.8954488720419276,0.9371078682475644,0.9665262464012844,1.0516543467689483,0.3263189547020375,0.3755573251465807,0.6686151391059052,0.1505719606605515,0.6376259639757633,0.1006746924225035,0.1673927520966787,4.688721599441102,0.1583799137448833,4.736082558091459,0.4659744857578375,0.5340255142421625,0.0473609586503567,0.0542775646978288,True,ok,10,ok
55,56,154.15569686480137,0.1293158815987795,0.0160456623863921,37.119247857710405,55.3071747408605,21.65240247984389,0.3236854142569738,5.4673417424452335,0.0758800141440395,0.2222884643509315,0.7777054351238187,0.8846776686263149,0.9318088101417648,0.9636234549647456,1.051841652872598,0.3777999424361569,0.3007828870242161,0.7275838855206083,0.0988333173076857,0.3457718729394808,0.0719095290256171,0.1671650065540207,14.314931847909964,0.1698962159706967,14.358702820365025,0.4793817399592056,0.5206182600407944,0.0437709724550587,0.0475361608929564,True,ok,10,ok
56,57,114.80325755200889,0.2146429303332915,0.0306065085644594,24.27070418248395,42.69763747492343,6.282677537024705,0.6445016242300559,9.14854182563015,0.0586166703309492,0.2361113173075065,0.7638848869718157,0.8816937854105851,0.922914895147593,0.9643395593870456,1.048976745083212,0.3680445894621348,0.3599834627485755,0.7258928982241407,0.1491245296712833,0.4824510088817392,0.1082484370393997,0.1924554792263429,4.259800641080712,0.1957937731735203,4.2790068773326695,0.282332798204059,0.7176672017959409,0.0192062362519568,0.0488207034947861,True,ok,10,ok
57,58,91.91042967431368,0.2692803546962206,0.0187534893169818,30.90449073072964,41.7488390369924,93.19216865213454,0.6970234343013575,5.66413359592268,0.0906017189734384,0.1665521207897611,0.8334312967418749,0.8386078858836219,0.900818172869468,0.9443621717447354,1.0619478345505786,0.5512034943151587,0.1673059534617536,0.61288431228019,0.0516056896128618,0.2582105519946054,0.0316283175881237,0.1574164649417103,9.927980197990188,0.1524182265485651,10.116307959264674,0.7792351089228907,0.2207648910771092,0.1883277612744855,0.053355087865621,True,ok,10,ok
58,59,99.06304135806964,0.3056854294952617,0.0197655983541261,39.44885841932448,55.76926981788922,46.78981780266494,0.3117603859772083,4.63020029570665,0.0215319895315051,0.2124047656885717,0.7875842456666785,0.8825780943303194,0.9263219018864376,0.9680297584202728,1.0273283692808188,0.3970821246273967,0.1975746620558583,0.6826110301113959,0.0747593723903008,0.2771889688470863,0.0510315721978247,0.207258492260932,0.3395672603309307,0.2116201343716527,0.3500914234619502,0.1668244701826042,0.8331755298173957,0.0105241631310195,0.0525610852111445,True,ok,10,ok
59,60,112.83381160641652,0.2442763155264066,0.022587488107265,67.85245804140067,30.019762489535104,59.46000216297863,0.7496784503967414,6.580311408275517,0.0841403330453747,0.1585065375631959,0.8414828750792952,0.84233915850446,0.9013973892144912,0.9464166480025852,1.0599119089992457,0.5314098190946137,0.2179375929045746,0.6127421405086402,0.0726173978112367,0.3854870363157529,0.0444957397730246,0.1596716054747839,10.415642109800691,0.1552681696517838,10.569198073753824,0.7415875266816402,0.2584124733183598,0.153555963953129,0.0535078800684139,True,ok,10,ok
60,61,145.43181139899465,0.1930582481642599,0.0138206223775301,37.81876456308075,49.65028457930953,2.289334763955884,0.1873875017145352,0.3664633401156155,0.0497955108142929,0.2456476309558711,0.7543516706203346,0.9416054129300452,0.9644080209685378,0.9813960711438068,1.0257208724231377,0.1469693197420856,0.3275465561987631,0.7822229920577203,0.088747908834993,0.2725324184487615,0.069420654787774,0.1425206814100882,14.402414808317973,0.1397123484996626,14.565196639067851,0.7767259834824027,0.2232740165175972,0.1627818307498828,0.0467925033287334,True,ok,10,ok
61,62,149.46732972730555,0.2751213161603341,0.0282790184333333,51.15135564840058,70.29066497361774,74.06512645194643,0.4012723662028756,2.00903906460563,0.0613788010500869,0.1974205829038783,0.8025643181158959,0.8708511749713537,0.9218228036680072,0.9573689366563288,1.0409955122141847,0.4384647225367363,0.3822209444804407,0.6650552509140985,0.1500007913326895,0.6097443059124016,0.0997588139170751,0.1612389554560265,8.166263166952348,0.1491265536957045,8.2881208451724,0.7008788916995436,0.2991211083004563,0.1218576782200529,0.0520064225014901,True,ok,10,ok
62,63,108.79265796717236,0.1791463923271778,0.0156849312700149,27.391734490464557,36.84954685026197,14.434797752512328,0.5161183727235727,1.0745015293710172,0.0555178765570809,0.2281126542310512,0.771883690109809,0.8957426060019946,0.9334793046525368,0.963945127931212,1.0330617400162831,0.3234609472206988,0.2609647361308184,0.7336557202181191,0.0699674174973276,0.236750754171362,0.0513319960758037,0.1453688947682052,14.7864982355558,0.143396810627615,14.96103312792497,0.7862802920265891,0.2137197079734109,0.1745348923691705,0.0474405203927563,True,ok,10,ok
63,64,109.66230602122192,0.1617637811909913,0.0164668905748009,60.69804121977525,33.66842826138106,11.88099216432977,0.5360480477338234,9.4365490268793,0.0149088280265148,0.2430580356920595,0.7569366525013852,0.883067651489811,0.9218029990509776,0.9705180216800764,1.0311198518347304,0.3760494523585343,0.2914063554797498,0.7420917187499013,0.0788943219215258,0.2456890541137088,0.0585468229543531,0.1423644538706357,15.722945405590709,0.140844666129773,15.898492898692192,0.7920595612083204,0.2079404387916795,0.1755474931014842,0.0460867143483685,True,ok,10,ok
64,65,96.71113718292588,0.1492965116520506,0.0288951320904105,43.58982487934303,48.947521406985445,96.48049327520788,0.988579762372956,3.7235155873939534,0.0127805678872332,0.1809893035908214,0.8189923797795277,0.8399599555261406,0.8902744723225776,0.9485605513189532,1.023121434499498,0.5392225763144322,0.2703726710766745,0.6510497981336986,0.0909191427176941,0.4113754159696808,0.0591928895128437,0.1597378525519018,15.172683110364224,0.1556168453967547,15.30822783466353,0.7310980785559617,0.2689019214440383,0.1355447242993052,0.0498541001197497,True,ok,10,ok
65,66,144.3580477398097,0.1553959689134018,0.0236163371105471,66.24111002743183,27.08077331827297,11.404601618296724,0.0871497663168122,6.550280458389347,0.0847571527396521,0.1822188519443247,0.8177778603980301,0.9029042366040666,0.9467002767526256,0.9714673701113908,1.0566974047775186,0.3119182253776169,0.331001948503748,0.6956130098048164,0.1116636913985168,0.5011251367999956,0.0776747164596385,0.1569907192296592,15.32211446699677,0.1551481850134696,15.442960131671777,0.7069288897690666,0.2930711102309333,0.1208456646750081,0.050098918894755,True,ok,10,ok
66,67,145.94445459290358,0.2753001181311629,0.0198856240421221,41.74445948659496,34.17877735118959,71.51803433250724,0.7323455893583269,5.587602315763314,0.0522474486450344,0.1650470818469736,0.8349400702211441,0.8473192034782582,0.9018932608984204,0.9506488073543924,1.0439687307677497,0.5167276844924207,0.2510850010149849,0.6167551996880464,0.0861044858209392,0.4355514117448744,0.0531053893465299,0.1583982414233564,9.07694583728333,0.1529414657955796,9.216665366128462,0.7213541340031862,0.2786458659968138,0.1397195288451329,0.0539710903099183,True,ok,10,ok
67,68,153.4498703591015,0.2914566909534339,0.0177828744855313,32.77951856970208,39.886634449903895,36.4799386924027,0.2400872162065368,2.584972831256521,0.0233960516230314,0.2159142816855715,0.7840772314702834,0.8952075706970655,0.934984487396377,0.9708583403916908,1.0235501974767536,0.3483818369907375,0.3331966189216047,0.6979861163896728,0.105906893287079,0.3845781723140666,0.0739215411443437,0.1479340748687833,9.073631417214116,0.1420566268733472,9.216833696194644,0.7371638645629116,0.2628361354370884,0.143202278980528,0.0510588424126608,True,ok,10,ok
68,69,176.00572356360672,0.2088973239885935,0.0121972897180295,26.46454139898757,67.59906365357213,90.58485730373783,0.5541376455470188,2.9049163912566827,0.0509557260910851,0.1712752581695532,0.8287086329203077,0.8590837108086443,0.9116605680385116,0.9540332758782242,1.0385278791512766,0.4802266107622885,0.202547046072903,0.6428188264384471,0.066097176114847,0.3197785235291157,0.0424885091810413,0.167282553911868,11.113741449639864,0.1631564658951588,11.255096958916454,0.731384283244579,0.2686157167554209,0.1413555092765903,0.0519156786815466,True,ok,10,ok
69,70,86.80951866485012,0.2738315831381201,0.0255636613516789,35.27530524105293,51.92753228712994,68.67482623699203,0.2233913695101037,2.000522303603574,0.0497610116319041,0.2117876851492884,0.788197298306052,0.8828008872070023,0.9305668060839348,0.9639622868881812,1.0355890106932764,0.4002373140884318,0.2786537624962762,0.6875632695914702,0.0844849203203473,0.3144000780515191,0.0580887280466328,0.1503732985424002,9.945688171698375,0.1433355847573606,10.110640434066156,0.7647286600632422,0.2352713399367577,0.1649522623677809,0.0507481173644754,True,ok,10,ok
70,71,135.8260282188333,0.2130148679118984,0.0180129294557821,31.32061212606953,30.2184214465275,48.589390582417785,0.0633545063106206,3.4233109253210725,0.0055343635654433,0.1772779040399928,0.8227128635451585,0.8997745042427834,0.9389500778691592,0.9764393144969284,1.0177957527792876,0.3425568233293786,0.2336280566148415,0.6757941079745674,0.0779653933441542,0.3618036440671618,0.052688553447899,0.172834674418355,9.301520478480024,0.1745188162734208,9.349366493786086,0.4776561819606433,0.5223438180393567,0.0478460153060603,0.0523223005517309,True,ok,10,ok
71,72,169.12867267397792,0.3350768743054703,0.0293522718393986,51.55327228540301,36.99552840642949,20.266670705437903,0.1154338668583205,6.755655404144663,0.0783363632197931,0.1674578033365711,0.8325376521104267,0.8925952357177274,0.939863161540519,0.96880323698744,1.0553868590004496,0.3558862816939548,0.3543943567446026,0.6398936407590499,0.1494284999250347,0.7428825288416807,0.0956183468501938,0.1741894111754286,3.328297374433852,0.1676409740441417,3.366506320957392,0.4053263581199278,0.5946736418800722,0.0382089465235399,0.0560581687481363,True,ok,10,ok
72,73,170.675469664135,0.1607873732254876,0.0116347733825837,29.11655266949184,64.8200612401974,18.461517984411092,0.6819439662844005,2.855298959109273,0.0748750595135851,0.2037509138896613,0.7962446037440923,0.8760774069481096,0.9210856358463048,0.9556401767868336,1.045836360750939,0.3934016260968049,0.2513578515054457,0.6988853598071102,0.0727269633070502,0.2842057346407795,0.0508278099185263,0.1513851291804742,15.408468362349469,0.1492329822160871,15.569833386885383,0.7685753983380209,0.2314246016619791,0.161365024535916,0.0485883839193301,True,ok,10,ok
73,74,162.10635495292098,0.3152725833641038,0.0237412270562587,39.79653488054908,72.58393578732387,84.78605498951023,0.9410674736252358,9.00561282982666,0.0368171721041815,0.1974079963278781,0.8025733009008964,0.8277400906179169,0.8857354600486465,0.9468351349029208,1.0442251940828635,0.5872432695656377,0.3360109993857124,0.627982601666017,0.1365734831788791,0.5551945694811232,0.0857657712852625,0.1694811445658779,4.919385140677797,0.1615640633928183,4.966815857109093,0.4699927410387069,0.5300072589612931,0.0474307164312962,0.0534872601452612,True,ok,10,ok
74,75,159.20388336211954,0.1627738324039716,0.0242973403072723,20.485001667020324,26.65202375411253,32.81202242002772,0.5314536074398488,3.952775923947355,0.0551892530257566,0.2482752353434241,0.751715504575479,0.8742360147654546,0.9208254991611988,0.9593630915167588,1.0403695878468378,0.4138509516756714,0.468417817558331,0.7402440042182274,0.1726312013902105,0.5226647376294319,0.1277892117700926,0.1450211019711846,14.34643506467894,0.1430216894643313,14.451418526568393,0.6940795447805177,0.3059204552194823,0.1049834618894531,0.0462722013539451,True,ok,10,ok
75,76,171.67281006448542,0.3493151068257092,0.0174986841057795,56.608249529760286,32.14244443273505,92.94985031980691,0.2782316262158142,2.73745216800821,0.0328773778806223,0.1619135715317725,0.8380708888545878,0.8755674826855638,0.9240789429361644,0.9635045717557826,1.030112936744988,0.4300603872469661,0.2606261221183216,0.6183371679578443,0.0874357699105244,0.4525274849486167,0.0540647863446873,0.1533771458195126,7.48904145849578,0.1453851707787722,7.673970541267784,0.7683619547928284,0.2316380452071715,0.184929082772004,0.0557505625676276,True,ok,10,ok
76,77,103.20987638470092,0.3048084430223081,0.0196151793141067,50.18835024264875,33.342370962845784,4.755127267256142,0.84754752379058,1.1989566762433526,0.0687145900834883,0.1946418791202858,0.8053567969883797,0.8939813943302668,0.9279975611967056,0.9590239204936272,1.0371115600496907,0.3062018309599569,0.2412000027370068,0.6784770047476829,0.0708288323945436,0.2930617699930216,0.0480557340528256,0.1511803086814829,9.091664687425268,0.1454803275359524,9.27338651595728,0.7758080435928226,0.2241919564071773,0.1817218285320108,0.0525137275862835,True,ok,10,ok
77,78,113.38174680868885,0.2016660837701073,0.027974444580291,53.33431666038864,44.558117595771606,65.6079863406325,0.2867992218254375,2.4243318651568435,0.0162862316574196,0.1904120496866092,0.8095749406413993,0.8843724852971883,0.9275166557951005,0.9676421505807402,1.021275441626157,0.3938353955042461,0.3143348357903234,0.6806054843283832,0.1085640447141638,0.4615502305804571,0.0738892842333317,0.1611762440513521,12.028336714416715,0.1546105772575908,12.186798236913038,0.7585595266604547,0.2414404733395453,0.1584615224963215,0.0504364175163043,True,ok,10,ok
78,79,155.30060503158873,0.169631041495719,0.0259266784370595,36.69024558284753,37.48632470982625,67.74965126498437,0.8871122639983939,4.554670501938708,0.056581288034102,0.1726581768411683,0.8273291851342763,0.8424381456529759,0.8969984832931467,0.9464186340426928,1.043737467080116,0.527733314767445,0.3317592749992533,0.641012804042524,0.1249672655145751,0.5987639893112917,0.0801056172810244,0.1613514370280215,13.275434964454517,0.1577863347620915,13.382321452607522,0.6766141113202246,0.3233858886797753,0.1068864881530065,0.0510861085822983,True,ok,10,ok
79,80,122.84505802414532,0.3222136449317061,0.0282111543287044,53.98980000660381,57.89617754397781,15.760168735250376,0.4134141754061579,8.81476669242971,0.0026936177939408,0.2093495952157975,0.7906451733526031,0.8880227795224614,0.9256873388953542,0.973990117849797,1.024949855430516,0.3652933934756018,0.3631332844326419,0.6816892552981967,0.1304123809286785,0.4925127410620548,0.0889007188369356,0.1559149525654636,7.197767206693793,0.144165064205214,7.349945050703998,0.7447739360898744,0.2552260639101256,0.1521778440102049,0.052149719880056,True,ok,10,ok
80,81,174.61321424462022,0.2870034584986015,0.0310172546066521,44.61407521061752,55.67459779643813,1.885741457697563,0.5421715782250744,0.4916995853737866,0.0455314356655095,0.1689803493213733,0.8310191573200255,0.9264618531481432,0.9495312650614308,0.9738751815610024,1.0237688706736447,0.1893798412898763,0.3876274178882014,0.6789732520142208,0.1645035341795122,0.8090005126138776,0.1116934995696959,0.1764530411941215,5.156283645316165,0.1680344864479788,5.19523917285192,0.4156796605511585,0.5843203394488414,0.0389555275357553,0.0547597326338266,True,ok,10,ok
81,82,80.5811370623308,0.1407803175023426,0.0300269368049343,57.86325717268216,63.84776067988029,32.00556616255563,0.2683720053184659,8.490131870985053,0.0159895919304567,0.1928216137365235,0.8071705257492826,0.8823451084767828,0.9260935178846688,0.9719508477055128,1.0317521454594585,0.398331702680248,0.269835004484939,0.6930482282091647,0.0838639160050137,0.3510484143370462,0.058121738397957,0.1572755874934697,16.70374599791136,0.1521015133070991,16.855668005843594,0.7566769363156806,0.2433230636843194,0.1519220079322357,0.0488532511525143,True,ok,10,ok
82,83,118.23794091388392,0.3194683945664436,0.0316748620164954,24.918570215693137,28.45194665153921,77.76679728087234,0.8572726090257682,9.350349918711718,0.0172166716415568,0.1859926196846352,0.8139910162829431,0.8354878093124664,0.8898214788258296,0.9523325013114872,1.0359094751627782,0.5618472843946527,0.3295238223696546,0.6209872874318167,0.1252168599922718,0.5479595505769213,0.0777580782273304,0.1582129592174303,6.996493783366937,0.1488819142483987,7.134610678078219,0.7201242664500707,0.2798757335499293,0.1381168947112824,0.0536790232240267,True,ok,10,ok
83,84,96.42061936331496,0.172701097457475,0.028306287026252,28.088598814505588,62.89845854035983,61.93435261306183,0.4287188939982492,5.310047296936022,0.066797914012103,0.2087235867161908,0.7912622873517823,0.8634688773159691,0.9173548692146956,0.95682472409824,1.0496542024793138,0.464933894374987,0.2900519313795533,0.6899398077377104,0.1024026139143532,0.3881777063123549,0.0706516397559078,0.172931084964705,11.086495151946991,0.1707140076296678,11.131014150257029,0.474107356106335,0.525892643893665,0.0445189983100362,0.0493816715206408,True,ok,10,ok
84,85,109.67378450525496,0.2974532856413188,0.0169017892518175,25.902849018878364,74.21097960183693,47.1542107955268,0.3242478489256379,0.2847260440349598,0.0513905718680351,0.2445281006128364,0.7554602193884586,0.8882069481713203,0.9322041123304848,0.9631976372178708,1.032090241740199,0.3710058546161726,0.2420457845895831,0.7208479835893761,0.0814783695310791,0.2517122848782742,0.0587335183826284,0.1839210623704221,5.987416758015659,0.1806285120305057,6.040974067138487,0.4825688304683207,0.5174311695316793,0.0535573091228287,0.0574264630177231,True,ok,10,ok
85,86,139.00294646214,0.1637843599086667,0.0287940724228021,31.64054401882517,38.08242265432828,30.308789897561383,0.7898708627512563,8.397981145746282,0.0109290203217298,0.1983324564982553,0.8016597097263242,0.8581744876198547,0.9032789038344732,0.9599583555923474,1.0291762293525155,0.4691022280995794,0.3255009907440357,0.679067896485004,0.1426905929537007,0.5767325396675735,0.0968966008052675,0.2007879026543981,6.678902343414553,0.2062685433468842,6.700024612463717,0.2970657070401303,0.7029342929598696,0.021122269049164,0.0499807514227029,True,ok,10,ok
86,87,147.12595573541049,0.3382511290836241,0.0172262845188051,58.85665772314093,27.882994264011604,15.960856744604497,0.4474213922487031,8.69862118749026,0.0412517462190316,0.1541635246081626,0.8458326047265652,0.880622733018618,0.9242151716796794,0.9672917399898756,1.0420945134819657,0.3894147796164517,0.2153754925355213,0.6186176800212938,0.0702313064523596,0.3853209607945232,0.0434463278624232,0.1582773100081098,7.5506775637038785,0.1517934996551638,7.712236842610985,0.7420377867852235,0.2579622132147765,0.1615592789071067,0.0561645106145024,True,ok,10,ok
87,88,74.02022205864372,0.2237262276379234,0.0261708272719889,59.36599574255703,34.566420850643844,62.472445116464286,0.4329379411147942,6.617918088756516,0.0961554808599758,0.1662787210737117,0.8337097178769265,0.8554370334408502,0.9151201924309056,0.9522694942954704,1.0654992965835677,0.4939699031520577,0.1675797545046503,0.6324602542079802,0.0579017919140954,0.2902952955816224,0.0366205820330863,0.1819057079792919,7.956780547458742,0.1829832820472346,8.000648974507097,0.4494458137942256,0.5505541862057743,0.0438684270483558,0.0537371701158899,True,ok,10,ok
88,89,156.25210107130607,0.3113164407192481,0.0263388673445253,27.89742159420845,28.636530212834305,19.773000269697757,0.5952718380860481,0.0938526302719609,0.0700189993384697,0.1629374994072534,0.8370591664770861,0.8869125801788389,0.9284921684679902,0.9581821208844508,1.0382695482679063,0.3553040673616484,0.3281811632333421,0.6380158903180926,0.1205341733794046,0.6192077978217815,0.0769027179424162,0.1574273611661678,7.586912995865834,0.1495534525431959,7.701452177953591,0.674662830689049,0.325337169310951,0.1145391820877569,0.0552332981462221,True,ok,10,ok
89,90,141.26323693834064,0.1933137921392599,0.0154815961887092,60.59533075048829,58.6934823489374,9.587231755384058,0.2397788065596345,2.2574611999090224,0.0080716079519233,0.2434583338509517,0.7565387240481339,0.920253747082014,0.9478158703063913,0.9800126266440196,1.0132600107778638,0.2415275049478104,0.336859806340556,0.7630012549375821,0.095704439063409,0.2973947866316475,0.0730226071084784,0.1437518662303045,14.08018206362787,0.1401622715317945,14.23987464313567,0.77286194285838,0.22713805714162,0.1596925795077995,0.0469323953450012,True,ok,10,ok
90,91,81.82816377247275,0.2807788020020613,0.028981250065976,28.9423434845866,64.40421305924775,28.108930051009217,0.350356937254369,4.322554824949594,0.0340162005300581,0.2258296500234803,0.7741629466219603,0.8881385455815017,0.929880535978312,0.9678777744847892,1.0312567486901627,0.3684393971634802,0.2871006611310393,0.7054608463904105,0.0962658872681741,0.3299967026312342,0.06791181431073,0.1686317521275705,6.426184469822264,0.1632415476114129,6.471899609437244,0.4735169173218341,0.5264830826781659,0.0457151396149801,0.0508286963973434,True,ok,10,ok
91,92,120.2038568387256,0.3004319487123812,0.027313928635328,36.09076218246844,50.05810856705298,54.307462155154674,0.0925572774211008,2.629580222567099,0.0445618044782383,0.1753713140129617,0.8246186840608033,0.8925528653152713,0.9377624617903448,0.9692639693972616,1.0340071036585314,0.3667898880146054,0.304652519566829,0.6529614534240831,0.1035006784787292,0.4866458711948521,0.0675819534498497,0.1542509516117638,8.93371976335731,0.1449313580433679,9.098418295387033,0.7537834043471047,0.2462165956528953,0.1646985320297214,0.0537972999027636,True,ok,10,ok
92,93,167.68118757266728,0.2325444855249982,0.0298804303697141,33.20971055434796,35.46692143010033,39.88569392978592,0.6303427035535952,7.478254038520293,0.03029514845213,0.1586508996315461,0.8413414856655994,0.8609190862760392,0.9092350197423424,0.9595959503989152,1.0366298087782693,0.4658984565662604,0.35934136509562,0.6279872869452152,0.1428867216907858,0.7577061162682728,0.0897310446950926,0.1599787115730603,10.277283207678169,0.1529302258902809,10.387095371112148,0.6722422833025202,0.3277577166974798,0.1098121634339801,0.0535398990017635,True,ok,10,ok
93,94,99.007442707034,0.2783738087516804,0.0250949332646282,50.77106843892935,31.38241066834249,75.48376999092133,0.729840639050873,5.153220736585161,0.0589634216153279,0.1557452773696925,0.8442420490993826,0.8466000726470154,0.9021384043347012,0.9494156175574668,1.0462375224896527,0.5194039591666165,0.2085301945982138,0.6063730252407648,0.0695602946136226,0.3770319609432451,0.0421794862815012,0.1600909156752545,9.224837606768135,0.1543010161124419,9.383581953405615,0.7443677137859899,0.2556322862140101,0.1587443466374775,0.054516308946407,True,ok,10,ok
94,95,111.64030327993753,0.1204557530651162,0.0160892470110125,54.546980811929984,66.4418896080946,86.45786128027974,0.4813597245353315,5.670180996297347,0.0593969137371802,0.1802743081718759,0.8197089951859821,0.8553425330489532,0.9112372646166742,0.9548363163344896,1.0477570345709455,0.4976863743935621,0.1987033002103042,0.664958932638459,0.0582087248416316,0.2646511144591574,0.0387064115409371,0.1560885994124335,18.07743855715617,0.1539696489807184,18.253786032407703,0.78285592786113,0.21714407213887,0.1763474752515336,0.0489142478516421,True,ok,10,ok
95,96,148.88200254632096,0.2200022013830457,0.0216225667062465,22.25209513497588,59.26714739802975,87.60879692820878,0.0505638792900247,7.942393946448179,0.0763667318579356,0.2476247807320248,0.7523515436409852,0.8684296904035339,0.9270872789570024,0.9629899179305734,1.0599662073523617,0.4652655416057523,0.4214199221912234,0.7216927567874485,0.1432987400632499,0.4353389876660536,0.1034176627604148,0.1419852176318606,11.97866057206447,0.135802493726223,12.132661863101848,0.7652072049189019,0.234792795081098,0.1540012910373774,0.0472530751622962,True,ok,10,ok
96,97,168.96861990921434,0.2579551427384894,0.0132782065776649,45.221507716013065,41.8231583274038,88.78061369636616,0.3735862156023525,7.715089512624384,0.0359644289119692,0.2398717137833093,0.760105047763131,0.8586794429962781,0.9127641283447556,0.9609035371152558,1.0413590292987909,0.492241046133041,0.3212455434057554,0.7009914787899693,0.0967439659638961,0.3065324058889492,0.067816695765038,0.1432887877416416,10.28284169566088,0.1393149988169257,10.437851284374036,0.7613341109203043,0.2386658890796956,0.1550095887131536,0.0485929906140451,True,ok,10,ok
97,98,158.3466409642915,0.1845669795682985,0.0245080347567164,45.67773913736372,29.697569782876787,42.97297293106474,0.210794306857295,1.0504158552830898,0.0978612587286907,0.1568950031733198,0.8430980563973791,0.8865693332831704,0.9370466632623672,0.9595554151047472,1.0543366135042838,0.3779914717490042,0.3057275971993393,0.6526321473843807,0.1094467740862084,0.5881020998996985,0.0714284831961753,0.1622059150410333,12.99557792693486,0.1589842972033246,13.108369238671273,0.6826206279497785,0.3173793720502215,0.1127913117364119,0.05244147953621,True,ok,10,ok
98,99,118.75469251682252,0.1829280403642763,0.0224503118585299,64.74833686590152,44.30007012414063,83.3181796711873,0.4554953159037817,8.255073861743817,0.0692448311063857,0.2141577241366703,0.7858225653819901,0.8493300696348708,0.9088803001638012,0.9542037814209404,1.057279166127564,0.5218070057732977,0.3229792964696986,0.6828818733489753,0.1026370519881071,0.3765780071107308,0.0700889823366547,0.1469186807016799,13.996823354854165,0.1428112302555075,14.188634019100208,0.7991451763807483,0.2008548236192516,0.1918106642460425,0.0482091343026199,True,ok,10,ok
99,100,95.16875814866518,0.145880978538844,0.0265712090535447,34.89093763203141,52.15655283216348,45.93376027389448,0.3398686312339952,3.8227520355233056,0.0776569572230002,0.2018164740796316,0.7981734151388893,0.8750858815313809,0.9264444479716883,0.9590062208748684,1.0509305427257294,0.4199155703034744,0.2922569675391596,0.696487105468379,0.0917363358471085,0.3627941508587829,0.0638931750204277,0.1547266770858071,16.08272507563862,0.1508467540605736,16.22557690454597,0.7466175194705518,0.2533824805294482,0.1428518289073486,0.048480178689592,True,ok,10,ok
0,1,154.73233632343633,0.3316974980349856,0.0199204574612462,50.21274993589982,30.772765760701883,43.38327269330247,0.7624122387333114,3.907201242511352,0.0864471954523332,0.1738827970576613,0.8261088469705554,0.8533975907966211,0.90784812029428,0.9474267663255094,1.0549339797938957,0.484299323397586,0.2825496214597662,0.6206840387187531,0.0963418933833211,0.457693730079408,0.0597978754829713,0.1518388457910872,7.792045527763012,0.1442714379821142,7.967933597505124,0.763317491304905,0.236682508695095,0.1758880697421118,0.0545377645217251,True,ok,10,ok
1,2,79.23257994885944,0.2546401496355822,0.0292505522748025,43.70914364730106,31.5443550529342,3.9388331361944986,0.0001695828046092,6.626095508759155,0.02611994649073,0.1983590063461452,0.8016388979493271,0.931823134934071,0.9594803257217964,0.9874261574624656,1.0284668113358706,0.2004689196669842,0.280242852980243,0.7147524675934362,0.0826326498242684,0.3339442343027379,0.0590618903656802,0.1516906399400402,11.081756468246509,0.1461972737731022,11.247695743641254,0.7641520409839179,0.2358479590160821,0.1659392753947463,0.0512155138289843,True,ok,10,ok
2,3,178.66363060073547,0.230770766393024,0.0194658501022454,65.66994239423254,36.04016362020667,28.4971308012598,0.9448840895118884,2.8831953930401784,0.0471749465747394,0.1634432399293205,0.8365514765627888,0.8598071295715528,0.9051566779226314,0.9509690196872288,1.0343281711802184,0.450808945887236,0.2885922000635391,0.6344011198564473,0.1021757491708386,0.5229491955038038,0.0648204096961515,0.1597886049684169,10.672833505309214,0.1553569232202765,10.795934125110492,0.6986706472564976,0.3013293527435023,0.1231006198012771,0.0530920115689715,True,ok,10,ok
3,4,149.03921118916767,0.1446631284516335,0.0317866855024607,51.65850542238009,57.24212301513204,88.14118613783602,0.880989844239837,9.11395618812664,0.0064347692501584,0.1836153608199308,0.8163666181102331,0.8343654425612099,0.8879023580819786,0.952686613703681,1.030852928459944,0.5670333703815115,0.386325740617101,0.6497428232808775,0.1563704623366506,0.6951656839099948,0.1016005856763515,0.1613914311487734,14.829988870197774,0.1552694077561756,14.9374096544819,0.6833283029758861,0.3166716970241139,0.1074207842841267,0.0497815206933059,True,ok,10,ok
4,5,158.40142812107555,0.1478110501333367,0.018145528692183,58.90054243732411,64.0706432162643,31.05177512862993,0.4491041745122172,6.104021734432638,0.0054084390404811,0.1969695456366768,0.8030230470645012,0.8813692539913276,0.9218256574316656,0.9691785619402136,1.0221548681734451,0.3940660128141211,0.3127168823851322,0.6960671327036212,0.1017657021912152,0.4148719078165864,0.0708357605318098,0.1556814648624071,15.877208459347392,0.1523185136126881,16.00998611852088,0.7308369894179343,0.2691630105820657,0.1327776591734885,0.0489012392621771,True,ok,10,ok
5,6,99.68156567895672,0.2441940110704053,0.0232181930408392,52.023677219009805,45.51192430340889,19.83199777958818,0.3351804950951501,3.276095090192859,0.0899040742599622,0.2078553797603812,0.7921397473148933,0.8889296184089337,0.9353952618512732,0.9616862802424292,1.0535884620938478,0.3582704096729487,0.2852517936056181,0.6955478117167296,0.086471306085622,0.3295356263057275,0.0601449277241419,0.1507036245808324,11.105493186880732,0.1451632932340997,11.266855242203071,0.7622361574559547,0.2377638425440452,0.161362055322339,0.0503335638685719,True,ok,10,ok
6,7,137.5728072972728,0.1460193102199899,0.0177275054522093,55.26533670191089,60.63654879255061,33.65382329008695,0.7804174458375813,9.305767645971663,0.035612472050422,0.2242284698150137,0.775761722000827,0.8509155814149937,0.9013528567598692,0.9559423004306736,1.0423193047609625,0.4968020259820921,0.3159959477902764,0.702932605665102,0.0982985872575229,0.3400680829408875,0.0690972820741289,0.1495678070110899,15.805609651403492,0.1467307380321736,15.94970090292324,0.7537734044305385,0.2462265955694614,0.1440912515197475,0.0470686523357165,True,ok,10,ok
7,8,76.10558318529856,0.2719563379682046,0.011165581300499,51.30916837706454,53.01837775378661,80.51402809675949,0.914852245696292,9.011959825092095,0.014526492025113,0.2211936824214361,0.7787863108266585,0.8332640470068238,0.88740369632623,0.9511108240094932,1.034096399479218,0.5683552257385782,0.1463206566181454,0.6634976536397462,0.033788363233651,0.1189524701203586,0.0224184997258549,0.1307963657894137,12.09391924459078,0.1260812475312476,12.250755911030506,0.7668396663900183,0.2331603336099816,0.1568366664397259,0.0476867474025075,True,ok,10,ok
8,9,125.60032010345876,0.3157836520942788,0.0236914464075016,38.97540462165045,26.07334233697366,65.78472472970455,0.6397169057409634,3.782436649348583,0.0985242341096251,0.2268539500449113,0.7731301221291865,0.8509497045914753,0.9095723648654492,0.946469153683263,1.0610044940707362,0.5016740592042107,0.3657809628620047,0.6739199118191179,0.1213434836409329,0.4135159026281846,0.0817757897951221,0.1417891249978137,8.38465082442631,0.134993693545733,8.561643528562078,0.7776414216035207,0.2223585783964793,0.1769927041357692,0.050609246093174,True,ok,10,ok
9,10,113.44279702317324,0.1241695988404902,0.0196980471601191,45.86382340912554,46.04031187124558,64.20124128553977,0.4110852950457812,6.826319887877318,0.0380429414181854,0.2088076621017341,0.7911774198957912,0.8642597232490059,0.9155289356663392,0.961387122952914,1.0398236847972235,0.465757712259725,0.1873337472112644,0.6990793849189179,0.0838754485095024,0.3177834547932247,0.0586355969538213,0.2543651187564953,0.9822134433734852,0.2791987113393059,0.987305644715508,0.0950080244694831,0.9049919755305168,0.0050922013420225,0.0485053907609284,True,ok,10,ok
10,11,128.07513433347503,0.2978540903735907,0.0116112704419059,22.16854824083152,50.18893710598572,12.10642315337608,0.8798759359789324,6.004456221716286,0.0032300645637161,0.1534420052042313,0.8465550807608537,0.8759075586490044,0.9113097142471982,0.963580156193094,1.019037815786255,0.3887790850161142,0.1387318546146159,0.6238971842618622,0.0410161009070494,0.2262856847136605,0.0255898298653085,0.1588654989875688,9.456548225853254,0.1538502428208192,9.663249074197775,0.7902133734502054,0.2097866265497946,0.206700848344523,0.0548751452912618,True,ok,10,ok
11,12,88.1764140581395,0.2059101679638119,0.0309120113258719,64.61442463090225,37.36477056655371,17.938042339082312,0.4339539790256398,6.398684928173712,0.0102667634153594,0.2051667471832698,0.7948281705707427,0.8897823297179153,0.9271959685214244,0.97167887210641,1.0237903189555173,0.3572650225222953,0.2917442079016606,0.7002542439127323,0.1005205201418113,0.3894128221763675,0.0703899208296186,0.170882806865271,10.901042534991092,0.1641078775793397,11.074322154960583,0.7777748147678349,0.222225185232165,0.1732796199694908,0.0495093115816222,True,ok,10,ok
12,13,163.9639175220271,0.2147282975770965,0.0139615452349341,20.88261643923049,47.02251479421099,10.346579288278928,0.7519468484609485,8.662555113784355,0.0519791913695308,0.2097787194298475,0.7902171350339129,0.8708457657477721,0.9144852698952302,0.9602470671645186,1.0459786995112688,0.4096105349511448,0.2846068853767098,0.6916205265754308,0.0863195336841624,0.3251513159398839,0.059700361340386,0.1500639290117809,12.19699559076228,0.1467983932224333,12.348624815973157,0.753678391866664,0.246321608133336,0.1516292252108758,0.0495563558634733,True,ok,10,ok
13,14,95.900914019889,0.3013763150657196,0.0185290289608669,28.916164431908392,50.619872503273626,93.92844725607996,0.9551466846130364,8.980858804599105,0.0643518138894017,0.2399844437547217,0.7599906278031813,0.8212124244962695,0.8841516172602938,0.9418043976205857,1.0567856991317002,0.6105547822121435,0.2006829058369244,0.668529954181863,0.0766586041091773,0.2427397735771481,0.0512485730927539,0.2041223210002321,0.3507349698959139,0.210858038601186,0.3608690708272148,0.1660328487973601,0.8339671512026399,0.0101341009313009,0.0509026216492372,True,ok,10,ok
14,15,135.37962022401405,0.1386969039821601,0.0212143012844124,41.92934882396053,40.30178264458296,59.76192913513989,0.0821001984241524,1.1070201271072089,0.0661987973124028,0.2377182556667317,0.7622672542729251,0.8920061804204568,0.939599776024417,0.9657703505226272,1.040902429012759,0.3679471785696154,0.3835380401866801,0.7446672191708106,0.1227236686911567,0.3935016763525906,0.0913882930906835,0.1468887055773024,16.702957632751954,0.1448559271647202,16.83138261202945,0.735317957902414,0.2646820420975859,0.128424979277498,0.0462273298322186,True,ok,10,ok
15,16,78.79068950218738,0.2694731203027401,0.0282886891606908,42.60311412263785,59.11772813429485,66.54045278196709,0.7472508876472161,8.38648888659449,0.0438864850785687,0.1542170257564607,0.8457713031114333,0.8420634856031294,0.8977175407680995,0.95191551284821,1.0456499929380745,0.5373791553358541,0.186455074728043,0.6030969501686159,0.0617888643544632,0.3388425719540917,0.037264675646559,0.1625940608394928,9.72805232308394,0.1544593654362467,9.898743378046214,0.7586704907204364,0.2413295092795636,0.1706910549622747,0.0542960205205028,True,ok,10,ok
16,17,166.56623077043722,0.1900188116986993,0.0170902640711793,25.194077855556053,38.30936315196976,14.54220894847608,0.833849067867803,8.543579691303407,0.0744773535407195,0.152355844500093,0.8476405111161315,0.8582192420276211,0.9079101867292062,0.953120372672315,1.056546687515883,0.4558170002619119,0.2323203870452566,0.6297407289350755,0.0779583319277736,0.4337152927271049,0.0490935367747587,0.1622247095451184,12.868329959623331,0.1594752594869896,13.003729640603884,0.7199226484868748,0.2800773515131252,0.1353996809805519,0.0526756369235776,True,ok,10,ok
17,18,157.15693877141427,0.127021908270241,0.0131555736447124,58.32012439615621,73.77211918394207,90.69041105564608,0.2287367497065224,8.153064031218486,0.0754350251140242,0.2238178585689755,0.7761599651036696,0.8585415249242283,0.9184201556096498,0.9584901638198284,1.06004235483191,0.4962249567108444,0.2840553335351847,0.7084632799444244,0.0831837347104793,0.2884376097420678,0.058932621531013,0.1485361867380396,17.446889326703236,0.1465501256762345,17.603159315705078,0.7703953169544739,0.229604683045526,0.1562699890018417,0.0465739088811413,True,ok,10,ok
18,19,171.5818022898573,0.1746304131085751,0.0129229746718458,33.05409858912981,49.75123175848531,72.82775892807003,0.4802109660306263,5.0692815820928185,0.0970527130726443,0.1882032319435884,0.8117820160481511,0.8541906707520801,0.9138422697634614,0.9501344220038814,1.0631332428006584,0.4974843736442314,0.2435692455470506,0.6626159702459312,0.0750156946351998,0.3235418345666367,0.0497065972843754,0.1543692382043605,14.06414181927629,0.15221157682629,14.217987674652433,0.7550348913128321,0.2449651086871679,0.1538458553761424,0.049914073000995,True,ok,10,ok
19,20,176.23964490004724,0.1356820738600999,0.0207701611219092,40.6447667242665,71.7531151956299,82.73565310830227,0.5730615408055961,8.032794494242246,0.0021205315182572,0.1933695687969281,0.8066127669213533,0.8541962744934253,0.903990836264475,0.9613708247199494,1.0266136509845691,0.5031312402728001,0.3498074491728972,0.674311477590094,0.1272414395072145,0.5307205028691369,0.0858003630848004,0.1594784704210932,15.867791963256025,0.1552615688891429,15.978724472557728,0.6938034557148888,0.3061965442851112,0.1109325093017037,0.0489578867289702,True,ok,10,ok
20,21,176.78351891940054,0.2478605796464264,0.0214574762133277,49.09806393379072,33.8145116935336,81.86279565641098,0.5175102278516718,4.233098512747534,0.0303153964247695,0.2030567965085517,0.7969256145275767,0.8624254911065126,0.9122923622401864,0.9585871405414554,1.0316792431360562,0.4701043376971338,0.3793460799505332,0.6696071356077369,0.1384627207833974,0.5433698031032753,0.0927156258522246,0.1516934526976703,9.888448559633307,0.14653472332285,10.002789885449912,0.6914141910632692,0.3085858089367308,0.1143413258166044,0.051031799720157,True,ok,10,ok
21,22,163.2965723781573,0.2847811832353324,0.0298779776054752,47.38619825170633,68.88591175375001,47.253553800839,0.5027330813527473,7.250453206691284,0.0506407832135909,0.2206965820484048,0.7792912774842604,0.8619451127530956,0.913703591271308,0.9588368108964864,1.045688756694561,0.4672173101038085,0.4447529456016829,0.680637525555704,0.1935552977379543,0.6834163757497177,0.1317409989105588,0.1644706399630935,5.933839252824253,0.1551012791399673,5.978352205815878,0.4647858386225508,0.5352141613774493,0.0445129529916256,0.0512579360775103,True,ok,10,ok
22,23,121.27399103493929,0.2503237895061215,0.0244673060827299,54.080778534916575,55.60437734719584,76.02229911685926,0.6509617103607023,4.518228428493546,0.0614552839166628,0.1763561121555244,0.8236295680664462,0.8516360956435822,0.9065720306024752,0.9509758036598426,1.0461040790169416,0.5030002367083383,0.2735436106535422,0.6354912639839293,0.0940669153792121,0.4392816416773991,0.0597787029534048,0.1587557486851596,10.07577401438709,0.1515927086350419,10.21267900046854,0.722278449710877,0.277721550289123,0.136904986081451,0.0526410070687712,True,ok,10,ok
23,24,115.50837546047066,0.2785059499266849,0.0242468232196849,34.18518765161039,32.6235193663581,2.086604271225311,0.244552776015254,9.566314058033475,0.0334660674393607,0.1705704054091529,0.8294275652102329,0.9192996412184492,0.9486560775873756,0.9827609502587769,1.0366344865537545,0.2345535738514302,0.27474563507811,0.6749564859153329,0.0858686173676155,0.4175457676908483,0.0579575802288541,0.1529923779474671,10.307713105860678,0.1464471955522401,10.507331491421828,0.789050965683453,0.210949034316547,0.199618385561151,0.0533670288705357,True,ok,10,ok
24,25,144.73897775783576,0.1697599401827415,0.0296933217070716,31.00470948567617,56.40092718743625,42.26291855062768,0.2395415298716927,5.7627187458248965,0.0177973783839934,0.2049612018792503,0.7950289051542027,0.8856429878123656,0.9288433162465992,0.9709345012231436,1.027697199273433,0.3881600589455118,0.348267930247788,0.7020171391338456,0.1583412995174178,0.61416420735193,0.111158306093953,0.208016376498456,5.144006205258993,0.2126519546958858,5.159440505201601,0.2367650706897376,0.7632349293102624,0.0154342999426073,0.049753947198935,True,ok,10,ok
25,26,101.3198192731994,0.1640406721336528,0.0316376994918504,20.08352639834416,38.5361814024314,85.66112822483838,0.0235432938019595,7.947578931059632,0.0683848765147691,0.1711922695654904,0.8287916998160677,0.8713503031272137,0.9285121408572964,0.9649831069971656,1.0563365839659935,0.455587830166254,0.2075126443055981,0.6574806561230921,0.0986464402469751,0.4775314678392414,0.0648581262577886,0.2476921112220722,2.6736991395966783,0.2615435473769757,2.6841743894737893,0.1683569610598898,0.8316430389401102,0.0104752498771109,0.0517452238779633,True,ok,10,ok
26,27,131.69755948813028,0.3104702034635466,0.0214135991144092,39.64673739128344,69.92740878591138,9.608092557335429,0.3288062275262242,7.399832210299073,0.0287628196569161,0.2456684244569943,0.7543273163817769,0.8998086452601689,0.9360768865081768,0.9746725963979213,1.0328600632523648,0.3168002155757843,0.3604115240735528,0.7291333244430174,0.1245321724222377,0.3823706325137863,0.0908005568783372,0.1611352187929385,5.524243739005268,0.1557950258421929,5.5699353721955,0.4764746792059059,0.523525320794094,0.0456916331902326,0.0502035637305826,True,ok,10,ok
27,28,130.59199489045625,0.2283661575952948,0.0231414629500398,59.12242911959338,47.88873914306605,70.21459565345715,0.6823855241473576,3.54508784892655,0.085259675612778,0.1942604942921734,0.805725043478103,0.8502860599730495,0.907382086158845,0.9470442252871026,1.0546999038305218,0.503939138659912,0.3090607179509221,0.6568970426081048,0.1055313482170585,0.4376747865642093,0.0693232305462318,0.1549797187442702,10.952044757375948,0.149366047805987,11.084472925116732,0.7220184058592821,0.2779815941407179,0.1324281677407852,0.0509856713886771,True,ok,10,ok
28,29,82.12268809446427,0.3210338525763829,0.0287741018232955,30.129859794248965,52.99978480580542,15.692343632160217,0.1680766311339706,0.2010626130900408,0.0488907332287591,0.1970904463655088,0.8029063880188173,0.9149646405434552,0.9496876231515072,0.9732159550552096,1.0285023628519727,0.2651467559651577,0.2737773024963455,0.6889887551945978,0.0837133613610205,0.3410257284528745,0.057677564637285,0.1529957238763052,8.507626463489267,0.1438375003382704,8.672271922520313,0.7568795454221877,0.2431204545778122,0.164645459031046,0.0528864587316499,True,ok,10,ok
29,30,126.4615028860661,0.1866948244871081,0.0265842553211151,29.655219739282167,61.56836583309844,56.76956013594189,0.9924290821098354,1.5451888093310706,0.0586126022360051,0.2351218999267715,0.7648641548297983,0.8474076520318603,0.8984701403701061,0.9444236227668784,1.0382555525628543,0.5012551893574366,0.2996885646396335,0.7047909676473163,0.1420885156806072,0.4621941515484463,0.100142702458106,0.2340131989474901,0.7130571204138683,0.2445969868738104,0.7201526460686261,0.1280235358556746,0.8719764641443254,0.0070955256547577,0.0483280775704868,True,ok,10,ok
30,31,85.26057668523875,0.2450053063151629,0.030196576032955,48.78084767422352,43.19438238187685,15.997787723601435,0.7186903444501664,8.564468781518114,0.0619959308380488,0.2423652317844769,0.7576286408380742,0.8642453355853243,0.9121880894203416,0.9573866062590808,1.0511658046417414,0.4393006419571387,0.3551964845590427,0.7133566806459023,0.1121616952878481,0.3506062475733961,0.0800112946461565,0.1452479579770394,10.770367264994558,0.1389504028924684,10.917027970628832,0.7526317146775572,0.2473682853224428,0.1466607056342755,0.0482031338427892,True,ok,10,ok
31,32,144.54977703496323,0.3293136877754351,0.0180979909445807,43.48324090160936,32.60091227076892,86.95146177522969,0.675250005680635,9.475509479938612,0.0195676162281563,0.2466141641019058,0.7533618867894538,0.842011534833925,0.8967493331037286,0.9559329671900192,1.037456702356044,0.5453353670379423,0.359411935122042,0.683651410804391,0.1159752404064511,0.3542490850101451,0.0792866367222487,0.1413143755822707,7.625415810493166,0.1351287667262645,7.771114393569714,0.7452021551266139,0.2547978448733861,0.1456985830765474,0.0498169318400626,True,ok,10,ok
32,33,145.83191343581592,0.1849156218112534,0.0155414106111029,66.48515107341203,27.737694039345268,93.8660353612786,0.6227448448959885,5.260565259838748,0.0808215994632983,0.1731785600548746,0.8268041637738244,0.8446741829249219,0.9046965530992548,0.9476475384077346,1.05675509049831,0.5316765867696281,0.2240725202039518,0.6390042388651004,0.0705566179759688,0.3368239490939534,0.0450859779666296,0.1561255669635214,13.384383051022128,0.1544552301121628,13.544096112136208,0.7577878843726029,0.242212115627397,0.1597130611140803,0.0510491645796069,True,ok,10,ok
33,34,103.86294722326784,0.3051946580683833,0.0215112836013989,23.99809317819785,29.36720899742536,88.11416276682961,0.985438421882014,6.187144256680133,0.0653442714083483,0.2472255806320473,0.752750859802069,0.8276288739242315,0.8875953463391368,0.9412406163577238,1.0515079236007063,0.5828642949289069,0.2287135854118159,0.6800956135096234,0.0992930971458548,0.3022981766048547,0.0675287998206808,0.2277260697100913,0.1169651466732322,0.2415818369559509,0.1212178401649494,0.0779974583105211,0.9220025416894788,0.0042526934917172,0.0502707946299923,True,ok,10,ok
34,35,83.64924919339887,0.1509497687094546,0.020383790935223,33.47752233971414,56.87628275086493,62.06802018247164,0.7298348517346064,7.365715993684385,0.0011305857295714,0.1545845358119469,0.8454046172239331,0.8530872292414594,0.9007004606218241,0.959135431369648,1.0242198393566964,0.4979852132475361,0.1570452623633464,0.6329353580236189,0.0473806290030988,0.2591008981439973,0.0299888753814606,0.1609680177470766,15.91127508931604,0.1578537337430691,16.094910593339993,0.7820101685545569,0.2179898314454431,0.1836355040239526,0.0511894527453164,True,ok,10,ok
35,36,158.39422922251492,0.1387596604440521,0.0281723339913668,36.91441830800048,74.1477681386211,57.37361982694992,0.6092875337800224,0.0883873545769984,0.0273854829664377,0.2191485617478247,0.7808387112723872,0.87471048799372,0.9177952861747312,0.9586298815586992,1.021312285104785,0.4143912522216766,0.4461069659442674,0.7156127267200578,0.175785613189729,0.6262977027566666,0.1257944219728593,0.1561882224958104,15.840364590396302,0.1496299025443737,15.941781317798362,0.6808522881411115,0.3191477118588884,0.1014167274020613,0.0475388231167642,True,ok,10,ok
36,37,170.64878758494314,0.3282041831669455,0.0255475267216353,42.87534528592869,47.55419559293778,66.15137110082162,0.7354038861679087,3.482553380600104,0.0534861886039901,0.1572179507983396,0.8427709851014821,0.8535758658556154,0.9056628917487306,0.950803028275863,1.040149470144732,0.4909244589439527,0.3007082315136942,0.6039953105432992,0.1232088948103727,0.660418064182513,0.0744175946826877,0.1730568236532758,4.519636465557273,0.1658010439296071,4.568945706902864,0.4661027642971013,0.5338972357028986,0.0493092413455905,0.05648125191602,True,ok,10,ok
37,38,93.65517997055288,0.2324634434317408,0.0207893387320176,56.85785494928361,54.49101765999568,72.46856892834187,0.8906126946081121,0.1611964515605128,0.0446469809828278,0.241652214744398,0.7583300175871256,0.8538861984951145,0.9027838742850824,0.9477616578316996,1.0297239254076629,0.4833910463776613,0.2931418071426134,0.7069075527843668,0.0845770412333374,0.2653921207987273,0.059788149240001,0.1441682561010977,11.589877091044684,0.1391151785898573,11.7652550147921,0.786022914324369,0.213977085675631,0.1753779237474162,0.047742701047808,True,ok,10,ok
38,39,91.91628860430946,0.1201016200457117,0.0282912106953107,29.308739999846097,31.348031528349487,20.67016433138169,0.5919374308421369,0.5456961720961182,0.0609736483436198,0.1932429104644015,0.8067528752413503,0.8865735588608732,0.927552175276639,0.959393241378892,1.0351944443382255,0.3580062588982523,0.2901451716132232,0.702977503317513,0.0903263276085274,0.3770872379042213,0.0634973762660823,0.1553495406515193,18.168042312401017,0.1537621222933285,18.307386906465084,0.7421260311556754,0.2578739688443245,0.1393445940640671,0.0484194624629257,True,ok,10,ok
39,40,81.22741650868562,0.3182261012345195,0.0227112163945802,63.20048827761951,67.03607750217762,14.545035883719404,0.2451114346369685,3.273121478663497,0.067941897723179,0.2293993104601352,0.770596545763608,0.901809434981105,0.9423072941991412,0.9688181466843768,1.0430652100492466,0.3115478379208801,0.2708006208691834,0.7126404139108962,0.0760677005417182,0.2555214675243093,0.0542089175993002,0.145971264504075,8.953113737283779,0.137667227081478,9.149912445705487,0.7960109649913427,0.2039890350086572,0.1967987084217079,0.0504324442595221,True,ok,10,ok
40,41,127.87445319320594,0.2390480604678979,0.0235997663070505,24.939816950517383,52.959203778965815,44.87602810447604,0.946349163933124,2.7685009474790245,0.0728616430683428,0.1945424170045887,0.8054481295491676,0.8485119076165608,0.9009564600630092,0.9446869821420972,1.0466147581954417,0.496218797789454,0.3079751849900164,0.6555034040697101,0.1055320080713268,0.4369043500411855,0.0691765905290668,0.1554408263946678,10.477818266770104,0.1490717491648936,10.608477883243296,0.7183202928327086,0.2816797071672914,0.1306596164731918,0.0512364231861269,True,ok,10,ok
41,42,125.67556279594956,0.2648161890450016,0.0285077562567912,22.853628080565187,49.873298576286416,82.17052197656182,0.539510756576394,6.874901522421318,0.0320164409443549,0.2209214419555987,0.7790587650383929,0.854401545482489,0.9073034905036264,0.9577618909623792,1.0377363510624256,0.5009540849246579,0.391157978994185,0.6784925467293993,0.1422813418076606,0.5016968718217907,0.0965368299551558,0.1502607176837508,9.308275090298904,0.1421906360874114,9.4253685232462,0.6997228201574772,0.3002771798425228,0.117093432947297,0.050249162683562,True,ok,10,ok
42,43,76.49303421470965,0.2033497523699389,0.0274451691385302,50.13746889138309,69.01407809327674,38.09007652154842,0.5563155814679419,1.6588369537772234,0.0587032310520196,0.1691531555313639,0.8308400264371543,0.8756862846851914,0.921733278853746,0.9574287010557592,1.037677297780859,0.4073982687803225,0.2069530754837906,0.6548377020891714,0.0638326255057221,0.3135180217028341,0.0418000098044856,0.1601781908420644,13.033083158731522,0.1534696334885096,13.207722065890223,0.771595516281338,0.2284044837186619,0.1746389071587031,0.0516958802702929,True,ok,10,ok
43,44,155.3770470211022,0.1365900547978278,0.0176429727945664,40.39644715116348,60.94433599576331,21.67430131933024,0.5834709629610003,4.285348344475931,0.0403230772410749,0.2275782116901069,0.7724157475136265,0.8799601656410592,0.92188202890805,0.9624571225387076,1.033479138167878,0.3872426517249334,0.3599790168364561,0.7290356412874887,0.1121393760279081,0.3805984773287183,0.0817536019160848,0.1453529740019963,17.407981202819713,0.1422817636206934,17.59182446618997,0.798478463121023,0.201521536878977,0.1838432633702562,0.0463987179246001,True,ok,10,ok
44,45,99.37268606140697,0.1456127710403084,0.0299561529085691,38.65305845123676,57.1475441364892,8.882969885631852,0.1696630034077508,1.154258636533563,0.0882516402876942,0.171932775568094,0.8280654695148038,0.9156837585392884,0.9532970713979432,0.9701113980417032,1.046985467734509,0.2548477886396283,0.2838124750981505,0.6973384533954956,0.0919969595061609,0.4430727513107828,0.0641530174591143,0.161887143167822,16.461418732738,0.1567622921692456,16.594413803864427,0.7251031673313643,0.2748968326686357,0.1329950711264255,0.0504203063237852,True,ok,10,ok
45,46,87.55692222815969,0.2703574219397057,0.0270884857617216,27.103719652779525,30.581723870629595,6.336891416854851,0.0725821534134939,4.059553408128374,0.0249765911911847,0.2367252293733781,0.7632722923178636,0.9279296792066573,0.956212437464636,0.9836433821973382,1.0236768029677483,0.2151092067299544,0.3434578604523226,0.747423746162609,0.1009210145642444,0.3253958519841999,0.0754307627721388,0.1441908311922532,10.38312706962482,0.1387377624545124,10.538952276773282,0.7601951315617447,0.2398048684382553,0.1558252071484626,0.049155330977762,True,ok,10,ok
46,47,138.06032884184657,0.3136503349935281,0.0183722922714777,24.079304636467725,56.07576422824608,92.55290685766695,0.8298967716246687,3.5574989880313908,0.0132177381047101,0.1761912482344802,0.8237916700766934,0.8489564479972513,0.8980652250997445,0.952684824607511,1.022897018277649,0.5108597100826889,0.2416193476546936,0.6220245083161288,0.0803370691115413,0.3755838805195429,0.0499716259136653,0.1568480116638746,8.072318292526635,0.1492645706281168,8.224235641134483,0.7373880751780225,0.2626119248219775,0.1519173486078472,0.0541035428625916,True,ok,10,ok
47,48,88.54405790340176,0.1533326208980408,0.0218021887976873,26.300226036169747,43.523162803955614,13.058172824221788,0.2106637115809879,2.6752258917173317,0.0239626886635176,0.217159738557885,0.7828367989784809,0.9133661899615166,0.9457345811490596,0.9768208300263812,1.0218609312358442,0.2707875943700122,0.2720057665681167,0.7386886900461539,0.0753534344959014,0.2716364521029545,0.0556627298182561,0.1489753207662958,16.5530724720678,0.1463734753233486,16.719031325302968,0.7771213785096232,0.2228786214903768,0.1659588532351691,0.0475970439831623,True,ok,10,ok
48,49,147.21716343657656,0.2735901000870396,0.0312171086858227,30.85416500480151,65.71196661196777,52.66041173552502,0.7789077702451082,0.6980714751576433,0.0735638201886522,0.2454803202653638,0.7545063893510532,0.8592378670693535,0.9100687347312468,0.9479186724961371,1.0431294861229836,0.4626356334547898,0.4991463286365989,0.7071279172607309,0.2027909710372957,0.623262996319454,0.1433991569888841,0.1438896574567194,9.08993792249785,0.1326003889539727,9.204507893980011,0.7009699648191742,0.2990300351808258,0.1145699714821636,0.0488749366198813,True,ok,10,ok
49,50,171.50613706861137,0.2437682943981866,0.0244530822259005,20.443630715019744,45.50243384350537,54.36314405954299,0.2331116428386262,0.86768208205041,0.0260707462160977,0.2045043890780553,0.795484267674091,0.8926861082320661,0.9340705509244264,0.9685183180939754,1.0221645115224027,0.3610848449913679,0.4117653304863816,0.6931482131763704,0.1541690848443485,0.5996559783477102,0.1068620256868964,0.1526596430283153,10.16595835628761,0.1458200748311397,10.272955222825168,0.6775605475590677,0.3224394524409323,0.1069968665375577,0.0509179750555916,True,ok,10,ok
50,51,135.54007558643144,0.134351774714219,0.0319657098663248,52.516474601718535,37.23667338667882,98.45474081752612,0.4834792665900352,5.635862148929192,0.0818135811110327,0.2081223704871129,0.7918558630307914,0.8497316020245085,0.9099399723448603,0.950724499260153,1.0580544285611997,0.5186180487514902,0.4156499401809322,0.6862275894950073,0.1620964703995657,0.616673821955799,0.1112350701479427,0.1563821225780376,15.597651056363096,0.1531201345287327,15.69660253071356,0.6728671620699048,0.3271328379300952,0.0989514743504656,0.0481079750155378,True,ok,10,ok
51,52,139.554056865374,0.132834790890292,0.0315077908749698,25.981205075507336,62.89755571079209,95.57812621420096,0.035261216154829,6.018496225574426,0.0170539491218462,0.1630103212656061,0.836973110004477,0.8814086334568405,0.9298220162328682,0.9718028857268508,1.0296142661563803,0.4206060002539135,0.3371542688581539,0.6619797520174414,0.1288477868972682,0.6614990503686988,0.0852946260182497,0.1676893457022286,16.130931469047095,0.1615820178018835,16.23185110447374,0.6650089401240438,0.3349910598759562,0.1009196354266449,0.0508371746514578,True,ok,10,ok
52,53,160.03817723146074,0.1767427069700616,0.026610667986585,68.27705189999516,38.51764942489198,59.788523794409535,0.1840135138946369,1.977647283914596,0.0865539694619896,0.2232800824465346,0.776706084454179,0.8816730855970154,0.9337034693418376,0.9601668713960956,1.0518044589606204,0.4021512193756957,0.4480890978830252,0.716292883069998,0.1709281379015599,0.5945568395271448,0.1224346086952945,0.1508025873751539,13.391425919754369,0.1466318475533778,13.493888073026756,0.680213143731853,0.3197868562681469,0.1024621532723872,0.0481702686626685,True,ok,10,ok
53,54,166.71566045458758,0.1963271002188471,0.0316331241015683,35.330880370841975,60.35913294914077,44.018269627253176,0.0950009979217534,9.39079303630714,0.0381801864662849,0.1819057372969549,0.8180845294861296,0.880052977752459,0.9295177245317676,0.9712751465224064,1.0442117902062855,0.4159673811189758,0.416412092490361,0.6693104645962915,0.1724429389076359,0.7754859998490481,0.1154178635566197,0.1617543551134982,11.837584136972374,0.1530409757192612,11.92961256678128,0.642065354818246,0.357934645181754,0.0920284298089058,0.0513034430577698,True,ok,10,ok
54,55,152.9373399553503,0.2140203681609359,0.0115674119432964,25.468113399034696,28.49700743065297,50.87112874061983,0.1729578318073122,4.627817803943632,0.0951416235089918,0.2480098979462832,0.7519762941016789,0.8770621895709751,0.9317725347863766,0.9600144573027024,1.06062550753724,0.4192576118257539,0.2904385865079477,0.7308813786257243,0.0788678907275967,0.2391174020166747,0.0576430727042888,0.1408259854100381,12.601905505520207,0.1389332689699808,12.770800370793872,0.782298212656464,0.2177017873435359,0.1688948652736663,0.0470008923046962,True,ok,10,ok
55,56,115.323964635635,0.3355914871791515,0.0228080762329309,26.89347126233423,58.71798628211401,41.05935870151241,0.5171891856845492,8.974707866415008,0.0794067453697404,0.1538925133532625,0.8460997067936551,0.8549782971424242,0.9118062899122824,0.9549047391455971,1.0617842589119444,0.4905921008972952,0.1700235320686833,0.5997867668008032,0.0727620567632478,0.4000249356935541,0.0436417187718049,0.2130387432843254,0.2980116125825027,0.2119835029389577,0.3100863839597853,0.1744019413363484,0.8255980586636515,0.0120747713772825,0.0571605323398666,True,ok,10,ok
56,57,175.37122363468126,0.3082385750236298,0.0202963583618727,55.21160029622792,66.97042820574131,60.58648854122415,0.4772759894780273,6.665753195875955,0.0871969483430685,0.2375811801648518,0.7624027274864676,0.8549671848314068,0.9133473372995576,0.9526682172448572,1.0614982694528254,0.4943321752862426,0.4102926239843515,0.6880869659574852,0.152011066107936,0.4877734924428288,0.1045968332701724,0.1503354447084873,7.349811622958125,0.1399944922712637,7.491502426964662,0.7392231313593188,0.2607768686406811,0.1416908040065373,0.0499844804856964,True,ok,10,ok
57,58,97.88789246655044,0.2782398975202061,0.030940759366573,30.326941332035823,73.67263248457543,22.88024050611628,0.1164001494550151,5.70977900936703,0.0097972442394502,0.1501256797033807,0.8498700106021393,0.9034332541336016,0.940258303628673,0.9784320645544844,1.0227036559557756,0.3200932656567648,0.2452590779482079,0.6402729680915324,0.0817306023661841,0.462668306166269,0.0523298953609055,0.1610358882777176,10.049007463809584,0.1501568139637679,10.230919898711464,0.7685120088506927,0.2314879911493073,0.1819124349018799,0.0547949070873876,True,ok,10,ok
58,59,139.29663259166202,0.3458827976409379,0.0306538872124598,23.37704006918221,70.48222429547815,17.917377932886463,0.1282384588804019,6.9674997047883815,0.0591007113135054,0.2357469283200463,0.7642471747671661,0.8963399014223983,0.9401105899762452,0.9720025819326564,1.0469008594599774,0.3414300201130057,0.4684863951735051,0.7089502869081062,0.1809424132466185,0.5865665787152653,0.1282791757850353,0.1455370483499832,6.812363731981272,0.131606386794692,6.921811089904278,0.6811362667028172,0.3188637332971827,0.1094473579230061,0.05123614003961,True,ok,10,ok
59,60,128.54647287669872,0.2178898681543786,0.0256568607796594,65.23653868969402,52.422928001501845,89.96851873527018,0.6579284018246039,5.811460642175211,0.0107064242240087,0.2215639438616342,0.7784146869143772,0.8527822567432188,0.9026960077459673,0.9575124800937488,1.026214150675968,0.5042239259859351,0.3371804216715933,0.6868770460183831,0.1313596411149617,0.4614578127394957,0.0902279222550798,0.1773674553405979,7.0621872196401085,0.176580856090923,7.09476460006426,0.3958438952554015,0.6041561047445985,0.0325773804241513,0.0497211741692753,True,ok,10,ok
60,61,172.64430034104456,0.1634513228638385,0.0224815039910411,31.04655070032136,46.249162986923885,48.06015549094626,0.7485351804808887,8.072342166567235,0.0845367611598051,0.1800151422838294,0.8199746176864875,0.8422285249546733,0.9012480212611316,0.9475175605543528,1.0626216451589086,0.5305117199528672,0.3372226363851267,0.6491317146904373,0.1255939293945645,0.5720517457905266,0.0815270027426034,0.1602331697551144,13.68996037997562,0.1566529992438363,13.797973010740868,0.6815461021213003,0.3184538978786997,0.1080126307652469,0.0504691365415567,True,ok,10,ok
61,62,79.7468562355347,0.2859007450490493,0.0251893385837148,51.27703819255,42.17315763338056,7.604478572289405,0.570173652919934,8.75161036202416,0.090081823652115,0.224016570638222,0.775979637534298,0.8787916473123268,0.9252288116193674,0.9605745193201848,1.0627035876911,0.3813071847102841,0.2779357713170177,0.6983804682355383,0.0808863299052044,0.2801805347981695,0.0564894329530509,0.1467569238774206,9.672017630773864,0.1403837882422606,9.852438770407176,0.7826061760957874,0.2173938239042125,0.1804211396333111,0.0501177254359423,True,ok,10,ok
62,63,167.53563750697543,0.2296394080029293,0.0107690946835217,54.925447869509895,59.27677517579868,1.8411204692839087,0.928004412394586,4.417165983514558,0.0487135342611114,0.1839077408834256,0.8160909374925585,0.8971493577813272,0.9264325344351648,0.9638364606444092,1.0330179819471532,0.2869186735167221,0.2099744509796185,0.6846174597511391,0.0596412624648975,0.2646563096707021,0.0408314496050691,0.153627682992127,12.143987730339044,0.1500343501704676,12.32700940264614,0.7808061133335684,0.2191938866664315,0.1830216723070948,0.051379248973738,True,ok,10,ok
63,64,148.6744018916181,0.2256909870863854,0.0130529274402978,39.90987414832206,49.025739749599424,70.1786861218538,0.3460070317439288,9.073705361702329,0.049956835710642,0.2438637506170667,0.7561168366737075,0.8585876097303273,0.9142311099480562,0.960751845749298,1.0498697680333966,0.4910788696410388,0.2191253360257894,0.7109928700767054,0.0850713339433839,0.2637487025983211,0.0604851118816604,0.2155446388475832,0.5355044235966737,0.2312385095707032,0.5436549736593121,0.1434055565431906,0.8565944434568094,0.0081505500626384,0.0486851141829353,True,ok,10,ok
64,65,156.95187915568172,0.2925805139075639,0.0268653142390123,36.11776772320847,45.06507770788114,48.99057448702848,0.4266483050055705,0.7555490461927062,0.0914934779207537,0.1869826425484009,0.8130079755434204,0.8752456793813268,0.9265249339815104,0.9544194547289976,1.0511592895398243,0.4139638985816389,0.3551619406651884,0.6554568403531029,0.1417225074251304,0.6161841885261671,0.0928929869237951,0.1686580867915202,5.717345503812162,0.163099535006872,5.764378638818019,0.4671615797773757,0.5328384202226242,0.0470331350058567,0.0536453818967323,True,ok,10,ok
65,66,120.67974724034248,0.1253479304312879,0.0258711394804794,21.797319726606972,74.86956871199907,77.83139639672768,0.4128410443028658,7.7616478003648,0.0007174128234052,0.1785239583720808,0.8214606861961851,0.8641418210709988,0.9121959589555164,0.9659137384409692,1.0253091807824413,0.4711080704520592,0.2912845273154789,0.66795957129042,0.1001938603925532,0.4609926831081666,0.066925448033742,0.1628342602849141,17.038885994562854,0.1577370817500227,17.1616109106479,0.7124378052038429,0.2875621947961571,0.1227249160850472,0.0495356169588626,True,ok,10,ok
66,67,179.8010777152011,0.1948705757829561,0.0211123563195709,21.29563876756268,65.47460164297767,32.113357796824,0.360539193747875,4.850582647289402,0.0857616111228336,0.2380651737265318,0.7619259402830739,0.8763132999583505,0.9273735261473824,0.9591632028417508,1.0558775205583049,0.4108945701422736,0.4164194504391875,0.7251208315296964,0.1624420174811802,0.5198751474981814,0.1177900907913149,0.1650739557057556,9.666191788078528,0.1632297224514817,9.706813906500091,0.4578916450140548,0.5421083549859451,0.0406221184215654,0.0480934518752426,True,ok,10,ok
67,68,122.64826504276732,0.1779267347389089,0.0262696921501393,60.528517722546006,41.74503800385144,91.98435132146496,0.8503187943838386,8.287736943160567,0.0704978366212957,0.2441712585939972,0.7558040477235145,0.82762340570428,0.8901103156799307,0.943615280670512,1.0581203299565831,0.5894031425735959,0.4027007875005927,0.6996598405458807,0.1414204298170437,0.4377064086856826,0.0989461953757227,0.1467602905485867,13.13384193605771,0.1428171220686749,13.25352617813917,0.7192315623930136,0.2807684376069864,0.1196842420814597,0.0467214724887527,True,ok,10,ok
68,69,112.05168424236751,0.1942269572546742,0.0302416484472151,21.98285322612083,63.89287433631956,2.2833271727051065,0.3105436869004178,1.6841167775449706,0.0817638557511014,0.1779083046640573,0.8220909342431588,0.9273899064321572,0.9569073370327482,0.9735318173034824,1.0427379735076223,0.1944648189448503,0.2637148671266323,0.7046457921353073,0.1083625528500382,0.5007269974157348,0.0763572168908192,0.2131873875631783,4.397612881956352,0.2139497363587897,4.4152835692543375,0.2535354421933631,0.7464645578066369,0.0176706872979853,0.0520264214971962,True,ok,10,ok
69,70,71.67569973692135,0.2342618275454819,0.0263816505998106,29.605094593175085,69.86032997430723,7.147192151704029,0.7460149078527896,4.176430240844542,0.0042524231711875,0.1850101561104871,0.8149876108570798,0.8952585635194356,0.9247111982796564,0.9693487163248348,1.0148116699099905,0.3148754152163003,0.2149317267781071,0.6812326432297484,0.0628828210037267,0.2770015580642632,0.0428378303661119,0.1564711828180475,11.951564320742616,0.1493616968617305,12.133282971473308,0.7794211754701894,0.2205788245298106,0.18171865073069,0.0514269917662146,True,ok,10,ok
70,71,151.7990210676815,0.345936074285271,0.0247918749384735,42.19238241812282,55.939306088485694,91.10789935392071,0.8459781807745129,0.3742176877548367,0.0313229660509939,0.1638830362871172,0.836101831307157,0.8536646299179633,0.90226826488061,0.9496513280991522,1.0246440790879914,0.4893112016529247,0.2444640137793609,0.6076173481065575,0.1108689013008776,0.5655810077194839,0.0673658677959269,0.2081997124073313,0.2857759786846223,0.2044691983853366,0.2979262507140763,0.1763490190009643,0.8236509809990357,0.0121502720294539,0.0567487334670695,True,ok,10,ok
71,72,134.75594686566473,0.1853297288108144,0.0296312186154237,59.29365187628465,36.62560259185248,48.8337536946679,0.7380289633345646,5.901156491349165,0.0923218537571905,0.1553514644765116,0.8446399172430714,0.8467428348503871,0.904825028836771,0.9465277016996408,1.0618164656348008,0.5123029824401039,0.2972123331084663,0.6238525036146505,0.1115049624886992,0.6062145476325479,0.0695626500140327,0.1644876980536099,12.432004660869117,0.1598720630669152,12.541918168509673,0.6765766692723952,0.3234233307276047,0.1099135076405565,0.0525418542310844,True,ok,10,ok
72,73,145.3780493859304,0.2485816691337367,0.0241027294297735,66.18415595559517,72.27073801752664,67.61435148518953,0.6691817315084041,9.357950657688193,0.0108990075654113,0.2388552247949569,0.76112622869098,0.848212961640441,0.8996196450927171,0.9587299105758824,1.03278273272045,0.5200860001081892,0.4142297624288141,0.6953803612565492,0.1504495276302283,0.4793790500565142,0.1046196468743853,0.1479446456113927,10.009814277159307,0.1395045838115454,10.128130540458026,0.7084203825598522,0.2915796174401478,0.1183162632987183,0.0486979364779547,True,ok,10,ok
73,74,128.502653918849,0.2185582281312713,0.0116603709254768,28.14921284099919,54.41705969451384,26.687166566723363,0.9103957773201974,1.287654570003841,0.0588258832242985,0.157529379236209,0.8424660703620621,0.8648704354244716,0.9097194074650992,0.9504266115830804,1.0362428011910498,0.4307034149139976,0.1379808052195857,0.6345011051358252,0.0424283232392139,0.2268998356959908,0.0269208179843412,0.1681847109441126,11.265130415679486,0.1647122578181838,11.439485898097336,0.7668825011491976,0.2331174988508023,0.1743554824178494,0.0530007059898561,True,ok,10,ok
74,75,84.03822621302453,0.2788527344500907,0.0201000259019618,50.41367249018032,27.58677895351475,27.20602958989308,0.2125396614551461,4.024267549108346,0.0378000842688368,0.1984405126800085,0.8015532475911418,0.895753736264515,0.9368369768891884,0.970926308589036,1.0322946479128972,0.3442862881234103,0.215599611922406,0.6834382895167517,0.0602524609236725,0.2433678311309684,0.0411788388328496,0.149817974499402,10.22420309633722,0.1453156840971607,10.424373163866848,0.7953153035853778,0.2046846964146221,0.2001700675296276,0.0515163600133062,True,ok,10,ok
75,76,91.8449617613232,0.2457210751713452,0.018414593255233,24.88314462328104,35.46774759632492,3.200794159662976,0.3794104168000806,5.876623989547499,0.0415941819078826,0.1696319769146801,0.8303664188896243,0.915219292648536,0.9451168769307576,0.9765007687777504,1.033580567244068,0.2453227025943427,0.1487130450788066,0.6775782696349744,0.0515687492450347,0.2524320795264834,0.0349418638806905,0.2000197957516168,7.340532248465205,0.2015004005965363,7.389196258232596,0.4438653736579585,0.5561346263420415,0.0486640097673912,0.060972859101978,True,ok,10,ok
76,77,109.95496293287148,0.1769489161264322,0.0310566379353493,32.72915517555077,66.66566996917328,54.58945023245625,0.2939744323608732,3.262851115278416,0.0428221561591351,0.2290592022650528,0.7709274780209106,0.881071622134918,0.9276991960386712,0.9644619391936792,1.0345018231315393,0.4028510261144856,0.4000418360185392,0.7217693846060373,0.140604613873763,0.4731949490724985,0.1014841056284354,0.152199625649441,13.826093297179533,0.1450577816662213,13.94359101090559,0.711219085982858,0.288780914017142,0.1174977137260577,0.0477083613663782,True,ok,10,ok
77,78,88.39449551354349,0.237079256122408,0.0306563964077099,33.48696318924268,61.41156073600557,47.50911436629838,0.418563661574772,1.3196716544705398,0.015701154158997,0.1806532279038679,0.8193378749652861,0.8861299181505697,0.92633588283518,0.966153377052198,1.0181158059943232,0.3782148588445822,0.2463366334240369,0.6666033913846134,0.0879975819261731,0.3990861491506342,0.0586594865456323,0.1794678505470101,7.718505727785246,0.1750493224698916,7.762124237504301,0.4527428495789269,0.547257150421073,0.0436185097190547,0.0527242812485378,True,ok,10,ok
78,79,171.23672203617235,0.239868053533616,0.011523092876121,67.6554077099928,58.27952121288116,4.315434442858471,0.5810873047462848,0.7044593039083737,0.0784097765187989,0.2024423875122103,0.7975564786054623,0.9084640406637376,0.9415049564397912,0.9646616698530988,1.040313190461446,0.2601081117163641,0.2527983963777024,0.7077372939184016,0.0718004473843312,0.2828685827221001,0.0508158543339172,0.1501975027998597,11.690590024712344,0.1461600286658985,11.8661765768973,0.7766157011359442,0.2233842988640557,0.175586552184959,0.0505053899791398,True,ok,10,ok
79,80,103.17930591376071,0.2707019773306049,0.0250315178832859,50.95122504353056,69.25486858517323,93.22633035876362,0.0781046236137071,0.8109102219985475,0.0236748744961176,0.2072114682485061,0.79276902813704,0.8917196258343919,0.9359458187106616,0.9698722044053932,1.0221250934991886,0.3763975166279512,0.3029657587985469,0.6889531118237596,0.0962036945432448,0.3680304577091677,0.0662798347245109,0.1524902170046116,9.955429466419552,0.1440135091282548,10.10713121245219,0.748123206109133,0.251876793890867,0.1517017460326373,0.0510746747411726,True,ok,10,ok
80,81,115.21314053248038,0.3084202448391589,0.0118660828623964,26.18613534562961,57.92233504262666,96.21066068934132,0.6407689555559478,1.4627096019147796,0.0561634050404842,0.1907128916841068,0.8092683566985548,0.8565431343724128,0.9093441952345868,0.950763411264738,1.0381160931081637,0.4859240991368521,0.1651943314087137,0.6425977595149582,0.0468694051558076,0.1988654102346942,0.0301181747429208,0.1522014877181614,9.02369245306987,0.1468619209291109,9.230258088779538,0.7967676644055266,0.2032323355944734,0.2065656357096677,0.0526889060315406,True,ok,10,ok
81,82,133.46382884424594,0.2199636670193456,0.0195027833901821,44.85328783710851,29.222653148376104,29.86411623944357,0.0409615067120883,7.421183491081836,0.0726040859281802,0.2190398211581105,0.7809520025991149,0.8890586514013508,0.9385844997853946,0.9695073176785604,1.0549454183556088,0.3767505485834668,0.3296905684304855,0.709202093831458,0.1024841641882377,0.3653775163761321,0.0726819838268651,0.1477731665065906,11.970482398444414,0.1445091828639895,12.114392215879224,0.7453504375829644,0.2546495624170356,0.1439098174348093,0.049166902156961,True,ok,10,ok
82,83,146.31586968351905,0.1430011810700377,0.0135761001843997,46.4997683725021,64.64259678470125,38.383805265137056,0.7096982618740252,7.247093955339724,0.0694383678169102,0.2375523849073346,0.7624366062630596,0.8523064718380043,0.906375679465992,0.9519433117157976,1.0537008440542153,0.4922235346503684,0.2949434493635979,0.7177451701191938,0.0848209803017245,0.2722246864041855,0.060879848936338,0.1455320889036073,16.271247042720002,0.1435023760021427,16.428760855823498,0.7736440983448705,0.2263559016551295,0.1575138131034961,0.0460860249104953,True,ok,10,ok
83,84,160.48376094290074,0.1879898376273373,0.0227513339627684,51.02195855191589,44.04454063045511,83.27362298619927,0.1218082226953501,7.055882970079078,0.0126276352219261,0.2467657950956997,0.7532118825947572,0.8775141433939632,0.9257001595945252,0.9710414014109576,1.0294019008853728,0.4314133490532307,0.4107499335691237,0.7332332092086739,0.1619643764450135,0.4943248247852754,0.118757659518259,0.1703663300739966,8.735304598630087,0.1719119406414812,8.766726745871521,0.3983714592158019,0.6016285407841981,0.0314221472414337,0.047454354863633,True,ok,10,ok
84,85,122.61398741333784,0.2672067116019962,0.0318619174799874,43.26680048696021,71.62623928314704,21.78383071138838,0.0998449921065044,9.828371773174752,0.0359321997082691,0.1830869566586597,0.8169072370949504,0.8908590044748527,0.9352836752719574,0.9751802994502704,1.042599731731401,0.3682990074734291,0.3494804441896113,0.6660702311338526,0.1285702244714322,0.5736433553089314,0.0856367991306181,0.1594035187309322,9.382186717591718,0.147984739556067,9.498015264841849,0.6868482365318337,0.3131517634681663,0.1158285472501305,0.0528092115581243,True,ok,10,ok
85,86,98.9570812716052,0.1338484735724738,0.0202105565150546,63.09808586730743,38.50465203011007,9.558981207447152,0.4239745546273583,6.656631537265543,0.0500661705089721,0.2333438074123811,0.7666523097783564,0.8937931654968243,0.9329543589127028,0.9691230223228772,1.040950115097606,0.3339432191125494,0.3008037169997103,0.7454389982600482,0.0838853180490537,0.2756010688501518,0.0625313874552121,0.1453496456613846,17.703787075983108,0.1437208413279015,17.871928924703056,0.7847813652441792,0.2152186347558208,0.1681418487199476,0.0461112619762161,True,ok,10,ok
86,87,73.02414687725397,0.320041597061644,0.0317382886261859,54.79108081456205,48.94048906162825,41.39355292698485,0.3650167813778042,7.350946104621703,0.0994454684034586,0.1820643866042053,0.8179266718628074,0.8635033229718898,0.9210125211851712,0.9556603688184276,1.067571309545443,0.4621481918671347,0.2362690251658484,0.6365776573857679,0.0758496580787176,0.3407388607051254,0.0482841976532615,0.1560769013920687,8.199055955760812,0.1468437796931064,8.369139442928182,0.7598301487798077,0.2401698512201923,0.1700834871673689,0.0537606014628358,True,ok,10,ok
87,88,148.17303483938684,0.3218795317897952,0.0146793995818561,48.85370286659997,42.57076736575952,14.487055849502177,0.5532404109261653,5.798461877760586,0.0668881530878479,0.1796442619488065,0.820351994409855,0.880312471481906,0.9246899153899402,0.961293226040479,1.0476336089343286,0.3822103270851109,0.2092184392601735,0.6477887333877963,0.07023557916575,0.3207266190230116,0.0454978168665394,0.1719677995840291,5.103380555369785,0.1703403158451739,5.15407679821,0.4801444839920776,0.5198555160079223,0.0506962428402146,0.0548891476628888,True,ok,10,ok
88,89,101.82014101169923,0.1793115655879376,0.0173962244490678,38.50104418282291,61.63766380608434,69.8532537211896,0.935515636237568,3.912772365573942,0.073747710732794,0.1646453209458215,0.8353423788760241,0.8385253158464734,0.8954893044859392,0.942470322853581,1.0502438664131295,0.5394437392856215,0.1716741506795964,0.628724587379476,0.0524237196697686,0.26595643979031,0.0329600815182726,0.1590320232208245,13.933820435476484,0.1554339513054365,14.113921333642296,0.7783611205821065,0.2216388794178935,0.180100898165813,0.051283858091183,True,ok,10,ok
89,90,152.837846705393,0.2288596401942533,0.0208154370967121,61.13816370621758,31.588091270359826,10.197329878646883,0.9409080607121814,1.020641774459312,0.0578014380834779,0.187688572638892,0.8123091452505817,0.8798586747224652,0.9175739921788064,0.9547214258655312,1.0332861934481408,0.3634425425511533,0.2445993283177302,0.6747908125286921,0.1073289441038852,0.464510020810935,0.0724245853997073,0.2236701990701381,0.5143270463081073,0.2375956042790492,0.5230774328303887,0.1432944986315467,0.8567055013684532,0.0087503865222813,0.0523153669145008,True,ok,10,ok
90,91,170.81560608963665,0.2094378208786776,0.0163488064993776,34.82172164385868,68.91561832146482,85.98041369300401,0.4407425907010133,8.008554252511168,0.0454343930762224,0.1521452414813727,0.847840390130712,0.8537167250256709,0.9096108515634936,0.9579757760064892,1.0461387854951432,0.5075811313721063,0.1459964056493869,0.6189266655532774,0.0763783523401402,0.4255837150294642,0.0472725989343363,0.2765202966788775,0.3460267749378873,0.294513886404771,0.3503691646600992,0.0742705663690413,0.9257294336309588,0.0043423897222118,0.054124778827911,True,ok,10,ok
91,92,147.99805060143845,0.2160771347548085,0.0133849670667568,22.81392163364325,70.428852003021,32.50169788314933,0.2084556498519707,1.548661205560634,0.0322801543404281,0.1675356817252379,0.832458578504242,0.8999923921221902,0.9390564825119324,0.9709243514713096,1.0252322855168443,0.3292063145421902,0.1916160217950674,0.6670114865303522,0.0596558169135063,0.2964102614384481,0.0397911151196604,0.1678695739338721,11.27687016948438,0.1629565522999523,11.428057546468535,0.74294206833178,0.25705793166822,0.1511873769841562,0.0523108275577348,True,ok,10,ok
92,93,111.49644745019722,0.1830809347785418,0.0234007366693944,24.343431097349608,52.46280324348006,19.15535828133225,0.7532535319575483,8.530984759184738,0.0017282644156532,0.1868708043289437,0.8131238809896226,0.8686874930589121,0.9090216039827516,0.9646396942940568,1.0243475796032762,0.4269381980184965,0.2174611240364665,0.6719510464010824,0.0876398579583707,0.381333162363739,0.0588896942615694,0.2119159245473083,4.432898635265907,0.2195128094375873,4.449430758918285,0.244097060644686,0.755902939355314,0.0165321236523782,0.0511955401249535,True,ok,10,ok
93,94,78.52995988799304,0.1587788967550144,0.0280464284532621,67.23612101085149,41.953160965485125,50.03394990292899,0.8100555677427719,6.70743818585812,0.046951933767389,0.2416055535061946,0.7583805409451212,0.8475187564798656,0.9001423598959645,0.9514036083653092,1.0430641315174467,0.5102896571678754,0.3198981405636263,0.7154416434496189,0.0956537822085611,0.3002323048753247,0.0684346991454649,0.1454918307958791,15.15498676579188,0.1420704789369013,15.313690354000466,0.7746030567414168,0.2253969432585831,0.1587035882085864,0.0461801736451521,True,ok,10,ok
94,95,135.1880667109096,0.3290427438448549,0.0140624858469492,65.75113905227818,53.480680019690965,42.84950835141226,0.7939082664865664,4.961290589660536,0.0033436646629565,0.2272401657694469,0.7727487887519677,0.8618628262711461,0.9049676384937152,0.9591704360662264,1.019619353306518,0.4570952842113907,0.2667755052847321,0.6801439013237539,0.0776540233182236,0.2640560291464408,0.0528159103731423,0.1451629494804691,8.233215306868921,0.1387956551860524,8.417252905778282,0.7834950316957348,0.2165049683042652,0.1840375989093617,0.0508555292717389,True,ok,10,ok
95,96,154.26679127526629,0.3153776408011248,0.0229274523789849,42.82464515194755,59.71691377072242,77.09909653517947,0.9589131380030664,8.403175380856926,0.0286117743913171,0.1782831119012742,0.8217014721967184,0.8312120220338248,0.8867514239625368,0.9481283377489814,1.0391244762947045,0.5726735586961086,0.2869096279675509,0.6115095714114943,0.1133530742375938,0.5223957209664661,0.0693164898452062,0.1722804559813934,4.977532717151394,0.1660887164017354,5.026868152778619,0.4739984019295395,0.5260015980704604,0.0493354356272246,0.0547481128117391,True,ok,10,ok
96,97,120.31822010579616,0.272924205512267,0.0214950569595266,45.11848914302102,30.349810713970847,90.31257271802768,0.1158471874897121,7.974549313918406,0.083662463585992,0.188673932320054,0.8113074997776546,0.8634697530208711,0.9238082211522394,0.9601006555304996,1.0633787253392768,0.4813069364766614,0.2710095901301124,0.6497344824454526,0.0877166298564885,0.3771488510350567,0.0569925191016649,0.1533045374501076,9.48371306599212,0.1481934616939189,9.63368974767255,0.741380670856823,0.258619329143177,0.1499766816804304,0.0523170758666883,True,ok,10,ok
97,98,106.25600885150162,0.3351933339371326,0.0211711861224894,36.60444479428726,62.70186247798332,98.7288015419654,0.6171349706118998,8.61844573570044,0.070579341165051,0.1729214640831829,0.8270598645419264,0.837229792510503,0.8994247582811614,0.9490533359834156,1.0589701504262854,0.5630838136027226,0.2142965072976485,0.6054450092755012,0.0699281088833702,0.3344205329061647,0.0423376245315103,0.1552280057505793,7.911635709219528,0.1461038126794181,8.12083571230803,0.7935688464631163,0.2064311535368836,0.2092000030885023,0.0544192203990285,True,ok,10,ok
98,99,95.6968428635609,0.2948339254042832,0.0231351976765533,26.635981854872085,50.75968046512196,62.61318022684708,0.0293048615580613,7.875855667242923,0.0051236081125368,0.2448963188403403,0.7550864102596826,0.8860902321720157,0.9313751790236576,0.9760031046300762,1.027055628030764,0.4006563465596908,0.3276783277306319,0.7178059358907146,0.0974632766782885,0.3004863707121613,0.0699597185310346,0.1435414886301085,9.242885890730584,0.1365787948173209,9.402649264555254,0.764905439841632,0.235094560158368,0.1597633738246699,0.0491034553323403,True,ok,10,ok
99,100,106.93868221614356,0.3239776462669727,0.0301360779994887,61.60011176860501,27.03047712262554,80.34730964837287,0.0529238617410776,6.577007904238808,0.034555305941561,0.1962876800815014,0.8036952458725081,0.8794790136537098,0.929862864461128,0.9696658020629249,1.0382350256831057,0.4245755883067275,0.3313643946690545,0.6591787071724763,0.1137128845053752,0.4655542097165168,0.0749571121971063,0.1512503904887773,7.6399608087948785,0.1435415059279051,7.77401432185774,0.7159641079594947,0.2840358920405053,0.1340535130628611,0.053181449657428,True,ok,10,ok
0,1,109.57047339589322,0.2791928802046929,0.0232451329695284,43.78217951649503,51.475314276339176,13.155000551245196,0.2615082625802979,4.344015479424579,0.010407151463615,0.175037429222242,0.82495946196603,0.9085663356042144,0.9408764637998746,0.977545864513242,1.019113391598559,0.2888449567510155,0.2563888173149654,0.670021797621134,0.0801348654014335,0.3776726019515393,0.0536921065683961,0.1557246188983667,9.971345545943546,0.1483093013520488,10.14854242326196,0.769000464461785,0.2309995355382149,0.1771968773184142,0.0532280515435369,True,ok,10,ok
1,2,153.384315519481,0.1867350727387413,0.028942287680241,52.514583091540736,26.05725868061068,32.592897290215774,0.1899277183843409,5.580860725681375,0.0809643878117192,0.2412352830016599,0.7587554619686979,0.88348853092511,0.9338154329262198,0.9640701885030988,1.0552104801128506,0.3912974040378128,0.4830813030474023,0.7341629510785654,0.1924990530164711,0.6054425484281755,0.1413256728424016,0.1512248190745543,12.160299937478786,0.1470144069350853,12.270325389623194,0.6996756311528937,0.3003243688471063,0.1100254521444078,0.0472266333156973,True,ok,10,ok
2,3,164.17267111387983,0.3224473774704192,0.010515468732457,36.22489299594103,61.149947761406864,87.4082677215489,0.425860940109896,2.5940904920493657,0.061259618763018,0.1555074301153635,0.8444785063529258,0.8653409364642255,0.9182434577462724,0.9558858313435176,1.0424664903631695,0.46035168806844,0.1307098297164228,0.6103549996029803,0.0482588777920452,0.2620447121513448,0.029455047335604,0.1958917945928666,2.712154920873676,0.1979040776253718,2.744486129017237,0.3567968442566459,0.6432031557433541,0.0323312081435613,0.0582839659085536,True,ok,10,ok
3,4,173.29422630435062,0.2214476142458104,0.0135321454229836,39.4965054000634,40.19567241303388,92.05654790122288,0.3266408743399714,6.44724698478393,0.0060871907415075,0.1563432140699044,0.8436413329348946,0.8680566696786679,0.9164289892537548,0.966364621239291,1.0254562411196395,0.4603000924433593,0.2064798684080193,0.630563091522015,0.0659067670552054,0.355603394756054,0.0415583747865516,0.1597124566362446,11.741370898900474,0.1565352703254801,11.89769057472872,0.7465041682397571,0.2534958317602429,0.1563196758282465,0.0530826054702563,True,ok,10,ok
4,5,153.68257703843204,0.1592505532989899,0.0170272652964932,33.95442506791235,48.95160078156949,95.49012762719649,0.5951217305002592,1.7001360476489544,0.0492121837870692,0.1586886905143964,0.8412957905333154,0.8594035746112461,0.9111147217692008,0.9529875756767586,1.035446776196549,0.4774114608425054,0.1815998731398768,0.6397406414874897,0.0746475026051497,0.3957086578016719,0.0477550412020575,0.2152134310571402,5.574805624787565,0.2266412770577371,5.591262601223373,0.2391533763993292,0.7608466236006708,0.0164569764358077,0.0523565050361347,True,ok,10,ok
5,6,110.98661123095498,0.2390418212971733,0.0235789724989576,24.332707202800343,28.566775867530584,76.17400031039689,0.3173237644287532,9.764502661165771,0.021082260206533,0.2336120389842796,0.766367808877923,0.8612241532394873,0.9136971412529185,0.9653620472160572,1.038433030272169,0.4853799963706524,0.3457330081140749,0.6997398600463185,0.1098969016854837,0.3604873427017145,0.0768992426049244,0.1455245375958698,10.84416872510416,0.1414828297720322,10.984193553549533,0.7420561814585875,0.2579438185414124,0.1400248284453707,0.0486735908173562,True,ok,10,ok
6,7,117.93895508527808,0.3026154806788765,0.0260828929811073,30.69129667494903,41.024118465375736,3.908429649848351,0.1240006720279513,9.457082101770126,0.0009703918419619,0.2176160211447407,0.7823810432816389,0.9224335872061146,0.9497216568275924,0.9881362634349544,1.0227981049276442,0.2343103715756112,0.3684613117138307,0.7185888164845323,0.1203280998048218,0.4326021302603305,0.0864664268285796,0.1482025169104435,8.766845719852306,0.1404038426737473,8.902469367645386,0.7256072948730351,0.2743927051269649,0.1356236477930807,0.0512868873563926,True,ok,10,ok
7,8,75.21438129717191,0.2528894873979074,0.0239649881468794,32.18431012095192,63.8202623830716,23.805439084435893,0.9496763679762786,5.736754182233685,0.0076742375444238,0.2161586544004637,0.7838347543170453,0.8613615510659954,0.9023497768532492,0.9577127022164472,1.0218846164404511,0.4471756571257405,0.2422677504867989,0.6839448587422902,0.070035990664239,0.2539568438127675,0.0479007557417293,0.149817494605171,10.893981372491744,0.1432522630599265,11.075681293763322,0.7848107881863958,0.2151892118136041,0.1816999212715785,0.0498207509804752,True,ok,10,ok
8,9,88.88504424903377,0.3445403604483816,0.0263053303407752,59.02215401090957,72.27096889531654,76.80566806485204,0.5603481901226409,0.4705260346313006,0.0419613771723453,0.1774442891025576,0.8225418981723949,0.8690347023454198,0.9166225237441492,0.9561104116442016,1.02925834260757,0.4399516558272109,0.2326717627635972,0.6316209874714378,0.0745805504082684,0.3456907679490137,0.0471066408950338,0.1553529972472012,7.874465734938067,0.144356015400326,8.078384028113634,0.7892899463079229,0.210710053692077,0.2039182931755672,0.0544383400609763,True,ok,10,ok
9,10,144.2761847398381,0.2713184988669013,0.0248317755119629,22.309887604622453,66.76756631263302,54.08913606639614,0.3775289745198258,5.643363066738999,0.0675343314434796,0.195495659574035,0.8044925884699626,0.8673925069315576,0.920456627632016,0.9587152237457692,1.050363736152929,0.450859773013086,0.2409077411732924,0.6613911426433655,0.1258991934422967,0.5180620377816857,0.0832686114086787,0.2623766177696605,0.1257730968839245,0.2678255128845534,0.1302452072644009,0.0779879518607019,0.922012048139298,0.0044721103804763,0.0528714955711739,True,ok,10,ok
10,11,146.2793818142355,0.1364253140459074,0.0254288085048767,63.05595610897521,42.3148265448705,63.19864170565874,0.8682405399601059,1.350475380070705,0.0849798698227385,0.1694692655311497,0.830519647512021,0.8483196535792741,0.9033218154759268,0.9430016464966074,1.0499600359927654,0.5018658031397992,0.3045512440489843,0.6485699399502591,0.113314577958024,0.5552855063264435,0.0734924290217245,0.1678214071808423,15.068615173929365,0.1639674037115626,15.197339195346895,0.7190192614694108,0.2809807385305892,0.1287240214175325,0.0503032012391568,True,ok,10,ok
11,12,103.34409018730793,0.3182093635828563,0.0288169881831875,37.84473608806121,43.86572798390053,60.04228619904509,0.9324664871071868,6.658113147092313,0.0229284810314111,0.1536867380805384,0.8463028669418825,0.842020883819018,0.8929617676577493,0.9509768041666148,1.032542947358717,0.52972700606662,0.2150500858476703,0.5944518752662239,0.0822729937327328,0.4530199690945111,0.0489073354081893,0.1785156633570034,4.875247493839236,0.1733558822189333,4.925202827773653,0.4694612790719918,0.5305387209280081,0.0499553339344167,0.0564545792178799,True,ok,10,ok
12,13,157.4841584228011,0.1768451066393842,0.0165767171102751,59.737278417625646,67.88176401239443,53.29673013607931,0.0525030585400631,9.917224137731449,0.0484479971349135,0.1544129111265989,0.8455773190974486,0.8760732489604469,0.9288132734227338,0.9697823057793912,1.0502912142609222,0.4342025533419621,0.2223341795499585,0.6421564170451354,0.0724609105857835,0.3967765755287727,0.0465312387175946,0.1627538959917049,13.996653825953814,0.1586341505964043,14.142882738350192,0.737094544899663,0.262905455100337,0.1462289123963771,0.0521566453427356,True,ok,10,ok
13,14,156.37630118334164,0.2926996903020462,0.0190275705176758,23.00113132276045,44.7014619273193,70.48241344881384,0.9175892775984846,0.3900488756655576,0.0795149753077785,0.2054142327888922,0.7945710194539938,0.8472101075961878,0.9014938754228814,0.942005503001822,1.045812844144651,0.5050816307190057,0.3179866173697853,0.6551707150208513,0.1098685231785514,0.4249563242530705,0.0719826388891765,0.1543873872602831,8.31052997681666,0.1466208412235091,8.486480790636426,0.7736265113266961,0.2263734886733038,0.1759508138197654,0.0514855669707874,True,ok,10,ok
14,15,170.99215979673764,0.2559649014470068,0.0186907590184948,50.38630019156865,39.13877687370012,80.2206792624118,0.4105766147808226,6.383418230956613,0.0950883675276658,0.1671645702346637,0.8328208827289292,0.8530273956821082,0.914074065247754,0.9516529629787328,1.0650843484584014,0.5064359896068755,0.2390348741575997,0.6253257173205434,0.0960378575736978,0.4784229910140971,0.0600549421772007,0.1911843064422519,4.018736013396406,0.1948039287805757,4.045239961478922,0.3285073697754773,0.6714926302245227,0.0265039480825155,0.05417597121619,True,ok,10,ok
15,16,89.82253939752185,0.3313182926091244,0.0171427454185821,60.75780352656665,70.90220427367998,1.3438468852522445,0.0079247412411823,8.788681091594237,0.0159894517414594,0.2017459360123678,0.7982520181717615,0.9404683760676884,0.9631549026679784,0.99,1.0266182737643512,0.1616682883855597,0.1419073260213815,0.7110161218198995,0.0558383019606071,0.2209342409644865,0.0397019329090393,0.240071733624973,5.485350999606805,0.231466063296553,5.591775787642652,0.579971822521393,0.420028177478607,0.1064247880358469,0.0770751405868428,True,ok,10,ok
16,17,134.67083914332613,0.3137000252706394,0.0103194478270895,20.9676201718722,72.89160300599778,58.67392848860492,0.9964182479962476,9.556162363448918,0.0529685937581668,0.2151130049541688,0.7848721024924767,0.8274651531303632,0.8859579255776646,0.9449948048934071,1.0518079718552575,0.5816009555144721,0.1901333991704907,0.6465017095959293,0.0537383166566508,0.1960587449019115,0.0347419135893322,0.147981972592177,8.646244638316421,0.1424677701641288,8.845310864615122,0.7954364683308541,0.2045635316691458,0.1990662262987017,0.0511941454899123,True,ok,10,ok
17,18,123.66891983597311,0.2023926993467896,0.0124186803980094,51.22791875010196,65.03884123346535,92.90666049689273,0.5848279350603932,8.94386820005083,0.0379436321427487,0.1888972153174008,0.8110834329466793,0.8439696596441111,0.900976968463958,0.9550822167141624,1.0448045868995048,0.5406122495617596,0.127278878921033,0.6503258757081536,0.0521510866915409,0.2239024511478459,0.0339152011218081,0.2325484997633168,5.081353528146199,0.2406180126245634,5.106981507913766,0.2895645616964269,0.7104354383035731,0.0256279797675675,0.0628772558780684,True,ok,10,ok
18,19,169.74547434100967,0.2826190850718342,0.0293299330000495,40.39712294876833,53.20615246525961,61.95797216110611,0.0713340058588391,1.8844719405130923,0.0439759952771845,0.1974691392299546,0.8025182389645902,0.8933188434938327,0.9385718934735024,0.9691806014774624,1.032534001389555,0.3656879051053954,0.4189452678186973,0.6786871746858985,0.1767231995774771,0.7181604527198584,0.1199397690226901,0.166350059830551,6.098166938303137,0.1587893801579553,6.143840209376963,0.4641459039751752,0.5358540960248248,0.0456732710738252,0.0527295601968091,True,ok,10,ok
19,20,107.49010577878737,0.1245657112910358,0.0311285652381501,38.9052845651508,62.19388948121652,66.92360771614813,0.8186850435794871,5.299652388591406,0.0119851401421289,0.1660056079243581,0.8339822658174081,0.8508960115734965,0.8990781001877496,0.95488421718459,1.0251329721229825,0.5017042503583511,0.1927375787339838,0.6481043179629209,0.0998480012951777,0.5015817302138758,0.0647119207793719,0.2710395253290554,0.9857747135755162,0.2860644788713389,0.9911148821850516,0.094588660801389,0.9054113391986108,0.0053401686095353,0.0511165838626061,True,ok,10,ok
20,21,136.39952431146503,0.223514494714965,0.0236491420495586,64.08924009337515,36.31691077082883,14.254644691236011,0.8984046357722971,6.965219507265509,0.0584872274316783,0.200985784356409,0.7990097700876527,0.8616596094059824,0.9075548225479492,0.9540061668901636,1.046153944599097,0.4403053675652204,0.3395330601631301,0.6749978876620096,0.1165361032514519,0.4632736880119038,0.0786616235310919,0.1530142653891169,11.222426660489234,0.148366930186847,11.34935041820946,0.7154073055357443,0.2845926944642557,0.1269237577202273,0.050490921635302,True,ok,10,ok
21,22,113.36080214533118,0.1678450773358055,0.0266464167889291,25.723407011262974,69.90972632407176,93.6055343466304,0.7087585718002001,5.455078474172951,0.0782900611732463,0.1744081782414983,0.8255744194279732,0.8403146096142935,0.9005609773134506,0.9458918213932964,1.0559989665305916,0.5450494729983454,0.2501793124161509,0.6405423560560187,0.094704192092936,0.4482447938433848,0.060662046331591,0.1818122244054119,10.754899819730175,0.179419314091622,10.797777431975131,0.4547915305921532,0.5452084694078467,0.042877612244956,0.0514020947432722,True,ok,10,ok
22,23,109.92469998051703,0.1959173444274072,0.0180232500614978,48.742343612358496,49.16563582599625,10.496144627669237,0.6683784288387222,9.196480945682486,0.0458199219876948,0.2091722994128279,0.7908234415424281,0.8743862623706489,0.9173172724258906,0.9631892305042982,1.0443032549764593,0.4003280214485943,0.2568760008987235,0.6965819378423161,0.0744901261954003,0.281621126158479,0.0518884764553106,0.1501096715763084,13.452696253635462,0.1465987365101728,13.62356524894233,0.7770808515941657,0.2229191484058342,0.1708689953068667,0.0490167411082468,True,ok,10,ok
23,24,152.1760025214382,0.2343403277814215,0.014149461830486,55.228516759031805,47.755728438009015,50.57484516393712,0.6337513913969087,3.745778917951679,0.0262586060474476,0.1879813948985448,0.812008274133566,0.8666593575070813,0.912415736979606,0.9588581009576236,1.0278516598973897,0.444680327817488,0.2384781300537399,0.6610998004443497,0.07275823040919,0.3142706671332684,0.0481004516041995,0.1535970859996063,11.366847708906754,0.1496780777641106,11.532506495595308,0.7635037656774268,0.2364962343225731,0.1656587866885553,0.0513130137603564,True,ok,10,ok
24,25,88.38888339082465,0.1560997754087879,0.019638115728936,49.81516362253746,38.80523320277446,31.534717647525987,0.9531883502382884,7.896534102080658,0.0396640935976151,0.2356409992933427,0.7643494840925131,0.8462861780370109,0.8963072795607762,0.9513570974680784,1.0411873422176172,0.5058657566638672,0.2654156491956698,0.710061299113353,0.073522989392359,0.2384771312491047,0.0522058293626357,0.1444887872541431,15.565626246271624,0.1425080212620749,15.743194929108329,0.7930076829493128,0.2069923170506872,0.1775686828367052,0.0463493026439663,True,ok,10,ok
25,26,116.3247348419182,0.1254179715672277,0.0283186354159084,33.09808175127253,50.13746204532615,77.37890591576499,0.0226771945343549,2.721937880941436,0.0624410159415444,0.2192840406317617,0.7806983881509378,0.8870905331931773,0.9373690263071246,0.966440477124622,1.042992909183893,0.3926116346513633,0.2691135785890063,0.7244437485408199,0.1298504672201443,0.4622585744111409,0.0940693592227382,0.2554832709936735,0.956162466440821,0.2749439493763123,0.9611282760496036,0.0939385158611372,0.9060614841388628,0.0049658096087825,0.0478965287330659,True,ok,10,ok
26,27,96.63943797607962,0.1834112273194191,0.0231469919363383,27.00386418863113,71.21374156685802,34.4947545358495,0.0147339811547435,4.8765046007216,0.0601811040237736,0.2211236092165415,0.7788676812674747,0.8961719946696407,0.9422187194153748,0.9712692101277992,1.0445686159080478,0.3517595415490422,0.299254759158657,0.7229369072225745,0.0889116101384868,0.3131626350379117,0.064277484449697,0.1505143692551885,14.216114421975504,0.1450631444229514,14.369832041444113,0.7615919206510481,0.2384080793489519,0.1537176194686073,0.0481196312958198,True,ok,10,ok
27,28,126.15407574191892,0.333737487812461,0.0115732714979683,61.66929298963126,34.2919113143608,51.768513965677215,0.5060529722472538,3.4452439100231738,0.0646280345411788,0.1529310539269322,0.8470604243088391,0.8676435814348915,0.9183898694483014,0.9561712033262322,1.044566410238141,0.4434401428176447,0.1339054784986421,0.6082677004832338,0.0401360480409325,0.2222947051473818,0.0244134616483426,0.1579051553497678,8.306782950699063,0.1525862280508804,8.524390090887529,0.7960846957336001,0.2039153042663999,0.2176071401884668,0.0557395795194653,True,ok,10,ok
28,29,83.38730072981835,0.3001738982826353,0.0252297836600426,35.25640974188463,53.86897142132052,30.22565086539361,0.5265873811852698,6.217464957470279,0.0247517107406245,0.2327500865870953,0.7672413083931577,0.8747626403229634,0.9184233613781428,0.9644814427302107,1.0310296461998474,0.4145142379296969,0.2966539825187201,0.6996204003090758,0.0880190443584715,0.2901367347053942,0.0615799190488961,0.1460017170581134,9.11180449494833,0.1384024885446532,9.28330108451939,0.7745085008507296,0.2254914991492703,0.1714965895710593,0.0499297593749953,True,ok,10,ok
29,30,106.86507194860474,0.3427102960485447,0.0314679846840054,44.34508341220078,42.551030590252296,94.27579716506185,0.876874556036933,2.1720409492476724,0.012257004647019,0.1804933857292497,0.8194890460940275,0.8498989851872205,0.8978514769627886,0.951555637295536,1.019733313232249,0.5049553687123546,0.247397970659342,0.6219381256115798,0.1091102556217633,0.4953420131230934,0.0678598278663998,0.2064343698004045,0.2824953141746782,0.204237545882162,0.2939586649405133,0.1710482957280998,0.8289517042719001,0.0114633507658351,0.0555548601846987,True,ok,10,ok
30,31,141.78022202781705,0.1699418859211312,0.0207417933404301,30.29339134505048,44.3991206413117,48.24013577506857,0.2051353506532907,1.501723362477489,0.0879614553348059,0.2248381248609958,0.7751506445894888,0.885247883622572,0.9355212367240644,0.9605690160152128,1.051029454392911,0.3852856107454478,0.3650202960693309,0.7220521490878239,0.1188532060551062,0.4097371732151118,0.0858182128580674,0.1492871053452999,14.42723585662842,0.1461230571025223,14.555031386312884,0.728026024356287,0.2719739756437129,0.1277955296844635,0.0477415052690039,True,ok,10,ok
31,32,164.91507198898876,0.3381634181664379,0.0278120991581278,27.591246700634308,56.69992836334052,85.93993389561706,0.7555391953269054,0.5821506316639508,0.0767182694796895,0.2442903473031103,0.7556883297548629,0.8518583914819187,0.906589148653068,0.9454158010228044,1.0453627139980162,0.4961432217644944,0.4449157631768055,0.6881460758178084,0.2014167712959636,0.623008730334255,0.1386041607712103,0.1729248346987261,1.8816242942055543,0.1666263999643693,1.9073320006821208,0.3348980552264611,0.6651019447735389,0.0257077064765662,0.0510550757354191,True,ok,10,ok
32,33,176.32634509329176,0.1806153748312156,0.0268943599241126,40.74831609497485,37.65196398770125,33.636790363796415,0.4688572453076658,7.108930877642928,0.0654146272865565,0.2395295386372712,0.7604605888468672,0.8675238822785072,0.9186731146746177,0.9592636453465064,1.0513355358053638,0.442963421205314,0.4778387726591869,0.7229545233328031,0.2041797629233071,0.6482050782199277,0.1476126831784242,0.1613046580347119,10.48106665470392,0.1606149822611548,10.522916974338642,0.4675210182851806,0.5324789817148193,0.0418503196347217,0.0476650561407341,True,ok,10,ok
33,34,175.53845577180203,0.2549623810013755,0.0308982062489079,22.62821025863966,36.65445668877172,20.23678524797592,0.3353480829843326,1.967690098913336,0.0561450575257345,0.1621736675305902,0.8378226770211855,0.8969225106028453,0.9371626815957006,0.9666416951178456,1.0358217937558811,0.3297914607012513,0.3953859252389494,0.6534952541002998,0.1581076807212752,0.8167985380842302,0.1033226189881588,0.1579983142891609,9.501776453878694,0.1494176957114946,9.607011332815022,0.6611265708897776,0.3388734291102224,0.1052348789363283,0.0539402073027527,True,ok,10,ok
34,35,101.64294134807002,0.3398094065416817,0.0190188607119045,30.479410411722625,71.38569996372445,94.12893567447152,0.4710702984508816,0.2420590983280303,0.0945044279032561,0.1607235766951703,0.8392611785030618,0.8627037795632345,0.9190226827818296,0.9493719866085792,1.0528813474509855,0.4657916341277843,0.1760660465599625,0.6109717285972006,0.0558521378496834,0.2916192279942383,0.0341240772078702,0.159689993560446,7.770708231191289,0.1508038966223945,7.955598355801195,0.7688907049987169,0.231109295001283,0.1848901246099061,0.0555733423144529,True,ok,10,ok
35,36,143.05738579641297,0.1953647315357308,0.0257895731023473,56.68839423658793,25.241580523488896,23.03848024355101,0.5878554868356453,1.8484025467014389,0.0627316527622408,0.1507394360858991,0.8492567237685918,0.8814592820730862,0.9247704802888204,0.9586697432572596,1.0388156974994165,0.3791658780786646,0.2830569213080834,0.6427688840951759,0.0999653951774163,0.5631845487309147,0.0642546455063211,0.1627479135880931,12.4672128404223,0.1595577222696562,12.585320367311464,0.6900131132965084,0.3099868867034916,0.1181075268891648,0.0530595489435119,True,ok,10,ok
36,37,117.1687486345206,0.1666978450294284,0.0260879983057953,39.553053841858365,35.24600798390114,45.52769736435896,0.4972266346879387,4.526573827445423,0.0559761892251947,0.2338110655341842,0.766177114368721,0.8688611682511833,0.9183923323504845,0.9583714566671389,1.0425630124389818,0.4390581152366103,0.3850855478146888,0.7206334801861424,0.1284685624779005,0.4209582488928468,0.0925787472729603,0.1478321115565461,14.402687555392106,0.1447871346293379,14.527689366875483,0.7262735403309902,0.2737264596690097,0.1250018114833778,0.0471121435788013,True,ok,10,ok
37,38,102.14546053993794,0.3329195581238224,0.0290207671988469,26.23057657861524,32.824266137519274,77.12427502200839,0.880504576236569,5.27038987191967,0.0697970184032705,0.2173573261007293,0.782624571923659,0.8367810397537954,0.8949758445148013,0.9439090190854432,1.0513929635245718,0.5502014868304457,0.3273067532141342,0.6515622702951981,0.1158232400769691,0.4170025769987891,0.0754660532574957,0.1551006934302009,6.551937020588582,0.1463996907409424,6.679733489668439,0.7108437851815748,0.2891562148184252,0.1277964690798564,0.0519849002504144,True,ok,10,ok
38,39,138.1937621535872,0.345927150007101,0.0135301874824396,58.40233384783421,52.36201308170799,36.297066236181486,0.8000960988507991,2.606302903410733,0.0057117803066443,0.2242394652084677,0.775751631354223,0.8698912268885346,0.909799784022872,0.9595372542751076,1.0156243374278615,0.4233834009218077,0.2605290961542932,0.6802321194465814,0.075366586614413,0.2607187417629907,0.0512667729481765,0.1455126797307473,7.814678885568334,0.1388684119304871,8.000520616234494,0.7831826221531962,0.2168173778468037,0.1858417306661611,0.0514486859102796,True,ok,10,ok
39,40,179.0030622622903,0.1535697952431592,0.023878081599626,37.39395522340264,50.16399081142045,46.01742771208204,0.3077086366386863,3.791908827392381,0.0084411247389465,0.1561856199868274,0.8438065520590858,0.8871224902716129,0.9279205459817852,0.9701829475240878,1.0197255909269518,0.3803102960266427,0.263443689719902,0.6575263677593681,0.1199996568172029,0.6482762113395535,0.0789029384793861,0.2206029580682864,5.08119458324229,0.2303637716034272,5.095388752224894,0.2131914388956907,0.7868085611043092,0.014194168982604,0.0523852821254157,True,ok,10,ok
40,41,128.19517062737216,0.2576593999044738,0.0223734069842054,20.487857382016536,30.52002874338146,65.23477550729208,0.701632242977027,4.902028543799669,0.0901899861838905,0.1916948292894668,0.8082915903865717,0.8464484283475195,0.905187411753527,0.94621619905532,1.0594753496474183,0.517363072173886,0.2499676954035187,0.6462963789493597,0.098833062125753,0.4167054180329714,0.0638754501723512,0.1916593703141047,3.2682735842172583,0.1970858819345613,3.2911133893848348,0.3025330093215851,0.6974669906784149,0.0228398051675765,0.0526554448178504,True,ok,10,ok
41,42,136.03960180263573,0.2335778128197704,0.0268716322751223,28.22649980082464,39.66360465121944,69.59763518185521,0.596934174857545,4.358427169541043,0.07378474879333,0.2048623997461822,0.7951223260093004,0.8543973466294653,0.910092228910646,0.9509488819393102,1.0511440118441813,0.4928574915042306,0.3167941264232477,0.669037973994988,0.1346205417936151,0.5224571142116275,0.0900662545397078,0.1942390624704197,3.6501963960678943,0.1978472622020256,3.671171189174328,0.2904419291185416,0.7095580708814584,0.0209747931064338,0.0512420289278019,True,ok,10,ok
42,43,153.08881913987307,0.2235922358244675,0.0179483869497865,41.76018449347821,42.71823307639881,30.36239921580228,0.4160080049365836,2.777518399013315,0.0141895485310528,0.1789866825050667,0.8210073112295824,0.8904000523632812,0.928516745178441,0.9688065803742092,1.0194062485260875,0.3585781801142025,0.255318180579085,0.6708831755839686,0.0884018774157726,0.4054835322232772,0.0593073322482782,0.1729806000633331,8.710604210675022,0.1731555533096582,8.75838266821057,0.4765930520604158,0.5234069479395842,0.0477784575355483,0.0524715509968707,True,ok,10,ok
43,44,139.40306473307572,0.2593040969765144,0.0146138568083179,54.843777703633386,28.020761488665947,58.06074436339491,0.8610788330460039,8.967552272125978,0.0668477422078802,0.1737366345131369,0.8262515698144491,0.8338008185169536,0.8930318253314131,0.9463523685241524,1.0568539882652042,0.561570209241316,0.20249240204837,0.6192598968818974,0.0636231779570698,0.3025566942243642,0.0393992826209936,0.1551723764755398,10.077940258145684,0.1516561721089354,10.25101076654486,0.7664280986333298,0.2335719013666701,0.173070508399175,0.0527439009469708,True,ok,10,ok
44,45,155.64030368714947,0.2526723498794906,0.0291569298485951,48.089933847707,45.39024980886292,98.34973837722026,0.6900038868300221,0.7117751408054527,0.0639591812318417,0.2302703381775044,0.7697066897153465,0.8544120594363274,0.9080427948396635,0.9482452658990416,1.0401694857341124,0.4913485614845236,0.4446645259614756,0.6911221534610755,0.1878462299823425,0.6278363000492749,0.129824690984941,0.1621362894963052,7.032804666330229,0.1576085481982822,7.076412977489802,0.4663976565544476,0.5336023434455524,0.0436083111595732,0.04989196815515,True,ok,10,ok
45,46,84.42505848903326,0.1275780904169507,0.021863044872731,36.5815901582635,59.95013804346526,59.48772019395732,0.2521919406727169,7.835667396915909,0.0216556327717289,0.2079718092675107,0.7920141359671928,0.8734398539188066,0.9218967790271304,0.9682240329300764,1.0343054989960483,0.4381328123787803,0.1587468427056897,0.7035001950010354,0.0690038201278853,0.2627678627639906,0.0485442009157836,0.2572521228938348,0.9759474653486392,0.2781692099664875,0.9811555692979218,0.0966004112032019,0.903399588796798,0.0052081039492825,0.0487057861099129,True,ok,10,ok
46,47,178.5137065191211,0.2386436918725082,0.0195633106078194,45.28135416416072,52.64748311630767,84.4627910153845,0.0775351592818794,2.546930414901486,0.0613491484511114,0.1518157951685519,0.8481709824588397,0.8834490595090093,0.9343192498351016,0.9647640974309188,1.0423390381605502,0.4051062707379987,0.2706268435701877,0.6337120937745296,0.0953072632428398,0.5324203265573275,0.0603973653415403,0.162778445840975,10.483801825989197,0.1566537043639423,10.60770266442105,0.6962457206134103,0.3037542793865897,0.1239008384318536,0.0540547809185875,True,ok,10,ok
47,48,97.67015953568298,0.3073691704750617,0.0210718180978009,62.44348248649525,29.15349493326795,68.10907762671678,0.8519699082673317,5.603661945111076,0.0406288122992502,0.1827408586735606,0.8172455142913062,0.8438752676090112,0.8969555585584527,0.9496618178640676,1.0386681344586293,0.5253710880218975,0.200427629153225,0.6265512826470261,0.0676066241594794,0.3023247835283341,0.0423590170825572,0.1689841857558807,6.186605737952753,0.165902721943652,6.261754771263441,0.5815587739734025,0.4184412260265975,0.075149033310688,0.0540709813702786,True,ok,10,ok
48,49,138.66731300081494,0.3305364390727621,0.0115530111070102,29.943298910855013,69.97783565087454,36.83683909363367,0.6511095020341394,6.0440236198025135,0.0004107676510214,0.2008348887632738,0.7991563681173233,0.869292337945814,0.9112074985538928,0.963979237065456,1.0201454567769794,0.4338517886331797,0.1360257527448537,0.6583198542946934,0.0578341898922755,0.2301221139753,0.0380733954631344,0.2418250406407223,0.0606340225681849,0.2543496084811635,0.0639314296093686,0.0575583300432123,0.9424416699567876,0.0032974070411836,0.0539906872921324,True,ok,10,ok
49,50,168.8389155254951,0.2201539178153625,0.0247026411802799,55.0940496112009,71.5730699715293,99.8851505907644,0.5443734184349887,2.1924276932323377,0.0689589151300653,0.2344916250214148,0.7654843085206207,0.8569761450487664,0.9122256485216994,0.9510529905424612,1.0454139018858557,0.4879734614427633,0.452184558212851,0.702475716686607,0.1758106380740435,0.5738647331771904,0.1235027039821934,0.1496218460252364,11.009825794967163,0.1414624142958484,11.115763739712463,0.6862967753274662,0.3137032246725337,0.1059379447453018,0.0484237666218448,True,ok,10,ok
50,51,99.3751157802985,0.1467764242166439,0.0225483886404764,50.93231150740624,73.90311092765674,47.70157256937648,0.7344593713221375,6.889390628901677,0.0154831296654949,0.165674447960727,0.8343163855232891,0.8563749016443061,0.9037273889779276,0.9582672388397758,1.0291657125782143,0.4814876808029351,0.1812075061725682,0.6476158313193062,0.0667313666198477,0.3360324602716027,0.0432162894685861,0.1952743248629758,10.65682429507392,0.1954514991211003,10.689570623940472,0.3887182717515338,0.6112817282484662,0.0327463288665508,0.0514954761790378,True,ok,10,ok
51,52,80.23667211356475,0.215805518436713,0.0222545052071167,38.272893849136594,55.17831549501963,50.43349385368761,0.0254272263664362,6.68668457202648,0.0589950531597203,0.1992642351174,0.8007243771564408,0.8848604080082882,0.9354057259914524,0.9691706047202042,1.048458925724598,0.3990008493085652,0.2238549829688363,0.6864527899203023,0.0639590972288526,0.2569988619845707,0.0439049007335297,0.1522260951069421,12.660787496473676,0.1472587791579921,12.844462636151883,0.7858768402996706,0.2141231597003293,0.1836751396782055,0.0500448661285141,True,ok,10,ok
52,53,172.86091780201858,0.1238547288236339,0.0191476143046563,42.18714210053422,51.3839806987299,63.84510025812561,0.559735315708604,7.273078855403786,0.0514890998047299,0.2239261723552115,0.7760577759332148,0.8537883438072492,0.908222951592325,0.9556836182934186,1.0467561061601989,0.4988305096168878,0.3885750938079998,0.70737650744583,0.1332308417570535,0.4617031520989723,0.0942443675261726,0.1482939964296501,17.426422044048216,0.145897937620139,17.57094096777191,0.7562860734016015,0.2437139265983985,0.1445189237236929,0.046571364470667,True,ok,10,ok
53,54,123.96772606540232,0.1565717161711934,0.0212348359334642,37.63585400902711,36.38500118400482,47.47668949917511,0.5313942126162218,3.038394012946182,0.0744809690305107,0.1973357787233429,0.8026541474659916,0.8673862031001204,0.9186869442291546,0.9545192631168532,1.048002718574888,0.4416658635214537,0.208337974860102,0.6852674958054337,0.0933776301894393,0.3797898014562177,0.0639886548041629,0.2431500454118253,0.8179076238793925,0.2647372990806046,0.8242720269146587,0.1129668462603523,0.8870331537396476,0.0063644030352662,0.0499742772585814,True,ok,10,ok
54,55,152.18208609632927,0.1488127932319564,0.0119634754512677,68.72014385978821,49.44052612555862,92.9629175400339,0.2969732661736666,3.4076684278330243,0.0292498166843077,0.2377751792455117,0.7622018333861313,0.8734965834027067,0.9222288886649712,0.9635794115566432,1.0298212680781522,0.4377705625557016,0.2830806975677107,0.7294767148589156,0.0778191884137281,0.2494297114488566,0.0567672859170333,0.1437666480628879,16.34920507087637,0.1424538030728607,16.519265460886384,0.786574534879442,0.213425465120558,0.1700603900100153,0.0461433929360985,True,ok,10,ok
55,56,108.20519224605748,0.1701620623776392,0.0184979919599947,61.14851006927875,63.301998253178006,34.363572400620754,0.0658405303457796,4.647574182315118,0.0760089361995952,0.2134566516935253,0.7865350067376838,0.8918790016102347,0.9402984233684208,0.967637428815557,1.0512252566527918,0.3647693344168438,0.2679574846122108,0.7149377848629279,0.0767991919716935,0.2829749836343225,0.0549066441875053,0.1500014003366716,15.121754104226092,0.1462387765456054,15.292695798854597,0.7801820716921113,0.2198179283078887,0.1709416946285053,0.0481631795167765,True,ok,10,ok
56,57,170.961686238158,0.2731836862386985,0.0166491576118592,53.611997196413306,65.78932470264051,11.824122859899378,0.8708110990632472,5.428685058684862,0.0272480265760856,0.1848278456270189,0.8151688045628124,0.8745749791754217,0.912793601507588,0.96032203440004,1.0286471757313946,0.3920193066519015,0.2808770283101948,0.659036458075235,0.0945635198511759,0.4170574737127169,0.0623208071858462,0.159558523996127,9.136800571710584,0.1514751192149787,9.325569472030365,0.7830116503059456,0.2169883496940544,0.1887689003197785,0.0523116765094691,True,ok,10,ok
57,58,175.93396505782545,0.2964904520357531,0.024449387575903,34.131062228791365,59.43508087405874,19.69033571015113,0.1922795421047246,3.564339806891142,0.0603060873579823,0.2274789977668175,0.7725156684182832,0.8999120320664221,0.941459970028279,0.9697354645288668,1.0408310724508014,0.3244012464710581,0.4104815201259352,0.7127110318415005,0.1758840527865527,0.5972859126507012,0.1253545047459689,0.1800295347292073,2.70466179946569,0.1765280468026207,2.7294559863976477,0.3261384235649706,0.6738615764350294,0.0247941869319572,0.0512293206969068,True,ok,10,ok
58,59,177.19098628655422,0.2911011692742684,0.0162937821956526,52.8383286723199,68.48340781114564,15.825333952102866,0.6895643252778937,8.036400690125573,0.0472273764480079,0.2390376979012653,0.7609564332686617,0.8694138563273207,0.9143902935181548,0.9603852793957672,1.0434417231838884,0.4214934279881226,0.3827228662166621,0.7051357478982756,0.1240503208243579,0.3948940813221277,0.0874723157515046,0.1410803093273062,9.463834677154953,0.1334688208975928,9.645767278956566,0.787045959004305,0.212954040995695,0.1819326018016123,0.0492262012138761,True,ok,10,ok
59,60,118.13611201170846,0.2178613658228209,0.0236287391768503,39.18491089539974,46.49371788266173,41.82031202879647,0.3948958996713531,8.194498906326553,0.0521173432983032,0.1934627407682486,0.8065275063400653,0.8668260784840351,0.918304967408642,0.9619583517097722,1.0479824620183689,0.4521611359148998,0.2959421649039722,0.6688377234128108,0.0970732904039036,0.404668784490364,0.0649262785579375,0.1544621231556369,11.797960396924232,0.1492260777284815,11.94277971450028,0.7406449097602347,0.2593550902397653,0.1448193175760494,0.0507120574021855,True,ok,10,ok
60,61,108.93598794335564,0.2634122970301071,0.0198683159833161,44.12525646611843,33.713435929182474,58.62551121677165,0.1557216364282549,7.619577912075913,0.043250352392463,0.2064286821825042,0.7935576098754152,0.8758132511966921,0.9267020642372694,0.967474353310788,1.0435598355686146,0.4312099416561358,0.2327806852107951,0.6785506921237257,0.0803135111212254,0.308722437710589,0.054496788558194,0.1796153694537319,5.00577160775201,0.1824602429837333,5.037815894354126,0.3822878641418735,0.6177121358581265,0.0320442866021165,0.0517781142843116,True,ok,10,ok
61,62,73.47136979414438,0.1815096451928571,0.0271524384185355,40.48473907013325,58.24300830854822,32.41202533670333,0.3299301155871215,0.4476112468856788,0.0677770025869192,0.2431175434489253,0.7568743873173363,0.89139322674096,0.9352678403801332,0.962577481417774,1.0389979597796888,0.3539621453635237,0.2781313391194831,0.7435451755323813,0.0871796230272416,0.2713988996767055,0.0648219881066372,0.1682405222593383,10.718581365220494,0.1674418519377454,10.75991887689891,0.4643229736176105,0.5356770263823896,0.0413375116784154,0.0476899843258176,True,ok,10,ok
62,63,158.97311353291946,0.3010705831666561,0.0177970337773592,46.9416123663961,29.691978348645574,48.97590892731473,0.1163284640586749,7.738013513025202,0.0262945927313002,0.1835980717394537,0.8163914937430675,0.8830904290963515,0.9300184910305648,0.9719588729236952,1.0357840843811923,0.4046188730167015,0.2847872516854595,0.6539877510762576,0.0933730191440319,0.4151710622144345,0.0610648108012058,0.1533577465281875,8.543599519169529,0.1477231307964827,8.687510201682423,0.7293504683937878,0.2706495316062122,0.1439106825128936,0.0534028022234924,True,ok,10,ok
63,64,163.59715917768702,0.1609180248413043,0.0302668051504388,26.509173370245755,74.6175486603997,52.015276998863285,0.431938097824814,2.409368972387901,0.089555290548324,0.1554156794995719,0.8445757944594304,0.870119052003392,0.9232333606499676,0.9542597142558346,1.0537220345780405,0.4347816056999146,0.3475641446452509,0.6441540507822482,0.1383306107430519,0.7516891275720605,0.0891062232573192,0.1672672393973729,14.149765760699506,0.1588801595846378,14.256745975316385,0.6730791518867711,0.3269208481132288,0.1069802146168792,0.0519612922133249,True,ok,10,ok
64,65,72.83149833303915,0.1341466176901931,0.0310077938242384,21.832476498095005,72.02373480285881,17.79118464557509,0.4608758791352388,1.5377700001700536,0.0491971203725871,0.1853012436967164,0.8146950891505025,0.8948839138392587,0.933351762168097,0.9652084414820852,1.031570281561463,0.3315689508293193,0.1820467879791921,0.6979414290754411,0.0752201751937059,0.330706331820449,0.0524992765700001,0.235884150310351,4.847496820183732,0.2421192197819443,4.858579734487001,0.181036197082925,0.8189638029170749,0.0110829143032689,0.0501364135540895,True,ok,10,ok
65,66,82.65697833191568,0.2066374776704791,0.0216385814595018,61.7854555769696,73.14215677055532,85.58376009365084,0.3185087800569485,3.3212427009779493,0.0335020177257178,0.2326040535754188,0.7673751908222268,0.8734157806208163,0.9221869071781388,0.9628462369131456,1.0313846897491583,0.4360601258532036,0.2671748451696172,0.7138635075012347,0.0747862300028127,0.2467023948224986,0.0533871604626019,0.1464338983975945,13.1241708091658,0.1408825317227867,13.311797479906168,0.7974068438132459,0.2025931561867541,0.187626670740366,0.0476693669047642,True,ok,10,ok
66,67,169.06480702369882,0.3482731314440237,0.0252299631622113,29.059016782651028,54.06695668952364,4.618993022339865,0.0542708126552035,1.020912996680707,0.0069186121930404,0.2252488972676218,0.7747498201180226,0.943774696734733,0.9641954942600798,0.988254910257211,1.0088954125192109,0.152716444325947,0.4258197576665563,0.7334197227688618,0.1726999752769388,0.5940029652819859,0.1266615679898017,0.1707919101763892,2.2401110900367343,0.1649104398632921,2.2691524600894994,0.3559087647291887,0.6440912352708112,0.0290413700527651,0.0525564239067704,True,ok,10,ok
67,68,123.0687740895916,0.2618945564089593,0.0281198609548178,40.71402982489078,27.702450743869637,50.67354606254411,0.0117860867056569,6.27810671332235,0.0420002435862773,0.1718811314901973,0.82810907701172,0.8890324159147598,0.9365870417871126,0.9720356311604452,1.0400041950940582,0.3847246238078167,0.3017354482531493,0.6534795919924805,0.1069230371477474,0.5151170059733065,0.0698720226899068,0.1616951434963007,9.26973297405765,0.1548901473433659,9.418403273608948,0.7365476400657103,0.2634523599342897,0.1486702995512992,0.0531772001406905,True,ok,10,ok
68,69,161.03116375007798,0.1585682238765267,0.0279991856881699,69.35142416272424,63.77272771861771,95.58838709200208,0.2863693815300691,9.151390845407413,0.0487429196505674,0.2492873317112621,0.7506864838506622,0.8562658014833366,0.9138217709748166,0.960771260520708,1.0501403223309522,0.5054537134172391,0.4905845005154689,0.7264353329687881,0.2020498142075055,0.6083748163066239,0.1467761240601111,0.1524100995280575,13.654141435611734,0.1467568398676752,13.730841364124895,0.6235575190635462,0.3764424809364538,0.0766999285131625,0.0463038460678093,True,ok,10,ok
69,70,157.3677167991945,0.2543293750157268,0.0242147902961211,32.795224747574565,70.57357902287359,42.62442063400473,0.1754398524179749,3.89112753575158,0.0129616523075094,0.2466642908136393,0.7533241916491477,0.8941081659529669,0.93445414204596,0.9732173262369777,1.0217959704524613,0.3580420938642185,0.4598267434176015,0.7341484206124779,0.1689585662758542,0.5159832097557085,0.124040664580367,0.1457145559586803,10.056775785284096,0.1369045127110449,10.169127830680887,0.6988850527258379,0.3011149472741621,0.1123520453967923,0.048406930572989,True,ok,10,ok
70,71,139.2575827545328,0.1766145687059688,0.0293008626057114,57.22914838614842,38.08506717675269,63.65957270481942,0.2662235745138751,1.753533000966999,0.0613135755608247,0.189928322545443,0.8100592022703591,0.8808387902570948,0.929738235918798,0.96156326112157,1.040131820276889,0.4043032385075961,0.3761991592278647,0.6824677742516965,0.1393076016657415,0.5941188308378745,0.0950729488451605,0.157646778227846,13.401176367146189,0.1531534328630194,13.508444751664689,0.6811498159731278,0.3188501840268721,0.1072683845185003,0.0502129536585508,True,ok,10,ok
71,72,91.37405071930364,0.2774374656319435,0.0267952784242131,65.10869717676266,62.065610240406976,34.05303218493201,0.1821634879183907,7.856472251190051,0.0325161268353673,0.2435569586927583,0.7564327891570857,0.8847174211755466,0.9303365444808072,0.9713010547844684,1.038052177175202,0.3918914550090773,0.3501517745916435,0.720176074502517,0.1071907413291942,0.3328961692128226,0.0771962073134737,0.1432687822000082,10.05445048373021,0.1350438896380853,10.234521918288818,0.7872848464115404,0.2127151535884596,0.1800714345586072,0.0486531946265933,True,ok,10,ok
72,73,115.02193244267048,0.1949611156383118,0.0160757644998649,21.408924157315937,66.11343241095312,69.22689232935289,0.554093593987307,9.162988339123167,0.0229210912585478,0.2009597763251432,0.7990243578589361,0.852248792298329,0.9048645531874214,0.959677967253499,1.0378530794278074,0.5086458770311075,0.2268759675749685,0.6698218774032682,0.0667963942727516,0.2655642518291655,0.0447416862155434,0.1524660070178047,13.224821752046765,0.1485619350129008,13.394312230783855,0.7739987286631765,0.2260012713368234,0.1694904787370906,0.0494898276386428,True,ok,10,ok
73,74,100.2522501412436,0.1663265075357367,0.0202573742702924,36.936123257559856,55.47934960928531,38.51455372668662,0.06455566891283,2.4833710083393328,0.0707796877455111,0.1831829731479685,0.8168095045959037,0.8962142587585761,0.9425203637602908,0.9678527247675064,1.044784173641297,0.3487369291629183,0.2279216509721961,0.6884702295819781,0.0668709537907487,0.2981641078986659,0.0460386609086826,0.1559547026542147,15.32181370156048,0.1523862568583981,15.489306723915044,0.7701748928875906,0.2298251071124094,0.1674930223545655,0.0499809876415142,True,ok,10,ok
74,75,95.65048224534873,0.2890715043744721,0.0265946983988225,22.443107155043567,38.511066033538114,79.38807651001952,0.7268870901885701,4.293560078634735,0.0315882457437365,0.1536314236980709,0.8463556074055787,0.8521401488353855,0.903075351050228,0.9533260360096508,1.0323072506915807,0.5004524854235456,0.2087049038770197,0.6060969300451665,0.070251604507263,0.3869834648695143,0.0425792818225993,0.1614373992980769,8.843423742487968,0.1544832787702213,8.996676045747709,0.7359926808562618,0.2640073191437382,0.1532523032597416,0.0549730055591534,True,ok,10,ok
75,76,165.7781227040178,0.3165088017591099,0.0287624722962966,31.466702579418047,68.58251220504815,29.73001085490924,0.9992373256508472,4.030799470878125,0.05744680452445,0.2370093108817163,0.7629824503769645,0.8519698949126673,0.900590122699373,0.9478476026022716,1.0413344384088743,0.478679205907691,0.4884413883148457,0.6867619783920228,0.2031380288599101,0.65392099138138,0.1395074745864877,0.1461101612731545,7.208355921574043,0.1333245143526588,7.308116516738785,0.6638653664458063,0.3361346335541937,0.0997605951647421,0.0505117344475693,True,ok,10,ok
76,77,119.9768463162248,0.2354239684140413,0.0256812086723256,62.98997209554179,61.008326877118776,31.18456384525408,0.7168117722181756,4.423557686058161,0.0476104348974556,0.2440113096969018,0.7559798262865632,0.8657830680593112,0.9122591990385857,0.9561331767474222,1.0377937965609734,0.438832052117107,0.4043661584284724,0.7172937341023794,0.1351437398508544,0.4186782568892981,0.0969377577981799,0.1427899142080991,11.441337830097623,0.1354635442999663,11.605479039218563,0.7746253991545262,0.2253746008454737,0.1641412091209393,0.0477563213500381,True,ok,10,ok
77,78,87.56818721034732,0.1689621924265731,0.0216666288858711,23.660729805793785,48.4662545442967,62.417665359396345,0.284766085356157,4.514710597424351,0.018008020974611,0.1507835549742082,0.8492063091048517,0.8798407307514409,0.9249511560085246,0.9677005868008424,1.0261246538010484,0.411572840131842,0.1471070386851194,0.6436186620229918,0.0514254587538873,0.2896064401844123,0.0330983849570955,0.1918968651202455,11.547002469107028,0.1930571300685776,11.598704012040374,0.4780765010845638,0.5219234989154362,0.0517015429333463,0.0564433728197941,True,ok,10,ok
78,79,83.89390869636428,0.2646079010997203,0.0282398209585885,59.39425197612455,36.54383091327023,5.390696462054326,0.0090484432076289,5.814398007790828,0.0727959619839923,0.1527230052504012,0.8472752820727856,0.9219397322964769,0.9577854664168084,0.9788067520515648,1.0484060359366365,0.2365662235400865,0.2006124730018411,0.6602622113487236,0.0650367752197711,0.3608063764484897,0.0429413250255959,0.17110979743478,9.029828867462689,0.164385609993775,9.16691902016254,0.7151513734790452,0.2848486265209548,0.137090152699853,0.0546037428637411,True,ok,10,ok
79,80,147.53156997427254,0.2703507651646041,0.0161737656294716,38.31124316638135,55.871109416401424,65.71741855365754,0.5641766277775367,9.001671362359664,0.0253213017670357,0.1975620261576133,0.8024230996079315,0.8526765500381113,0.905152656949064,0.9593435625086132,1.0384994591326424,0.505857430120246,0.2660883757446785,0.6530395684099255,0.0847402179895004,0.3441571775124194,0.0553387153828263,0.1526324717385753,9.648015682528976,0.1468928593729022,9.802244957819472,0.7491972797699696,0.2508027202300303,0.1542292752904981,0.0516300883978644,True,ok,10,ok
80,81,128.30441806056885,0.3423354026556339,0.0225768128940956,41.30578376800502,34.87378638115106,87.10514194316526,0.7003303244726512,3.572366892706174,0.0072107653194496,0.167691625958733,0.8322930493425037,0.8573386406554393,0.904458410070846,0.957150029874252,1.02009361706557,0.484019961281882,0.2592231938842234,0.6138116077810677,0.0873197747639835,0.433349013390865,0.0535978913389614,0.1531655951216669,7.694536127031903,0.1447461317675542,7.8859808802370255,0.7764804098342356,0.2235195901657644,0.191444753205123,0.0551097648232107,True,ok,10,ok
81,82,71.62427554719488,0.332202119728822,0.0304009623812552,29.79452622828961,26.923687831319423,12.947482989838756,0.8543691634798238,0.1962109339029845,0.0945190750402625,0.2244051847546719,0.7755916739634229,0.8769320222392132,0.920563435057304,0.9501875562207154,1.048636147010424,0.3772319694886295,0.2934281598354367,0.6901432825463785,0.0878301935466091,0.3035554341519523,0.0606154180809405,0.1459612721553868,8.038265535820369,0.1390508252003414,8.208451757289936,0.7685947201823378,0.2314052798176622,0.170186221469568,0.0512389548954138,True,ok,10,ok
82,83,159.8341866880311,0.3386106707358368,0.0208726669265641,34.06227771343878,42.97281450246887,55.874539367709566,0.5972605707385561,1.4699931892691986,0.062435405454914,0.21643794958086,0.7835495088895617,0.8670513080920226,0.916517764144314,0.9538139969196616,1.0397915900307046,0.441955212141855,0.3652955168577328,0.6708621060509381,0.129796652907376,0.4698631225982874,0.0870756559278049,0.1512947918587667,6.9548286246033975,0.1415813962571558,7.111194910076705,0.7504084283746112,0.2495915716253888,0.156366285473307,0.0520086201923946,True,ok,10,ok
83,84,162.4730249704553,0.2005570272194907,0.0298304406598501,65.68154220575613,62.53916938591061,69.45664790017685,0.1526839601941169,0.4244392750358279,0.0851555746569145,0.1823316059840389,0.817655623751647,0.8847738554135943,0.9360039622715136,0.9603603422370558,1.0483885761695049,0.3924138899416902,0.398946946599194,0.673008629747889,0.1588512396152397,0.7123093790094026,0.106908255107206,0.161067865573854,11.825860370137253,0.1525945783157028,11.923471490529408,0.6553018237085897,0.3446981762914103,0.0976111203921552,0.0513448520477483,True,ok,10,ok
84,85,131.79583146987127,0.2973684797515685,0.0144394468251867,58.19899834106049,65.97240807716781,39.423302425421255,0.7381122862935188,1.3399931937701293,0.0504179404812314,0.2068516575143067,0.7931397574943896,0.8680549977473341,0.9137036807678602,0.953944903682546,1.033383898839267,0.4298801183533821,0.2404302521941754,0.6704638617692533,0.0707597938405315,0.2713059070570802,0.0474418846363189,0.1498788942730012,9.214451499205277,0.1435752202840109,9.397168409521829,0.7801682106485901,0.2198317893514099,0.1827169103165515,0.0514850320628367,True,ok,10,ok
85,86,115.57413659548696,0.1543529592170664,0.0151988984140101,25.38723709885024,53.42640775109992,60.97923042547294,0.5049615945448289,8.291736991277869,0.0385180506178349,0.2159078526653421,0.7840770811123977,0.8567095883694767,0.9096005267278342,0.9592434769710754,1.042858506989633,0.4908874924202224,0.1679319524290481,0.6955452599204561,0.0681755753637993,0.2475647625078272,0.0474191982866404,0.2349523075569259,1.4530773919672626,0.2553767197945924,1.4606605795077443,0.1345735388167338,0.8654264611832662,0.007583187540482,0.0487665793390902,True,ok,10,ok
86,87,106.2244675787404,0.2172886860787724,0.0175459433737969,44.36467810284201,53.58066150268262,36.4637879680518,0.9211885155041144,9.82583321070175,0.0935420606035475,0.1868950568375503,0.8130961192789058,0.8325359246932739,0.8934778409407557,0.943311241329917,1.069596688369779,0.5579959534216817,0.2060549051718764,0.6401128122454809,0.0626147865744734,0.2723958420593422,0.0400805271223368,0.1544332947587995,11.9288180245979,0.1502616451661114,12.105933718109796,0.7769929812443801,0.2230070187556199,0.1771156935118973,0.0508344910936838,True,ok,10,ok
87,88,143.49793819739693,0.334277602034307,0.0311265063441826,44.52385109256832,35.856832527039984,80.5245733699707,0.1240414753776637,4.1351312850807815,0.0335536275581643,0.2223442766303827,0.7776368705905046,0.8821403441880207,0.9303041624760072,0.9680263222016244,1.0329052336834192,0.4104887028594685,0.4567907621985019,0.6857171741621415,0.1785237972694347,0.6243242186922051,0.1224168337842918,0.1455764005690216,6.878624989336721,0.1353458908262507,6.985507738572894,0.6732455056091817,0.3267544943908183,0.1068827492361727,0.051874714936515,True,ok,10,ok
88,89,165.51352743656668,0.2274609885460977,0.0174439675613506,61.38392736516671,73.7360272257254,82.64673652142501,0.4385538480955763,8.651640012888652,0.0202171283787481,0.2252947678062234,0.7746845624471677,0.8566784724261965,0.9091257735088712,0.9620247827033012,1.0359925085312127,0.4981112672575568,0.3509957879920423,0.6907368679790157,0.1169302862435253,0.40203231797709,0.0807680596917424,0.149343133818003,11.201700861012116,0.1433312192359638,11.335595570329424,0.7321768017055393,0.2678231982944606,0.1338947093173064,0.0489773907074565,True,ok,10,ok
89,90,102.27260567128404,0.2203267951397871,0.0247900859652429,36.00651877187983,25.78743801767055,7.144419763036021,0.6049750784055806,7.322259081325487,0.0812130844388352,0.2425837285246967,0.7574126152821947,0.8829077833606571,0.926342565902928,0.9613324565146836,1.0557348877038673,0.3636322488244307,0.2450512540125737,0.7321838486433542,0.1105510484126664,0.3451653464908328,0.0809436920983438,0.2493696230671055,0.397533743536191,0.2745426135386752,0.4009883992470632,0.0663037177874839,0.933696282212516,0.0034546557108722,0.0486488435520959,True,ok,10,ok
90,91,131.33088292374453,0.1266662477464389,0.0296099799676219,33.070028700936234,66.51663958787069,67.91841689154842,0.0846566406275421,8.886267838928829,0.0903233395371589,0.1817976450219438,0.8181883756020026,0.866628125851282,0.9265876841443046,0.961405435682036,1.06758989741826,0.467737907455821,0.323057750576593,0.6721348147657077,0.1270819657377326,0.5718940549568629,0.0854162135011929,0.1789829948407899,13.993037837105536,0.1765405384413947,14.03674569882518,0.4667533464374749,0.5332466535625251,0.0437078617196449,0.0499344486210264,True,ok,10,ok
91,92,140.07231952015775,0.3278422208103755,0.0188794980738588,50.30436399609613,60.02013099654848,56.89143328696401,0.0178448233204984,5.7427969193797175,0.0714305748092683,0.2054828130368723,0.7945043122318793,0.883683618091335,0.9360094713211828,0.9668541175009722,1.0524234227807805,0.4036124398212582,0.1705920716268144,0.5027754501365914,0.0976793535327714,0.377655942276413,0.0491107809414904,0.2387735297017655,0.0704351281122432,0.2459240891662346,0.0733126797114418,0.0509701988870654,0.9490298011129346,0.0028775515991986,0.0535780177732965,True,ok,10,ok
92,93,97.85754131841983,0.1823136713175913,0.019729351473501,20.318341765760717,63.7109195874545,21.033916391987862,0.6750067914265626,3.3542666676736315,0.0961169634901932,0.1969885665820386,0.8030064961323745,0.8698386111025811,0.9194388854342692,0.9519548362741264,1.0566621466726065,0.4173864589693451,0.1556772730856307,0.6836108285110891,0.068362244607576,0.2786656688281568,0.0467331706750628,0.2534594634119761,2.77323380488345,0.2665227309090608,2.784959788190936,0.1881997164286547,0.8118002835713453,0.0117259833074856,0.0505800792626503,True,ok,10,ok
93,94,175.97866376163458,0.2816689593052415,0.0177475266401744,42.28357518501561,72.76015885435109,9.798720846568438,0.6286372450135407,0.2459093064585821,0.0192227393373075,0.179797043419464,0.8202010375381317,0.9038241802026628,0.9331417124884992,0.9685113537928411,1.0142977729871954,0.2868163080224102,0.3020985347265661,0.6730656577849765,0.1009351268427936,0.4604425666697589,0.0679359675420549,0.1569441948312739,9.289374708697537,0.1488501138093676,9.42437698482711,0.7171015093683561,0.2828984906316438,0.1350022761295735,0.0532587641358241,True,ok,10,ok
94,95,166.9103874192889,0.2417824041346306,0.0238569231008791,67.49261354745667,57.30386796920898,49.88773421341357,0.0550725401712028,0.5746180163560938,0.0171677802136346,0.1622755162514501,0.837716285593216,0.9051173166012526,0.9433438024893076,0.9747613493645336,1.0173894051685042,0.3206043326840351,0.3216162505853929,0.6595810836423408,0.1161528939420134,0.5995867868177084,0.0766122516544671,0.1615978870279551,10.404606170928332,0.1538222962976428,10.519620776655485,0.6823498913280834,0.3176501086719165,0.1150146057271499,0.0535420353581042,True,ok,10,ok
95,96,109.63577105039556,0.3050219195865007,0.0168324603710222,46.99634901728095,46.75817446545237,73.15321554510923,0.9150565209179768,1.1999757431161469,0.0650064868815692,0.2182290239970941,0.7817545490502206,0.8468523441653527,0.9000352894072353,0.9440463897577144,1.0409833602577787,0.5083286176290546,0.2019078464483275,0.6652620922298483,0.072393967000931,0.2593149721127171,0.048160961951858,0.1903684602525605,5.51546516933897,0.1887171457642789,5.571628036194936,0.4822175451283322,0.5177824548716679,0.0561628668559657,0.0603050373573062,True,ok,10,ok
96,97,119.41980822761204,0.2087706098477744,0.0306732190032224,28.174451730936703,46.34401736438436,32.30624595770111,0.5777214311015916,7.045495524976474,0.0553357403815741,0.1748569824286175,0.8251360353471908,0.8644301055242002,0.914251323096752,0.9582660647117732,1.0465882896030416,0.4506485784541035,0.3120700498358313,0.6513120977196124,0.1151312831868794,0.5432735712122047,0.0749863975655971,0.1653006713314173,11.177699191781358,0.1576809678309715,11.317790308764312,0.7304335142288855,0.2695664857711145,0.1400911169829545,0.0517006262133416,True,ok,10,ok
97,98,173.19333676088823,0.2970129467861083,0.0183169598404899,30.586973506082337,35.36133703778597,74.75044746632678,0.879051770309585,6.217309366415825,0.082112238361222,0.184956275472529,0.8150285852074874,0.8331739745240176,0.8939217094044123,0.9422652050536146,1.0587617919691668,0.5632702874736829,0.3035064336426977,0.6231882405294131,0.1054742608176507,0.4647449859560417,0.0657303190200922,0.1508394526028483,8.625602158038369,0.1442734452599619,8.79064680416482,0.7569393815117986,0.2430606184882013,0.1650446461264511,0.0529974456944492,True,ok,10,ok
98,99,160.71755159584893,0.3153334927366044,0.0119360020542009,61.71331554661615,60.85818938769082,46.40232578290672,0.5113200336844976,4.312096584156603,0.0689269967957314,0.2138776677039942,0.7861113756924346,0.8664272441711276,0.9178982555777084,0.9559756173994978,1.0480022746220046,0.4469151206385275,0.2453635695868963,0.6718316209790683,0.073750875311486,0.2710588383899519,0.0495481701091408,0.1523895918518628,8.115875704382958,0.1479690254297339,8.299577066431608,0.7812469078636513,0.2187530921363487,0.1837013620486501,0.0514373120370986,True,ok,10,ok
99,100,81.05403300022903,0.2257505114137813,0.0284135157887262,27.038352647510983,28.31716950496838,64.87645788577403,0.4851214604055928,2.240307986696988,0.0527053887419721,0.246808338551746,0.7531749756107643,0.8696449884817806,0.9189758696780084,0.9572810426098451,1.037272085934769,0.4391155692608637,0.2742966963922718,0.7230479728839592,0.1021753401047853,0.3117832540759159,0.0738776725414941,0.1954572247182294,2.809915943359229,0.2049110949969781,2.825937791315745,0.2486420717213515,0.7513579282786484,0.0160218479565159,0.0484155493254345,True,ok,10,ok
0,1,139.52509000351347,0.163096757474147,0.0309522040805585,25.12973444305895,26.18734713253581,28.23113412358536,0.5194316331069465,7.762725502063901,0.0967843192534475,0.1596954839331544,0.8402986848462111,0.8615965462702285,0.917071069889515,0.9542129955245444,1.066391820972085,0.4599040802501114,0.2729954063673007,0.6426278094505388,0.1239680253573535,0.6522812199163935,0.0796653005773049,0.2121538975454633,5.49687903452822,0.2214637139762274,5.515133480025224,0.2584387668560265,0.7415612331439734,0.0182544454970034,0.052379096517894,True,ok,10,ok
1,2,178.9320804752299,0.2180899159674217,0.0301840646585229,35.90521089256604,66.14170636680616,10.81613676082575,0.0409979933194221,0.8725661351645991,0.016428280054041,0.2492148719953852,0.7507822047544201,0.9304979141382046,0.9577675686198628,0.9831337678933436,1.0144886744008736,0.2103680640944836,0.5207101073531094,0.7708159987973129,0.2419369955347045,0.7288483984067644,0.1864889068591043,0.1716545288561554,7.185700917292657,0.1656439337386668,7.215300203120624,0.3814421166094212,0.6185578833905788,0.029599285827968,0.0479990824148244,True,ok,10,ok
2,3,125.42143269451994,0.2567192362996275,0.0299775169843409,50.17345726787619,37.7822600089735,66.54790784736672,0.7037179489410424,2.92376595273618,0.0093109465125483,0.1551330990531077,0.8448560136568731,0.8630813574135334,0.9078695312106596,0.9581895692118756,1.0191657938712055,0.4589425863528189,0.2863712494383347,0.6214752532474955,0.1048478817370599,0.5709622750625166,0.0651603638550027,0.1623777147153949,9.503866616014438,0.1551889284441006,9.623046536986092,0.6869475960538592,0.3130524039461407,0.1191799209716558,0.0543120916014716,True,ok,10,ok
3,4,90.52174657065927,0.2924830851321805,0.0249675790222851,47.73705304847467,73.25428214106296,96.62483732873952,0.1107548961998317,3.85566578123634,0.0429926810387254,0.1747847479641575,0.8251976684494094,0.8789633575936308,0.9295639385686968,0.9659663407556084,1.0369843919033337,0.4240886183319171,0.2042929546320142,0.643342268948764,0.0710123489304474,0.3352313681900838,0.0456852456842953,0.1779408982842356,5.981543262883299,0.1721536308979853,6.03075813801064,0.4747784177579023,0.5252215822420977,0.0492148751273404,0.0544437438969892,True,ok,10,ok
4,5,131.74233532581675,0.1246738812565911,0.0146656752594018,48.36913302990149,47.55335073596815,27.00473363114364,0.2075828360687134,8.67563001065694,0.0766414627185595,0.227366168261414,0.7726256717408629,0.8786711167973185,0.9301528259432116,0.965262820013992,1.0590604741152685,0.4089339123472419,0.2283908719129271,0.7282412017718611,0.0789634564427565,0.2683205005779429,0.057504442415933,0.1942763837365951,9.806593778885029,0.2043236640459207,9.828439906838152,0.3159251061547192,0.6840748938452808,0.0218461279531245,0.0473035772381614,True,ok,10,ok
5,6,123.41993212632384,0.2596434724100575,0.0293689985921234,48.92968873686687,28.590401413956133,32.88863046551469,0.6294000431973837,2.742779338093276,0.0653799052074534,0.1790444216939569,0.8209490857748896,0.870795856584356,0.918210837538677,0.9553735734110024,1.0425402919107187,0.4217099086554953,0.3309854321335126,0.6513185988246722,0.1166563231444515,0.5348696612344174,0.0759804329344823,0.1535778060632794,9.986755559466808,0.1471699940205177,10.132025425458332,0.7339493638507466,0.2660506361492534,0.1452698659915243,0.0526591372156586,True,ok,10,ok
6,7,96.57960189872118,0.2739099605389935,0.0193118599250273,28.069618388331428,35.621134490897816,44.93258896954272,0.0795291554889716,7.831282933278814,0.0591561000339637,0.2268022744091184,0.7731857399539723,0.8812304260864938,0.9323571733401472,0.9684066392949418,1.050575497606937,0.4100642880514669,0.2631711063331992,0.7009976561299908,0.0760391351394833,0.2592093414071527,0.0533032555069294,0.1492389469772693,9.52339549373955,0.1451996833940469,9.64604805602182,0.709588392874689,0.290411607125311,0.1226525622822702,0.0501977316541615,True,ok,10,ok
7,8,99.41602665636744,0.2142752296132401,0.0208388378825373,30.52318200632036,52.94140046300458,54.50614709038356,0.0328271789503836,8.207970739673726,0.0323546401301602,0.2039291855837206,0.7960580176799297,0.8833623088509259,0.932047765587996,0.972568871590202,1.0396784307045253,0.4077826451355782,0.2113987834148764,0.6899735322708881,0.0759440639457427,0.2964366645427874,0.0523993940556503,0.1954705000336402,4.922895893475747,0.2008296460060552,4.944348696194565,0.296722795536612,0.7032772044633879,0.021452802718818,0.0508463365502814,True,ok,10,ok
8,9,71.12026067650905,0.2699535991679092,0.0292233891592005,35.23806863505884,25.95503660624824,12.325099489925911,0.2480623880593978,7.43714803849309,0.088676268710426,0.2088130672791235,0.7911827542230726,0.89081274463956,0.9374309436050836,0.9664689295061156,1.060389845191012,0.3523119597507502,0.2422920237710532,0.6930207033231974,0.0780095160965653,0.2955684219052621,0.054062209711144,0.1690660999612723,6.757931002992304,0.1687823044545441,6.804709475027563,0.4739993245155345,0.5260006754844655,0.0467784720352582,0.0519104281716558,True,ok,10,ok
9,10,141.5184876226768,0.2670783668390103,0.0198048795056204,23.963332566949237,54.47856647056922,2.5584016182024207,0.0012764384384829,3.324921978304252,0.046625129906066,0.1921518591827374,0.8078470100737714,0.9426274459778536,0.9675786823642516,0.9860984890317056,1.0303814846229071,0.1530148778017616,0.3103075179886952,0.7148171674166609,0.0968032256760396,0.4069788165040186,0.0691966075745424,0.1537970473102976,10.29622551420772,0.1471033004530996,10.438894451056113,0.7325667782509475,0.2674332217490525,0.1426689368483915,0.0520831882602889,True,ok,10,ok
10,11,81.92729433054565,0.1650790889991682,0.0224952016205047,41.126935406012,48.52649799513373,44.16949391909347,0.9193650439997982,8.031549438311554,0.0813623407277515,0.2356526140482732,0.764334867323633,0.8356974298370269,0.8944275089048934,0.9441705561477044,1.0609325388613664,0.547874954350893,0.2300184819941775,0.7005379030123112,0.0780676549642561,0.2531975350860024,0.0546893513017486,0.1830713313512783,8.840654237691414,0.1874869032487876,8.868139110324954,0.3647695320306283,0.6352304679693717,0.0274848726335393,0.0478637248234203,True,ok,10,ok
11,12,136.88759344460897,0.1280397846706114,0.0107718432954104,62.83512030868885,65.50799874192195,42.7246854694252,0.9028054002355648,7.309513676696784,0.0039414407102757,0.2408972850040805,0.7590904437847592,0.8505071600594276,0.8965727285571921,0.9563737833780348,1.0245786218768314,0.4969947842909249,0.1999962858558807,0.7227514703791293,0.0638506675720141,0.2011893274166727,0.0461481638723622,0.1845969405923129,10.660508426687969,0.194095952513178,10.688604428002796,0.3757108898859836,0.6242891101140163,0.0280960013148304,0.046684906215842,True,ok,10,ok
12,13,170.94996525005098,0.1454451252890652,0.024684707561726,47.17673670684091,29.587231902414526,29.92319482069866,0.0930956128914497,8.310668157415565,0.0697263903910333,0.2197565214110412,0.7802350556670377,0.8846267399556615,0.934885591807002,0.9686252603541924,1.0554335682967426,0.3921716894115174,0.4207818658794826,0.720513494815158,0.1666912180802627,0.5918065422709582,0.1201032720940057,0.1653255494237088,12.894361761002775,0.1673428620686899,12.936929121531882,0.4696127552669354,0.5303872447330646,0.0425673605291047,0.0480761751323335,True,ok,10,ok
13,14,178.55554415343784,0.2968421348425436,0.0170739101698885,45.21398321386291,53.95671185937727,25.501946580379563,0.994638913759319,9.415903125737216,0.071912356001409,0.2162716499410041,0.7837205829268915,0.8391330772192973,0.8941626883857472,0.9465945594188736,1.0582934121868814,0.5278476470390225,0.3152714313783969,0.6602540659726884,0.1185165010896187,0.4294621401213332,0.0782510017292773,0.1699510043553097,4.77739940597402,0.1683938790031209,4.816164190773876,0.4277122664529474,0.5722877335470525,0.038764784799857,0.0518680724743486,True,ok,10,ok
14,15,104.6488516909661,0.1583019620097505,0.0152740976162011,57.77397981535312,25.09377676511116,77.66388046513786,0.5933731309679078,5.80928478421773,0.0209447097965906,0.2454930889852161,0.7544862715255063,0.8569989041932852,0.9070213014642065,0.958377864997474,1.030502129080437,0.4886165760094123,0.2659473583609558,0.7247502331926872,0.0705379948709506,0.2167697467744572,0.051122428231666,0.1411051936057368,15.656326332324106,0.1403240400272307,15.837788619274606,0.7985271519581192,0.2014728480418808,0.1814622869505009,0.0457839456986027,True,ok,10,ok
15,16,115.46692710888064,0.1307286757789646,0.0140767968338064,38.20449255024344,59.46525912833174,35.23201913089049,0.8400939729780792,6.546478594935419,0.0804413107694835,0.2159829839418377,0.7840078107752395,0.8473336646796883,0.9023721038162196,0.9474848154449236,1.0570702024822192,0.5039524778936366,0.2280065628355566,0.6955904015923198,0.0631039865778367,0.2290546641786082,0.0438945273657538,0.1486197880989792,17.256332310156772,0.1470612393805938,17.430689953356385,0.7876925173598162,0.2123074826401838,0.1743576431996134,0.04699477459918,True,ok,10,ok
16,17,133.4694082664126,0.225957283176597,0.0277391960024643,28.528168406414387,45.78425753278064,5.282393346875114,0.8375225531199316,9.928378877732383,0.0339697625513352,0.2332417873766065,0.7667544694303632,0.8763512870031597,0.91449981905086,0.96401141748811,1.039125172624042,0.381267813237661,0.3693031651533102,0.7178369534892153,0.1552194836068662,0.5102572919943046,0.111422281234522,0.1902872402321214,4.0721669436209,0.1928535544979081,4.0925455897750105,0.2926555482673058,0.7073444517326941,0.0203786461541104,0.0492549086332978,True,ok,10,ok
17,18,135.75331194666154,0.3336272787578912,0.0230113680685058,49.03778751488781,57.81261833184094,36.35432043160306,0.9531175524372556,6.159710445754718,0.0549271097039114,0.2323000898659207,0.7676898122726675,0.8459477466710654,0.8975687508320737,0.9483211093781388,1.0448813744004068,0.506594687149896,0.2862976895629153,0.67398898249462,0.1304422940426389,0.4310582381498706,0.0879166690360622,0.2191646391305624,39.47411469014213,0.2739315180538763,39.4741378016548,0.012023070787865,0.987976929212135,2.3111512668821403e-05,0.0018991521982084,True,ok,10,ok
18,19,108.8081934643038,0.3246390514491977,0.0160891785737291,33.80323058455861,49.92846356673904,63.72622185205069,0.3140123460463003,6.0550263262126585,0.0288512836723574,0.2423242870788311,0.7576587259464282,0.8725471036507788,0.9211254558058044,0.965232304835326,1.0341290078900514,0.4383334724825295,0.2134036236203668,0.7014268875139931,0.0762570776176457,0.238411061004042,0.0534887646042582,0.1971572352003737,0.3143105418083287,0.2025389476702134,0.3250095930450081,0.1721068860840111,0.8278931139159889,0.0106990512366794,0.0514661036860402,True,ok,10,ok
19,20,86.82915035687566,0.3164963263949701,0.0304988754450956,58.69790506351379,26.921161673473755,70.87823506591815,0.2955117531552416,8.537080339933304,0.0396205413633448,0.2187430627405245,0.7812394996790452,0.863834849168994,0.917212973718728,0.9635116933669582,1.0441663769332354,0.4737118794495186,0.3223432428056172,0.6727569046042098,0.1041299320657941,0.3718697658367969,0.0700541307732303,0.147273616393088,8.120977885050774,0.1403642549602577,8.271865715761143,0.7460164560490966,0.2539835439509034,0.1508878307103688,0.051370215324528,True,ok,10,ok
20,21,173.1671357823517,0.1808259011992302,0.023232682112352,64.17791860867298,55.413275427819,41.34209702543078,0.5751134729301582,7.641384054128613,0.0267395917195357,0.2059778232652208,0.7940119682574314,0.863199327636545,0.9111343552361214,0.9613204119739108,1.0354319093600102,0.4601220315692441,0.4010951946661197,0.6861412756924852,0.148958095509614,0.5741814687140632,0.1022062976776896,0.1526117580777984,13.419117142259775,0.1471996907225486,13.544185818429307,0.717800395443603,0.282199604556397,0.125068676169534,0.049170119132663,True,ok,10,ok
21,22,157.3629046881801,0.3072189372286544,0.0180474375888854,36.82807799608457,42.7903612335699,18.936421221338016,0.733458874583274,9.303816409901607,0.0386834341746593,0.1843477769517789,0.8156468816569202,0.8623911951322952,0.908859610723382,0.959650448950598,1.0424994038218485,0.449346609194535,0.2867230666042767,0.6422572649027194,0.0941078170568335,0.4163680452592009,0.0604414291888874,0.1503592918856613,8.829420452494375,0.1431515627179549,9.02137213750854,0.7831987177055805,0.2168012822944195,0.1919516850141655,0.0531351373653418,True,ok,10,ok
22,23,122.04813443066465,0.2066230652298698,0.0308582483203581,38.88369141891053,35.14635063706088,7.914940788283786,0.4785550955623204,7.568375474282063,0.0100393770422019,0.1997738449417054,0.8002229662429814,0.8977226007549627,0.9307808829242742,0.9746793412968348,1.0243948205206657,0.3183989542071453,0.3805534706675647,0.7014500198327493,0.135240035114226,0.5417148308725896,0.0948641253130556,0.1544152338966909,12.178924943376275,0.1491582455142441,12.2937280401273,0.6954238280094784,0.3045761719905215,0.1148030967510239,0.0502805430771172,True,ok,10,ok
23,24,163.43408662326829,0.2796667453004934,0.0136423618666384,52.22240899865717,74.28058644233136,92.29795930204035,0.78231736544376,6.672590820968355,0.0447676862262085,0.2430441206269716,0.7569316326063851,0.838862499969485,0.8955602688268425,0.9491565998762326,1.0433187656652276,0.5504417388917413,0.2450124563872097,0.6876424722983744,0.0974132311085359,0.3033515090881552,0.0669854750740465,0.2064107271508105,0.4037118962325614,0.214016976688719,0.413272542864902,0.1607161541294909,0.8392838458705091,0.0095606466323406,0.0499271297155025,True,ok,10,ok
24,25,154.5492224954455,0.2025222990813028,0.0287636592197225,69.15916110515661,57.394294308412725,80.71911360383872,0.6539119403191193,9.249578437407427,0.098293395444459,0.2368675268595318,0.763111005642945,0.8331084226466567,0.8987650810079786,0.9450556843856032,1.0722721879407215,0.5736643822006711,0.3314875368517237,0.6912747193018839,0.1892836678794373,0.6097558501580123,0.130847014381789,0.263879784774819,0.2048964970612079,0.2739456864872587,0.2089811302426936,0.0775237455620021,0.922476254437998,0.0040846331814857,0.0486041675449818,True,ok,10,ok
25,26,105.69403594004734,0.3304695750857271,0.0254001382314199,21.797169663927694,69.45432747924119,78.70375455241106,0.2893568237797254,8.989254933318815,0.0122073146980962,0.2134055623091166,0.786575660112432,0.865332758766113,0.9158040299323088,0.9672177429798896,1.032958697169142,0.4714410793418352,0.2743585134304745,0.6655748023080615,0.1029882807293326,0.3795634318990718,0.0685464045864727,0.1812960505624291,2.7505152525850605,0.1763118212799919,2.780944738974972,0.3651027059121664,0.6348972940878336,0.0304294863899116,0.0529155173505759,True,ok,10,ok
26,27,142.3753956571559,0.3349948881698754,0.0124742438005943,25.21779315570568,68.66870944615286,98.62778725783528,0.502199617756583,5.380306666275198,0.0432356341224847,0.2186255734187928,0.7813515755701875,0.8551910305421778,0.909463939009454,0.9560337654421088,1.04018700828591,0.4997134123259357,0.2283705785411729,0.6637157015408759,0.0697995822439429,0.2494324562487424,0.0463270786962986,0.1565321468319422,7.064705808555708,0.1489726007893012,7.222408624669871,0.7528863179392743,0.2471136820607257,0.1577028161141635,0.0517614978951705,True,ok,10,ok
27,28,103.3488415913198,0.3214413335860792,0.0161837422037434,23.77663047569736,38.33898663408074,73.48316261854026,0.3107777195726088,9.54691307638882,0.0666230604484456,0.1606191289543911,0.8393674837946222,0.8558794963251382,0.9146641402895286,0.9588868242127953,1.058414312846827,0.5023011511527193,0.1285481558869057,0.6081174584328752,0.0482920149764393,0.2523445940815629,0.0293672174100746,0.1990858257896379,2.814514846356865,0.2012036214973515,2.848158863412273,0.3608958984888774,0.6391041015111225,0.0336440170554089,0.0595795889658321,True,ok,10,ok
28,29,173.8391734118486,0.1422080815672424,0.0251425328105245,41.056472724230126,67.98048046229196,35.1406605944729,0.6445686452619774,8.556266165410653,0.0879137417574573,0.2050695551014873,0.7949213514045583,0.8510083609507377,0.9081806791537724,0.9512657600707638,1.0644469011353044,0.4982663047990862,0.3894227544085584,0.6843409556119858,0.1611144229393551,0.6245081859612199,0.1102571981571919,0.1728726315946589,12.676637843394415,0.1707600407018845,12.719638591982385,0.4679584741663791,0.5320415258336209,0.0430007485879654,0.048889346285446,True,ok,10,ok
29,30,80.60241583523234,0.1627045071815843,0.0201551343224267,31.73677081907156,27.740165299132755,99.85735585507165,0.7830732238067986,3.313156535676293,0.0111300806164655,0.1818718724662674,0.8181092193348922,0.8509184342663457,0.8998057507498743,0.9537613132149684,1.021631786987719,0.5060504065995008,0.184747844768075,0.65651813282162,0.0531131112171994,0.2388924045268328,0.0348697206046628,0.1538725115357818,15.19518385071989,0.1523792751791181,15.379698321397452,0.7875010516748563,0.2124989483251437,0.1845144706775629,0.0497893061683698,True,ok,10,ok
30,31,75.68498699301125,0.2818482766411818,0.022496277123135,63.7180715444748,41.50637352292539,8.469208305229893,0.6705252073192736,3.5511300149577343,0.0793577833514003,0.1615124527871839,0.8384854974543066,0.8867238986799337,0.927579974665322,0.9591555934349336,1.0476843060897956,0.3462554972344109,0.1631265746429873,0.6429202098612626,0.0494298414514894,0.2566098062111432,0.0317794440394005,0.1630351906021457,9.751693550885143,0.1573444779535421,9.922314652626229,0.7547546823573689,0.2452453176426311,0.1706211017410828,0.0554405653534121,True,ok,10,ok
31,32,123.84713744221446,0.2859691540960725,0.0318902083090185,54.42163125138565,47.310229206245886,67.43034326988774,0.797094884299302,7.890258765644922,0.0378735403147013,0.2429959765296022,0.756985525768301,0.841486903014418,0.8960912749778331,0.951500448467406,1.041980070024068,0.5378796677493802,0.4496530071665557,0.6886236712364617,0.1725173465975536,0.5373882964427424,0.1187995285659805,0.1454031492156806,8.389087189162549,0.1361467327364128,8.499850766318897,0.691868103545543,0.308131896454457,0.1107635771563483,0.0493299097217574,True,ok,10,ok
32,33,101.32530889190076,0.295644505197871,0.0152389630404665,27.69974577638743,49.94762262967251,94.64969182168844,0.8333184748680527,5.725428303308026,0.0427706922936793,0.1795999093088868,0.8203819118248648,0.8385483750513226,0.8944432299618147,0.948046269720824,1.040579733964141,0.5495097042980464,0.1184971276190531,0.6212664495629134,0.0498517858829357,0.2276914526038704,0.030971242019862,0.2303957855373712,0.3688335702599197,0.2383901719283953,0.3808582067586239,0.1661390422847686,0.8338609577152314,0.0120246364987042,0.0603523095420316,True,ok,10,ok
33,34,162.1063963301504,0.1749859359620768,0.0204967324704738,43.86892587991818,53.1139603221576,7.586267355998524,0.8131651543192392,6.547968556576106,0.0649731102211178,0.1696160981461265,0.83038136649613,0.8759542104217457,0.9176203155058226,0.958277515878325,1.046992792204866,0.383004456051575,0.2944228526503764,0.6632412650377492,0.1013014457360793,0.4959291983474205,0.0671872990201501,0.1610127147197285,13.77450915097032,0.1569185830640336,13.897940033614187,0.7063197820733842,0.2936802179266158,0.123430882643868,0.0513212420687369,True,ok,10,ok
34,35,138.78319233740143,0.3318886776392383,0.0128923616422606,29.918931824299904,59.82600639164629,60.79637401441666,0.9371050329360004,4.739203907258435,0.0142509091451262,0.1506225937884927,0.8493673932579967,0.8476750371746724,0.8955116810727728,0.9520959674802648,1.0248268250596504,0.5078260331294772,0.1032765259418707,0.59303559467777,0.048444630029519,0.2731632281714137,0.0287293899785004,0.2494498934210084,0.0761712761335449,0.2613532025663004,0.0801004695478502,0.0641207131196777,0.9358792868803222,0.0039291934143053,0.0573488745162829,True,ok,10,ok
35,36,164.97357130053632,0.1832968363110508,0.0218248110529282,52.19748819658464,54.19847203942928,63.011761029067735,0.3801340477522936,5.094264064280001,0.0244263852406455,0.1729658923491251,0.8270222610699187,0.8724990625498901,0.9196993496271464,0.96430312317144,1.030192228626313,0.4355898903071476,0.318307942733494,0.6582603788621465,0.111946980451626,0.5352286685310195,0.0736902617645606,0.1578159367039407,13.566426366234143,0.1527228307628822,13.707712491104402,0.734048814930977,0.265951185069023,0.1412861248702582,0.0511889830468405,True,ok,10,ok
36,37,128.17033817505833,0.1971640066549,0.0271725828210845,67.49203144804693,55.96413686196368,91.84325397700566,0.9173884075714022,4.484742055771197,0.0321502649006479,0.2368865484591591,0.7630904131769927,0.8395558716424822,0.8928114824543925,0.9476989022304856,1.0332546424548867,0.5421446839755945,0.3803251680971209,0.6977310057241836,0.1483058854136911,0.4776961578235413,0.1034776145845102,0.1685990799509561,9.505027877917314,0.1630695368390938,9.565624774728844,0.5576725587482824,0.4423274412517176,0.0605968968115282,0.0480634556855362,True,ok,10,ok
37,38,149.24238005228574,0.1690820198141162,0.0227236022290409,35.17581417275849,33.1117425724301,16.520761700646116,0.2818007529253943,9.25388021543466,0.0368003884474879,0.1513829578777399,0.8486130975181148,0.887620329655934,0.9305185292309066,0.971924024818465,1.0412722944687496,0.3703616825947783,0.2518362041145263,0.6511167925534068,0.0922815641730401,0.5172927296406697,0.0600860760761613,0.1785058145831986,11.433037718006323,0.1799562509100929,11.48014780204856,0.4712962072986702,0.5287037927013298,0.0471100840422347,0.0528484628602657,True,ok,10,ok
38,39,126.12541012096098,0.2515817489234124,0.0179257174929207,34.58967690976924,48.50711102445268,46.42153628440142,0.3318797705238481,6.647442065907039,0.0868459687263295,0.1746833379752441,0.8253073332864459,0.8668660242637435,0.922466098438371,0.957771583322846,1.0607373809007057,0.4523427500723307,0.1916600948120345,0.6438684968339425,0.0709922781572527,0.3353915700763984,0.0457096914239274,0.1927838325866706,4.282227073491949,0.1966034859155556,4.308769665590567,0.3312616403308968,0.6687383596691032,0.0265425920986177,0.0535831721525776,True,ok,10,ok
39,40,112.95803256874476,0.3083470726670217,0.028624086085376,25.76709797519677,70.15815494039794,65.18797687868008,0.2346706816471913,8.718294883578226,0.0273495974103638,0.1938219396812043,0.8061636891120266,0.8696941508942048,0.9204831742613578,0.9673201251588482,1.0388281758771871,0.4540077044258859,0.3208680399933082,0.6533073231766952,0.1126525907407086,0.4685212369319382,0.0735967625057321,0.1557709317877444,8.099363308166769,0.1446209428056915,8.229920197042603,0.7113291634854967,0.2886708365145033,0.1305568888758345,0.0529824563073557,True,ok,10,ok
40,41,167.91371206074703,0.1906553359274168,0.0174928797914146,39.792650666704674,66.12853740455499,97.47989792652622,0.4908205725124752,4.891358010387191,0.033292514468012,0.1948732261894168,0.805106726683792,0.858674704146662,0.9108224150161142,0.9578724850696289,1.034709596910323,0.4872666514777558,0.3064780070262448,0.6688692781292884,0.1028967419110119,0.4250678212582125,0.0688244694838742,0.1557413000200386,12.890088602419995,0.1511479920001133,13.0209963827991,0.723396666682264,0.276603333317736,0.1309077803791027,0.0500548731806503,True,ok,10,ok
41,42,139.44491689450183,0.3494716074685834,0.0267494957214188,37.54734467867832,60.982315698286335,34.49194051348999,0.0492007868319272,4.012296081422939,0.0233840547557951,0.2145986505306542,0.7853930756347256,0.9021301073931384,0.9419647989932384,0.9759275268507268,1.0262813549089962,0.3298829399283982,0.6392746153674524,0.6902155584126858,0.143886257561878,0.5265779317341516,0.0993125336109832,0.0560393781083625,40.1458689119148,0.0607390151586384,40.1458904217463,0.0109923660009338,0.989007633999066,2.15098314979124e-05,0.0019352874127063,True,ok,10,ok
42,43,115.11105391855408,0.3461636600095502,0.0259845259277115,22.663568174617257,51.08083373447981,22.56862003047246,0.6943172618145022,8.962171669514817,0.0108301007706902,0.166741904083939,0.8332527224668734,0.8664791780824666,0.9095015200367778,0.9639003612960908,1.0296447655030174,0.4388250449538711,0.2208044490050533,0.6199368599296029,0.0896495015695458,0.4479874715542629,0.0555770304972782,0.1961254634864653,1.5108430813263602,0.1915306497379802,1.537893640694977,0.3239317253554878,0.6760682746445121,0.0270505593686166,0.0564564183407477,True,ok,10,ok
43,44,90.55569768477758,0.2132776167479055,0.0255653264290373,32.59968247807603,58.298081943805855,54.224418403457655,0.6063947678229233,5.993580921343313,0.0572156218421957,0.2022883455956711,0.7976993495898431,0.8565789633662815,0.9096084250680808,0.954528099195946,1.046426067004535,0.48371847195809,0.1956170710789639,0.6718613922083636,0.0841824772679887,0.3319431115391257,0.0565589563768198,0.2325720282803879,0.5919999693369569,0.2423308436415925,0.6001897370069247,0.1383334155503043,0.8616665844496957,0.0081897676699678,0.0510133369261854,True,ok,10,ok
44,45,148.50290680860584,0.150772403502283,0.0220880791232865,20.15910074476576,45.16943544312333,42.39857727939872,0.4806213741606375,4.151833363827018,0.0253313986927521,0.2466851906496153,0.7533032069456119,0.8764318361276263,0.9203805245196712,0.963760442732427,1.0278725213832502,0.4122176226437608,0.3128019428862417,0.7417209393380183,0.1454499938735446,0.4441401344483829,0.1078833060825945,0.2370100314943687,0.8890211716024154,0.2571096594955134,0.8948301364873936,0.110421797816215,0.889578202183785,0.0058089648849781,0.0467980837219148,True,ok,10,ok
45,46,141.16134969056066,0.3193132509321492,0.0240807843717753,20.847381948071973,28.487942537825013,30.410681434221956,0.7544712126633687,3.0780484877404195,0.0304790669585474,0.2410798938706162,0.7589118504993893,0.8702554734256609,0.9128201063171416,0.957893239427747,1.027340925191582,0.4206143832225971,0.3962689699692919,0.7023670168327706,0.1473057141431072,0.4636978314406797,0.1034626750051151,0.1576293681420754,5.007326828421903,0.1548349187465806,5.052847590881188,0.4730714652417787,0.5269285347582213,0.0455207624592857,0.0507030975784801,True,ok,10,ok
46,47,153.1034782078753,0.2216215537275346,0.0245805781029342,28.632160760376635,63.2602265828014,15.12965489848157,0.3230882150066461,8.68159433760143,0.0814815417577582,0.2240694766185824,0.7759251154825403,0.8817185160776656,0.9303256572821104,0.9646377958410656,1.060054989474236,0.3868986917873551,0.3800350314207472,0.7105241725951829,0.1515750187002408,0.5248730313641574,0.107697714748088,0.1756911990198454,7.013500455750741,0.1739209785249729,7.044904308816636,0.3873833611334167,0.6126166388665832,0.0314038530658955,0.0496627497278159,True,ok,10,ok
47,48,128.52161550376644,0.1578412502810854,0.0298560741303565,28.463045159507217,34.819534205911545,17.53055957683504,0.1328716447346195,1.2116072125211343,0.038342009547446,0.1689036823401057,0.8310931295362225,0.9139699010815712,0.948737379232879,0.9751124708188056,1.0260028933736776,0.2726199364390935,0.1476416525010311,0.4372754839442594,0.116496664526717,0.5732127842769065,0.0509411353588122,0.2940911403972211,0.0730884116860686,0.3210804662386605,0.0746680270763942,0.0295959393673553,0.9704040606326446,0.0015796153903255,0.0517930912745595,True,ok,10,ok
48,49,92.77417671100858,0.2324791242492291,0.0230788945504342,33.508666702988464,26.04057849897131,93.44136041446396,0.6118894627501845,7.905391914829529,0.0222210851789055,0.1559291174499673,0.8440549826078652,0.8474727351564968,0.9012615524115748,0.9567333040475082,1.035664790802927,0.5268560336468948,0.1876903051771176,0.6144338706789445,0.0600165344760837,0.3248404842330675,0.0368761915828764,0.1595974171529478,11.200467671440414,0.155984343862387,11.368746945061137,0.7595448178595802,0.2404551821404198,0.1682792736207214,0.0532735165028915,True,ok,10,ok
49,50,177.75711237428874,0.2173521122295652,0.0233146003757517,21.036949108669475,64.53693041522288,65.36016968325909,0.1426044746673865,9.967074552583952,0.0735814775119704,0.2154336196643024,0.7845501203658769,0.8641956921151464,0.9227276502305256,0.9626729239617609,1.0621357110034582,0.475998551108559,0.358735551189513,0.6874860315116312,0.1604938952371129,0.5844306111476835,0.1103373111184062,0.1972355256203679,3.7534944591070776,0.1994505456633246,3.771740417096634,0.2665634503683529,0.7334365496316471,0.0182459579895562,0.0502028783544471,True,ok,10,ok
50,51,163.7849094092586,0.3117477740809692,0.0287958895530473,52.58248576512509,73.35063703812325,21.72535587680485,0.1640220044659621,0.7245422864806812,0.0174849355858656,0.1921965607628999,0.8077990928211289,0.9132213630269626,0.9460765109780032,0.976356884333078,1.016085235673558,0.2774687443711366,0.418468397670773,0.6839095069755254,0.1629360248279996,0.6848020385327724,0.1114334964086692,0.1548554205774558,7.689103347442618,0.1414545640864484,7.794332312650839,0.6634251525018148,0.3365748474981852,0.1052289652082208,0.0533857101796451,True,ok,10,ok
51,52,89.28429532269935,0.3309319258510051,0.0264052523398052,69.4829622649878,37.86734379315127,96.12402512705756,0.3423870579467158,5.1093265273704365,0.0475626448765132,0.1635339629614912,0.836449424267962,0.8636512564560506,0.9173101489531924,0.9595179025708832,1.0415370529487606,0.4732649858895772,0.2122339772748375,0.6148918327502793,0.0693066287386007,0.3544560417894014,0.0426160799668213,0.1581815515624348,7.80786786959132,0.1501858097113948,7.978748380723923,0.755631537516116,0.244368462483884,0.1708805111326029,0.0552621293589718,True,ok,10,ok
52,53,96.11934989192738,0.3133702050721747,0.0153859308912624,21.686516665570547,56.92718105515755,57.612163965049405,0.8835340131772637,4.960004652883223,0.0943816340364675,0.1646803693585311,0.8353091800697734,0.8386990056408152,0.8981070041362114,0.9417022055142722,1.0612126242425073,0.5380517522352206,0.1436526829067999,0.6043865001404526,0.0437785419545307,0.2220440580730727,0.0264591597531507,0.1577292537018012,8.644610634557658,0.151504761867223,8.848338351514018,0.7889968171590596,0.2110031828409404,0.2037277169563597,0.0544833588372309,True,ok,10,ok
53,54,171.00591757655766,0.1297582300723987,0.0247488159632405,27.39135386282694,40.48307912981294,11.669420987687142,0.125116240309022,4.359039481752384,0.0712252287477745,0.1900770247600944,0.8099199047665063,0.908147637267818,0.948072678132112,0.9724335697738008,1.0462713278625264,0.2905368039260686,0.3739934663663499,0.7121422989684184,0.1445970742657495,0.6161194757134949,0.102973692891718,0.1723618467694184,14.3577253263298,0.1735604131735431,14.401403805639804,0.4686747233298509,0.5313252766701491,0.0436784793100042,0.0495172428737661,True,ok,10,ok
54,55,100.50230987644616,0.1353682673589392,0.0289649164945931,48.66974230736241,43.52205960016039,2.367406580559821,0.5469436271401668,8.801257671448564,0.0284989948507639,0.2160453591847217,0.7839521096829122,0.9053284775540872,0.9353470797000188,0.9754745764430474,1.0330578564860744,0.2763813893225667,0.3279353105204315,0.7377448268532607,0.1130461180294552,0.4101995284035669,0.0833991887720737,0.1709167878750268,13.860243632644426,0.1719890938744291,13.901628351101518,0.4625812637095819,0.5374187362904181,0.0413847184570927,0.0480800344497066,True,ok,10,ok
55,56,117.90447476710015,0.133348424111051,0.0280652670416619,47.54163052377742,73.97878074041941,78.3874828642318,0.2245055198282424,1.686525471437553,0.0265636825055024,0.1858368099067764,0.8141482664752241,0.884747613446503,0.9297152008650108,0.9667071082198232,1.0248049886338093,0.3955627436624001,0.3252420845299204,0.6884858523311568,0.1105409983427333,0.4842395627328353,0.0761059134615337,0.1578918287787771,17.249933271860552,0.1520259984446526,17.40068059158563,0.7542715854405697,0.2457284145594302,0.1507473197250788,0.049110825053141,True,ok,10,ok
56,57,143.51601581460056,0.1548576687469403,0.0311650145461159,54.732447781072935,72.57952705015063,43.08565443636704,0.0672983194386879,5.675898461425055,0.0881587419754923,0.2221199329390096,0.7778692206702158,0.8835914409587231,0.9365408047721776,0.9645843289616288,1.0592269915142536,0.39806472810292,0.4561423349301463,0.7201872889600065,0.1785803800676798,0.6253621469719982,0.1286113197823899,0.1533430394903258,15.098696432545555,0.1456734828285287,15.21118963233504,0.7023950152288497,0.2976049847711502,0.1124931997894841,0.0476634034757488,True,ok,10,ok
57,58,175.61070161165264,0.2644195673517382,0.0192256616704251,58.469103178346565,71.37713115985005,39.76199829054639,0.5266371394758489,3.273675904519859,0.0085860394108186,0.2376867395478986,0.7623029058172813,0.8799246989558316,0.9202381813932394,0.9654613692272768,1.0184449880935895,0.3972124989108443,0.4054828357866681,0.7146143693168083,0.1442492106727043,0.4626122706116206,0.103082558709322,0.1511391977044454,9.211078527122098,0.1421867767720011,9.361741588973384,0.7548206443020886,0.2451793556979113,0.1506630618512863,0.0489380791463744,True,ok,10,ok
58,59,140.415243353074,0.1974575175989128,0.0226375318694778,34.9491583734852,65.36801706592104,44.22373196268339,0.1215539598073755,9.541459861615184,0.0384179451788894,0.211438318244836,0.788550287418256,0.8782340653194418,0.928052440932879,0.9705509919594452,1.044629981961145,0.421921206936219,0.3316187948083332,0.6974195450715299,0.1208113480232665,0.4505365462263519,0.0842561953778648,0.1698192572108904,9.841905389196503,0.1675950152923857,9.886727321698288,0.4736917216632698,0.5263082783367301,0.0448219325017837,0.0498006468086607,True,ok,10,ok
59,60,130.35614958825147,0.1220215985915036,0.0276145833837554,62.72813529290844,44.78160769755466,56.71941757540212,0.1588295507332472,7.910604028830381,0.0440151105478531,0.2361136801329294,0.763871021341819,0.8753787666075388,0.9264424633728892,0.967457938649008,1.0444156302043877,0.4325048121789767,0.4275875746851389,0.7338818736677972,0.1527835537352402,0.4942507687924016,0.1121250806808426,0.1501020917607507,17.368320457145963,0.1471801764190856,17.478822923154063,0.7058353068024593,0.2941646931975407,0.1105024660080992,0.0460531283963406,True,ok,10,ok
60,61,96.4022578037384,0.2452996294445772,0.0315965956447039,21.902644783447712,56.92626809356443,72.14764502723932,0.7262541549007858,8.347332916457201,0.0093536944232466,0.20988213182036,0.7901008199096166,0.8470086626085707,0.8979434893594138,0.9571883284665684,1.0302047337223454,0.5226199885752634,0.3323689049840615,0.6663546987612999,0.1149199793723334,0.4325808699537497,0.076577468236306,0.1538215464969712,10.27280345513372,0.1456025789163621,10.402418229866822,0.7200037933600252,0.2799962066399748,0.1296147747331034,0.0504047972864176,True,ok,10,ok
61,62,153.52046266053597,0.2784181995964698,0.0271574174130027,43.006553377661824,34.32208174130688,46.17322492478519,0.4161084884059526,3.9006540771653846,0.0197007825558469,0.2063713419991091,0.7936182377882985,0.8796843417243776,0.9228471786865272,0.965766082506776,1.0250170954643412,0.403538435906245,0.3899495809518505,0.6799674075817475,0.154661904529535,0.5947352460330547,0.1051650542746036,0.1645237963144908,6.246816665041052,0.1609397312997592,6.292613168251631,0.468084724074939,0.5319152759250609,0.0457965032105784,0.0520415608302523,True,ok,10,ok
62,63,170.82188981106071,0.2655259810083666,0.014327289736462,52.05399283376234,58.99923886782535,15.785428002437596,0.2406872501397005,4.751482908776629,0.0413020473870894,0.220972142740942,0.7790232658932738,0.9009999658933632,0.9395402921944972,0.9725088687573044,1.0342003442941994,0.318169940638221,0.2959545901134136,0.7129000121939109,0.0972101058101513,0.3427009382330703,0.0693010856174282,0.1648601267187993,7.105972300120513,0.1638003588017829,7.152909673635727,0.4803178015443303,0.5196821984556697,0.0469373735152144,0.0507841212207711,True,ok,10,ok
63,64,92.73280422562088,0.278761956873651,0.0242990050610102,32.876833008657364,38.93201929652521,96.65870903427842,0.0071571258524329,9.075984926865068,0.0303638876775556,0.1762557353944591,0.823725625026832,0.8729807540136696,0.9263919770698296,0.9704487248817706,1.0417428248367444,0.4544640554692865,0.2267847141075429,0.6421466048819846,0.0713950936001533,0.3336274379562393,0.0458461169605699,0.1563108808820156,9.566152373338298,0.1501417059557434,9.731604932268146,0.7567856325365004,0.2432143674634995,0.1654525589298489,0.0531728375054738,True,ok,10,ok
64,65,85.06462108049281,0.2835624874246795,0.0173042478967828,36.74790197732918,36.418942636097455,93.67984581032664,0.8133972120143745,9.39556803467702,0.0128497962329638,0.1682141776145314,0.8317683449988482,0.8350338828925161,0.8899338482282031,0.9530876418318436,1.0344335277473289,0.5674895783253434,0.1478753335499998,0.6090353333780767,0.0445109349417348,0.2200702756599807,0.0271087321012093,0.1562127959076749,9.624867800584283,0.1515226028971503,9.830193929077122,0.7933362773398384,0.2066637226601616,0.2053261284928396,0.0534873587478111,True,ok,10,ok
65,66,89.81188907402867,0.3273252888696364,0.021675733025889,54.50673496197336,30.105747297151744,7.175659781534175,0.448821251615442,2.130612384852702,0.0570111132550618,0.1584150288417772,0.8415834257897423,0.907258524047497,0.9411196289255224,0.968845859402186,1.0344690026621506,0.2764820606867361,0.1303781296210692,0.6455135473346898,0.055432637294026,0.2944842673630164,0.0357825183377839,0.238669327549116,0.0934604611003724,0.2487379254258819,0.0986120107617416,0.0830219537051841,0.9169780462948158,0.0051515496613691,0.0568989012309651,True,ok,10,ok
66,67,155.19563169773795,0.2337651289763951,0.0206227462980326,43.69269883344977,32.49954415475796,48.34324584701285,0.1772287147916816,2.6329719668062395,0.0281601553775615,0.2160082086544477,0.783980741215949,0.8927490283412404,0.9350597658679316,0.970225545481222,1.026385899190456,0.3626700913685204,0.2635636970122593,0.7063323798608746,0.1242727082797462,0.4510126110906829,0.0877778377909893,0.2452643785158584,0.2572598021158168,0.265399571045486,0.2608848476006818,0.0667845561922556,0.9332154438077443,0.003625045484865,0.0506546516719062,True,ok,10,ok
67,68,76.21361962176735,0.2301307553154276,0.0312306148652371,26.3002983557236,40.34429710577525,51.84211290048116,0.7919329460619812,5.420032305222823,0.0315996297789297,0.1813562283389168,0.8186332425811739,0.8533427122488069,0.9025494979091404,0.9539709146259244,1.0336562249132386,0.4896615214306045,0.241844105670668,0.6461780960023809,0.0775939946703468,0.3502352049837045,0.0501395397373036,0.1571821958834987,11.284601293746558,0.1513805671291332,11.440019256809792,0.75042270501707,0.24957729498293,0.1554179630632346,0.0516892606710196,True,ok,10,ok
68,69,164.29130366482394,0.3346509291329191,0.0307748287989735,37.97356819029333,31.35395619035909,55.28042659860482,0.141287846446376,4.927448418302324,0.0560525743827485,0.1915964513731695,0.808391985243542,0.8823457580557366,0.9319527441718978,0.9662276231755608,1.0438114731111885,0.4041460714235015,0.4124501490413623,0.6556497314707312,0.1741330440201093,0.7346652869966798,0.1141702835519657,0.1626396141225196,4.366214308485176,0.1555035154061793,4.413051537323001,0.4628058000981828,0.5371941999018172,0.0468372288378245,0.0543655409370749,True,ok,10,ok
69,70,119.36241100855726,0.3214610857121437,0.0138591913064757,58.38675489406484,43.58782693093878,28.762101972734197,0.6699429950966692,9.96408325958998,0.0987901638675086,0.1861628431185028,0.8138298224973122,0.8479546639240306,0.9068204976857456,0.950051821294946,1.0717361719585632,0.5068624732593061,0.1862704545421929,0.6306773896064636,0.0553570431253006,0.2419894162693648,0.034912435454597,0.1525162984280964,8.412929273017706,0.1468384787519155,8.612538533008658,0.7892887776357105,0.2107112223642895,0.1996092599909519,0.0532883684143006,True,ok,10,ok
70,71,135.8051354036677,0.3043732271738762,0.0309770804879973,41.72442022852153,72.46946705613064,78.85320723074095,0.4694601509586434,5.810270700514561,0.0765519694888095,0.178678230074631,0.8213065572275697,0.8545908815765355,0.9124495903868192,0.9530533137086736,1.055559882508609,0.4989811337098918,0.2773845968013353,0.6292670294542625,0.1351209197164446,0.6210395617206041,0.085027139767095,0.2215044439891292,0.311882561680445,0.2149701202626881,0.3217841149663139,0.1531676253469962,0.8468323746530038,0.0099015532858688,0.0547436565842799,True,ok,10,ok
71,72,177.27140518146726,0.1570755991704187,0.0239528957416141,20.974276342627096,53.85928650271434,62.25241289948834,0.1926490174251488,3.306385059356475,0.0015959158740948,0.1719184723705547,0.8280702229978291,0.8899744421428587,0.9309343533388708,0.9724794631343888,1.016316901881603,0.3772680978285401,0.3559624506242894,0.6738430772274573,0.1312215340792176,0.6320059670973861,0.0884227223224476,0.1599819118387434,15.050324178251516,0.1551785776598868,15.171856292080232,0.7053878425602311,0.2946121574397689,0.1215321138287181,0.0507590804561349,True,ok,10,ok
72,73,97.622793266249,0.2146419944758994,0.0259149772888871,48.04764655994308,58.29268906199406,2.1488616816556254,0.5823470261138214,6.245768057958187,0.0060411840217173,0.183833889649451,0.8161644600631781,0.914478868915461,0.9382414418456748,0.9783216523593048,1.017695466679526,0.2398192478918037,0.2707450164600359,0.6978470543823069,0.083596642821251,0.371139382922087,0.0583376709490598,0.1571332238131746,12.653340503539866,0.1508391855584679,12.807095113366255,0.750055001514376,0.249944998485624,0.153754609826391,0.0512365035132406,True,ok,10,ok
73,74,118.38273615051592,0.1665211719740658,0.0220248030132183,36.29758084295766,73.65456796300784,89.94231062821017,0.4375082336787633,6.903574404861694,0.0831674794488353,0.1628057306872302,0.8371784294778923,0.8502088172133362,0.9109795542172122,0.9521553868740662,1.061005228708355,0.5182907139578006,0.1389097603870527,0.6351921392136637,0.0763079251786022,0.3923518779046831,0.0484701942331525,0.3004627684189827,0.1764501999599383,0.3210093751371148,0.1780391878719427,0.0294361700724819,0.970563829927518,0.0015889879120043,0.0523918087776372,True,ok,10,ok
74,75,107.10115849661626,0.1612504517476831,0.0291472686401846,46.296875841693605,69.59851577697032,61.029185495328015,0.5012838667798779,2.036852240133383,0.0477195708203129,0.2242566309870314,0.7757291127133503,0.8711364928196176,0.919140495849576,0.9579508278268286,1.0344911673016588,0.4324488461572573,0.2663564625608982,0.7135122207097616,0.1258410209099797,0.4352706883826192,0.0897891062858632,0.247312180548258,0.8138755873103989,0.2573362348613703,0.820117422162647,0.1141883615089869,0.8858116384910131,0.0062418348522481,0.0484207837348212,True,ok,10,ok
75,76,105.06259648772652,0.3098261059715951,0.0194192091135649,30.635869736734165,59.64991401918211,65.62595505085118,0.6713557187349916,3.522745335503616,0.0031405433089467,0.1672936082808261,0.8326947104544711,0.8643658044106934,0.9085613631938512,0.9599986302798282,1.0175572932622152,0.4559506163961278,0.1753168629527896,0.6246280834191976,0.0613545308102955,0.3053674716856212,0.0383237629891189,0.1802733664806174,5.442443187564621,0.1768750598625312,5.494720701434428,0.4806037781533219,0.5193962218466781,0.0522775138698076,0.0564971488485742,True,ok,10,ok
76,77,176.47697370655897,0.1375025577289307,0.016264460547295,67.89878161938162,57.82489701463791,77.49671602702492,0.4964767852493607,2.345741857430754,0.0058434591310614,0.1794258654457376,0.8205597185132109,0.872804641845633,0.9165976938521349,0.9630769848182746,1.016774870996172,0.4317347394588923,0.2822710941164252,0.6736345945995481,0.0925773941780869,0.4233457497838929,0.0623633353962381,0.1585708540979076,16.42634595882469,0.1562663650574089,16.559537125439398,0.7281959631655125,0.2718040368344875,0.1331911666147063,0.0497144980029827,True,ok,10,ok
77,78,122.74241403743088,0.3328732963376108,0.0305775191921788,28.04423403430565,33.47565702483997,16.438728268050465,0.0846359495374166,5.343543432547402,0.0662572040381421,0.2023396378062918,0.7976559375547811,0.9029172405627074,0.945302210561996,0.972460044789177,1.046697019028925,0.3160560909084848,0.3616004401816311,0.6827500828449108,0.136503778288955,0.5381084472410678,0.0931979659354274,0.1645394579698484,4.629273123766311,0.1589416577058225,4.67638660107209,0.4677665675946388,0.5322334324053613,0.0471134773057792,0.0536065838735551,True,ok,10,ok
78,79,99.37013389359274,0.2647370967202653,0.0247816186120201,62.11455871646865,28.804668680576377,8.751358881201343,0.744367650712777,0.726619289474608,0.0886915090456759,0.2212582143427805,0.7787395238561157,0.8881840353783116,0.9282075413118628,0.9557504237798568,1.0462990810876924,0.335980315361114,0.3203899012335275,0.7073804547614972,0.0979369750463556,0.3446950609737959,0.0692787019462564,0.1469537750435854,10.223645519794832,0.1419664601649868,10.379919381353268,0.7576614523291644,0.2423385476708356,0.1562738615584366,0.0499843043783778,True,ok,10,ok
79,80,154.49700597561977,0.1296649658411945,0.0124320130652078,38.34145211830548,39.51036526558821,81.9604078135427,0.6470581599143316,7.383754048390015,0.0648253618121087,0.1647444452587143,0.8352407278533752,0.8428745530840653,0.9017252426220924,0.9501655700030044,1.0535125896031572,0.5383873495595962,0.1639028309051918,0.6394024941746748,0.0568811920883464,0.2883569929755323,0.0363699760929174,0.1855296451159155,13.72944731957933,0.1902348875305088,13.779705464090062,0.4823208847595163,0.5176791152404837,0.050258144510731,0.0539424947292421,True,ok,10,ok
80,81,143.74108466029867,0.3005969591054499,0.0210351424225249,22.788921105813305,45.37200488244484,14.151608853455851,0.7022705375243579,2.4386425979516284,0.0100511701273274,0.2148490595983408,0.785147225055324,0.8901656452021354,0.9232368048414128,0.9662116404466456,1.0152898799916592,0.3408874800178833,0.2224469873283453,0.6023296715763155,0.1167682149457885,0.4267119191872522,0.0703329605588494,0.2458455654062321,0.1018040546572063,0.2572677211396377,0.1056894865981467,0.0691502151228244,0.9308497848771756,0.0038854319409403,0.0523028522753715,True,ok,10,ok
81,82,83.35446167271246,0.3407710011816074,0.0164149059122543,63.65048667207273,53.12639400156208,1.8571266536358848,0.7717492321935695,7.522729144811099,0.0351365751437213,0.1972101859017699,0.802787812077991,0.8991373694275203,0.9287508946801392,0.9697489517269728,1.0331316495829488,0.2881736006018236,0.113669793373163,0.6222089230839004,0.048501849479199,0.1974355339566559,0.0301782835320298,0.2353125090214368,0.0422419519814587,0.2446296899350965,0.0454706888383345,0.0559310496775256,0.9440689503224744,0.0032287368568758,0.054498355259066,True,ok,10,ok
82,83,91.83158838226694,0.2624635984269037,0.0223242463138055,35.8378111251572,43.36147533135379,63.74363354254271,0.3532440844583365,1.086551534380115,0.0873196061618859,0.1827940135932699,0.8171940704893735,0.8742317929397173,0.9268101171669176,0.9554798060026548,1.0505033862262505,0.4237880445559501,0.2217055779955238,0.6554036153835552,0.0673622336973995,0.3011281860484422,0.0441494515055876,0.154986050202353,10.330586871702,0.1493471602002029,10.504499134052322,0.7688419511692562,0.2311580488307437,0.1739122623503228,0.0522880146842962,True,ok,10,ok
83,84,115.27773116128851,0.205335521940572,0.0257636423732185,52.830533587351546,65.61109064141904,73.70173596165364,0.4881347254302496,7.870860225917189,0.0849038202446188,0.2233902234605105,0.7765914434700484,0.8484088705207158,0.9091685828632272,0.9516949120755864,1.0632948982626986,0.5215067757235197,0.3572913937307004,0.6877498346178228,0.119264113481121,0.414574497418868,0.0820238743224822,0.1475474944866577,12.624534943326031,0.1407893662398304,12.79313618857029,0.7772394881080806,0.2227605118919193,0.1686012452442583,0.0483219139928764,True,ok,10,ok
84,85,78.87828361321012,0.1769112468441215,0.0201964648163603,39.33510638601591,62.42632144640091,87.5780208218137,0.831653859613778,5.009662522126065,0.0180615818479449,0.2077490441852858,0.7922315462234706,0.8454588141509212,0.8963407141858817,0.9522103227056252,1.0278626742865629,0.5239228044630379,0.159306386641643,0.6761353895782721,0.059493526995497,0.2268518055807696,0.0402256790524858,0.2122794458234728,7.376961036362029,0.2173801367078326,7.403983421381032,0.3247023491240924,0.6752976508759075,0.027022385019003,0.0561996338296373,True,ok,10,ok
85,86,85.58862063861211,0.2874062592440636,0.0281366377800769,37.25885364246889,25.192944943783186,40.33660306106668,0.8597942660869725,8.815217621172277,0.0508184624182938,0.1657590712792288,0.8342326384273132,0.8428354764464273,0.8967973083754563,0.9507217499745976,1.0485629929347704,0.5247792834806937,0.1266683546680412,0.5221059023722898,0.0717537414593812,0.3611043361418488,0.0374630519332382,0.2582939430274791,0.0538886357695931,0.2757962247503974,0.0556940694082957,0.0316525885724671,0.9683474114275328,0.0018054336387026,0.0552336181459294,True,ok,10,ok
86,87,172.15088870319266,0.2568142464751419,0.0295716056527048,39.60541431410157,42.84589393280888,17.566015279076254,0.6212008329211618,6.793624082507735,0.0292799896040391,0.2014377418495794,0.7985572259406735,0.8769245673078009,0.9183709019201992,0.9642531893615944,1.0330931600367412,0.3973034398120592,0.4300144327039501,0.6788068960551955,0.1843287881912435,0.730714151680887,0.1251236525657136,0.1658518195339794,6.942115026725791,0.1606312175758001,6.986947988807876,0.4636979810954185,0.5363020189045815,0.0448329620820857,0.0518527340172901,True,ok,10,ok
87,88,124.42404927196,0.1396735547881353,0.0222117864021976,34.14244270380047,56.45512150045477,72.7615773818271,0.5105254441732413,7.251757549238309,0.0205661856509415,0.2297684261977029,0.7702130704716676,0.858707282048639,0.9092131489259933,0.9608543972911646,1.0330773141441456,0.4855450275399235,0.3585249960894635,0.7133075883318065,0.1141485609650174,0.3826097237612821,0.0814230347335027,0.1456825663308791,16.79229696512833,0.1420714686307982,16.971485593802456,0.7945364002924875,0.2054635997075125,0.1791886286741262,0.0463373870101932,True,ok,10,ok
88,89,103.56965428367236,0.2350119342729266,0.0171015752232967,45.707193680689855,69.1081867815331,5.189661450399817,0.3043243274106798,8.19052105751521,0.074757664329671,0.1906722193612565,0.8093251713477474,0.9014954297679892,0.9412455227981126,0.971303741675208,1.0539717912594122,0.3031756987126319,0.2144120616244138,0.6899829165845468,0.0607042790729361,0.2576611785074501,0.0418849155239067,0.1534628424640587,11.985921376362056,0.1480775889435877,12.175521005951484,0.7878983113675941,0.2121016886324058,0.1895996295894278,0.0510400911130196,True,ok,10,ok
89,90,93.66610287509104,0.2812794347675572,0.0196173611334489,59.78521474519553,26.02761714865752,75.48317653265971,0.8819373666832298,5.204472987299228,0.0248340405863958,0.2192844528001543,0.7806976587984706,0.8439866472951927,0.8952172488726843,0.950732648552948,1.0309817887152812,0.5256657118568424,0.2432510901879424,0.6678849217228421,0.0724308539676574,0.2578476718830839,0.0483754752325074,0.1504950630048803,8.963637132336096,0.1468691154015336,9.102702612091644,0.733330982606866,0.266669017393134,0.1390654797555473,0.0505698732486218,True,ok,10,ok
90,91,116.6026742616926,0.2543677652164201,0.0296716640427924,42.13374728768497,71.60265759908738,50.78567477545267,0.7688424801597381,5.768164522652497,0.0043801329955225,0.2126137526649718,0.787374059045877,0.8580598945401703,0.9032632821236488,0.9587404961104646,1.0220599576677756,0.474537990855236,0.3674794437706193,0.6761177868876779,0.1322281622448944,0.489653446610276,0.0894018124212428,0.1538820336189929,9.879970655436072,0.1440349776380798,10.001624883006246,0.7066080426201441,0.2933919573798559,0.1216542275701738,0.0505122639391399,True,ok,10,ok
91,92,136.9024381438275,0.2018779494064782,0.0261428604335945,51.552636193746565,33.57480034727453,11.731467416546096,0.238410910646621,7.616643227585113,0.0420021505612266,0.2103982531673677,0.7895976257819945,0.8986376712719004,0.9380403771242996,0.9739582007300812,1.03964673577555,0.3258659990274278,0.3932552970076333,0.7124166710235673,0.1353543515631237,0.5079575505301399,0.0964286965491542,0.1487776548538695,12.963497368349326,0.1441514122181461,13.105932968348212,0.7428445880037869,0.257155411996213,0.1424355999988847,0.0493078713800285,True,ok,10,ok
92,93,125.2313218829311,0.3176012960315015,0.0200111163330432,50.43047151715136,46.21714601037481,18.187506062563383,0.9018478070569856,7.74324094847355,0.0178544687841248,0.1607390377966761,0.8392566490421178,0.8616612447316155,0.9039963103821884,0.9587724806851028,1.0299222543781448,0.4456809684273006,0.1611377713329519,0.6169158436538189,0.0724060071049921,0.3780387962011422,0.0446684129587806,0.2325379340651224,0.5885496853712713,0.2453727951069789,0.595338528010255,0.1076307398682813,0.8923692601317187,0.0067888426389837,0.0562864706710605,True,ok,10,ok
93,94,113.00758237346358,0.2524571138455928,0.0238529628895714,32.2659873227672,50.59218656792381,53.35163220367532,0.9992921117876276,4.536807470863463,0.0004943435537402,0.2317255093032284,0.7682608441035147,0.8493603672776802,0.8942685367442322,0.9533001528838988,1.01795342665625,0.4985165622905434,0.3444796259910705,0.6902468414885847,0.11228109427813,0.372233893462157,0.0775016706843612,0.1474802000471467,10.232270792753546,0.1412133463588939,10.372147902013172,0.7402167602040772,0.2597832397959227,0.139877109259625,0.0490906590749652,True,ok,10,ok
94,95,110.4363794710288,0.1818344753893534,0.0264230319809906,25.081858640883286,55.975226617945445,34.22631377603419,0.2958215829683428,7.136088726933205,0.0798907646203911,0.1698800934421968,0.8301128293599793,0.8736437999559121,0.9262544232093052,0.9613266943623332,1.0579406820812025,0.4257976262103746,0.2468398403110344,0.6568638875061543,0.089107178774741,0.4354008134358835,0.0585312878546822,0.1785912438279221,10.588445170837003,0.1769775636438731,10.634851005485602,0.4714940204991981,0.5285059795008018,0.046405834648597,0.0520171201101176,True,ok,10,ok
95,96,128.10280822758526,0.1432477379373609,0.0302721043475205,55.22006580021528,25.91762164334436,48.98016983523251,0.3150002771963116,6.560979831446801,0.0863458836510129,0.1937435395986764,0.806245638028629,0.8670902511570964,0.922842978672035,0.9579839221296844,1.0604532826629518,0.4526814192180046,0.3632507577912666,0.6828245526183924,0.1350548080324328,0.5619865729114888,0.0922187388737088,0.1616520016429568,14.810976119916685,0.1588352423900849,14.93469182106393,0.7161321409592495,0.2838678590407505,0.1237157011472455,0.0490397081847947,True,ok,10,ok
96,97,162.60904466184166,0.225803827773932,0.0244710465421394,20.375628245321376,67.24474927118311,46.59642754773969,0.3984751976069115,0.9023428369256,0.0495067624890235,0.2498911109908096,0.7500969193399643,0.8834360702900413,0.9280510590225812,0.9616876374477408,1.032452516089405,0.3864906445970661,0.4087783925625079,0.7361668684262272,0.1787418096639959,0.5365027131002249,0.1315837982771806,0.1903113915647326,3.679898403962394,0.1913668498688712,3.697937482540081,0.2723134900323091,0.7276865099676909,0.0180390785776869,0.0482047148368321,True,ok,10,ok
97,98,162.48843670057437,0.3116626522358827,0.0317673258714756,65.48424190616709,74.42739379345454,41.84717901273958,0.8257319071475203,9.12740612582735,0.0710925079982469,0.1531703706186378,0.846821694696583,0.8400948625960664,0.8975118703152287,0.948337779080246,1.0583884596673974,0.5356507599081285,0.3393863680253124,0.5938851686011618,0.142120811360448,0.7856921127930984,0.0844034420165336,0.164290819063035,6.924341416319692,0.1493644256652087,7.023078416201892,0.6382464527820534,0.3617535472179466,0.0987369998822008,0.0559634288500169,True,ok,10,ok
98,99,153.55684927549544,0.3183432776467685,0.0202343399327805,51.06487269442387,52.82006036390665,66.89819807736002,0.6244795727747618,1.7537760473727193,0.0707656736826017,0.2455203635400051,0.7544626265015086,0.8606603817712519,0.9131398091682834,0.9509243007472444,1.0444916488043146,0.4664765575651896,0.401555540725451,0.6989924568323823,0.1371302095395491,0.4213599607578525,0.0958529820719888,0.1428511879634205,7.840942222708403,0.1347784022413006,7.972268921400125,0.7251846418214218,0.2748153581785781,0.131326698691722,0.0497674546012561,True,ok,10,ok
99,100,157.01524970817297,0.1338984341283858,0.0142656298804329,57.25588119175601,33.58439485052659,78.49576736157134,0.2960158434024343,7.150042424515889,0.009244217064239,0.2431923079208371,0.7567867898918689,0.870087596798637,0.918288670179314,0.9675098862270796,1.0279412165792288,0.4523681010827746,0.3339484957715617,0.7349682904599864,0.0979213169375849,0.3046938078496326,0.0719690629092073,0.1435404058276662,17.086359499714142,0.1430496692638505,17.235248936985393,0.7654770018949091,0.2345229981050909,0.1488894372712522,0.0456159977747153,True,ok,10,ok
0,1,83.75932239155797,0.1969166261010016,0.0273823950316239,43.71736453601147,63.813516848848174,92.08489480632772,0.1898647130536992,4.107895415114098,0.0976153370507233,0.1996024025059399,0.8003783574301667,0.8670093551390867,0.9260899741014428,0.9560531534557882,1.061965863767158,0.4621773238782089,0.2420278459112189,0.6777913401758702,0.0822942536762821,0.3299569061522086,0.0557783324880203,0.174684126399793,9.792566727178208,0.1721902124891563,9.838064530939382,0.4737893894218927,0.5262106105781073,0.0454978037611746,0.0505317924623499,True,ok,10,ok
1,2,75.63792956890201,0.1505006600322199,0.0133995016013755,69.30407067246938,67.51960327445622,85.24150000050123,0.1988774202221237,4.2789335054402375,0.0909441979388776,0.2149576961427887,0.785023016270366,0.8684554518423246,0.926172401880017,0.9572421492748224,1.0591404702948926,0.4561130444602586,0.1622902781329539,0.702769738089395,0.0391631433158546,0.1430105137725164,0.0275226719708406,0.142066488190023,17.397575563457355,0.1380334013202469,17.57312283180777,0.7931236462015323,0.2068763537984677,0.1755472683504154,0.0457893028023363,True,ok,10,ok
2,3,100.43180679576068,0.3491092767651903,0.029604655753825,54.49158943268578,62.07786236254866,89.59611130333906,0.7925910854055157,9.546374834039757,0.0226082856376155,0.194884851680136,0.8050956705406483,0.8349976668830017,0.8910738145154529,0.9523828553579756,1.039030928069504,0.567412299227449,0.2982112367332333,0.6236882094012527,0.1041621839201513,0.4302650615345217,0.0649647259764831,0.1528832890350965,7.0924552474555504,0.1412440978848638,7.250142994463518,0.7461150380979545,0.2538849619020454,0.1576877470079672,0.0536573391465153,True,ok,10,ok
3,4,126.16937353065526,0.1810512956439746,0.0266570702283406,25.171364047836377,40.662067354568656,68.76360752057892,0.9821665887498544,0.305494992309986,0.0716474264305394,0.235964495866856,0.764018973362744,0.845794658563664,0.8989520457064549,0.941703046143708,1.0420506019475488,0.5081431038723554,0.3970660269246728,0.7054153267539608,0.1426595166981111,0.4618785630408322,0.1006342095861601,0.1528103128918392,12.670585519708329,0.1475497701393297,12.814555319830474,0.7533149945746269,0.246685005425373,0.1439698001221442,0.0471452064275918,True,ok,10,ok
4,5,144.55076722627098,0.2298983285755066,0.0306175459252682,48.25388786624748,70.36210011652956,48.46611319939059,0.3035135654113751,0.2149267244586673,0.0987774482463525,0.1766577422142116,0.823333603861257,0.8818441952285082,0.9329797662150868,0.9564623584862554,1.053332979216379,0.3929296181605717,0.3646488783881152,0.6609796309882616,0.1405406728027285,0.6549737876403118,0.0928945220479895,0.1618560820361863,10.562541706328464,0.1516361575179753,10.667471421460888,0.6670495633626201,0.3329504366373799,0.1049297151324227,0.0523745106637361,True,ok,10,ok
5,6,140.93547139423788,0.1669350801537171,0.0255131390148,44.37854228476587,71.79294247183921,53.62205896427961,0.8906394740871161,3.89869494281633,0.0395863237988993,0.204143725073002,0.7958443499110096,0.8504384502945481,0.9000666805851063,0.9501257864297934,1.034279346854415,0.4957599265153942,0.3406727214256885,0.6789800000367818,0.1319480301203036,0.5143629099040757,0.089590073495937,0.1733898126569948,11.240180060520778,0.1704997109867294,11.284543519664355,0.4725060451072587,0.5274939548927413,0.0443634591435784,0.0495262584652364,True,ok,10,ok
6,7,125.23832469360144,0.3090862695485583,0.0310026257011747,23.69338446989905,44.6886013056819,5.261269891047144,0.6398939982185409,3.9738896033331312,0.0216412433617944,0.1730671663082398,0.826931124627358,0.9030265976732706,0.9323576777296158,0.9708196535705172,1.0216610627073737,0.285658957023511,0.3361752239926791,0.661186075749981,0.1207847201606871,0.577115002713344,0.0798611751336043,0.1576970071295343,7.963851968250093,0.1476773453561226,8.083005707735913,0.6862087535802059,0.313791246419794,0.1191537394858194,0.0544869184978482,True,ok,10,ok
7,8,70.40956605782758,0.2207912418632384,0.0264823727969454,60.9322601512035,42.51315639642661,35.54350575115321,0.3492425181771393,3.784409346234567,0.0158603674555091,0.165945068960421,0.8340483465496684,0.8883201657958286,0.9285200558937634,0.969396872611182,1.0225031877738735,0.3710627853415534,0.1332089652264699,0.6563437343372192,0.0556195468045199,0.2795355760768956,0.0365055410518223,0.2375416373025692,3.984769967636232,0.2579147524104463,4.017454901646352,0.3799585773125373,0.6200414226874627,0.0326849340101203,0.0533374272727916,True,ok,10,ok
8,9,94.81373073468842,0.253610988188434,0.0225207512932428,68.75551320711773,43.552412591358106,53.39713451847352,0.4576349198278384,2.633790061271972,0.0101037173011453,0.2298225196913277,0.770164497232199,0.8797448583896893,0.9214894769011454,0.96539564351208,1.0184734232668802,0.4031059597961988,0.2998502043259809,0.7080352275659019,0.0882121738254927,0.2955935166061202,0.0624573265686156,0.1458377676735593,10.840504854993874,0.140476997204117,11.01278261867222,0.7783924277782126,0.2216075722217874,0.1722777636783473,0.0490473128901447,True,ok,10,ok
9,10,159.732769078543,0.232685452269829,0.0117712534966674,59.140075458875074,34.141449877234535,19.84874252273745,0.7462419701960471,2.7910064830250136,0.0064120533553366,0.187959949633808,0.8120356546337074,0.8820991415875482,0.9176172940400104,0.9639291940881152,1.0150486164374248,0.3733936681888912,0.2195997249502185,0.6739774728180841,0.0635257072461411,0.2744410870538441,0.0428148956287356,0.1521529971518289,11.802550028022662,0.1493434910136201,11.982055817670624,0.7780813082804479,0.2219186917195521,0.179505789647964,0.0511973357679003,True,ok,10,ok
10,11,121.08435399575308,0.2645726480581245,0.0212625785123954,20.36239893473208,60.64226565863263,43.64106262306989,0.7212330722990833,2.1616377983975985,0.0051612017462435,0.1530128513743722,0.8469800295346986,0.8719129656508683,0.912263057937306,0.9606177723130092,1.0148767046296356,0.4204630283480408,0.2138779687622059,0.6248690927522704,0.0708124095607212,0.391953393787663,0.04424848611781,0.1626381154984905,9.88511544148826,0.1554809677559626,10.035551856511075,0.7342926992515926,0.2657073007484074,0.1504364150228158,0.0544361312739728,True,ok,10,ok
11,12,157.58540158939073,0.3390669626801659,0.01978450703197,69.76512532266004,36.8816124188274,30.95388799491177,0.9319778734825312,6.985969256920712,0.0872588163477323,0.1869358376496894,0.8130568955287757,0.8427961642218553,0.8988032437712795,0.9448457318015404,1.0607448054340156,0.5160097664947628,0.2999454034648179,0.6256126547724888,0.1047630095962935,0.4556374924314209,0.0655410645554929,0.1529689169224548,7.012579134203616,0.1452514575156905,7.149184330044791,0.7162569197291704,0.2837430802708296,0.1366051958411747,0.0541157481084175,True,ok,10,ok
12,13,149.9161338842266,0.3316415531203889,0.0294071246207688,57.27632182498541,63.06545948557783,95.61010969022126,0.4805793120164346,0.4924311793451869,0.0306337566031066,0.1592663214728178,0.8407182946030871,0.8709151805532012,0.918068570961222,0.9586311685818892,1.0246737668809818,0.4389580786787436,0.3259375766173635,0.6165054120585207,0.1262188247960117,0.6662062969810811,0.0778145885904074,0.1609261831793918,6.820886881990216,0.1478292911398863,6.931959980148208,0.6648203876260604,0.3351796123739395,0.1110730981579921,0.0559992423197296,True,ok,10,ok
13,14,91.03270223834764,0.2730670211525426,0.0250971600488486,29.45461912040204,33.141156313898755,67.12945037700345,0.3713649573072489,5.699006182813892,0.0120469399453579,0.1722912766815382,0.8276961107045185,0.8722019091539727,0.9185789689728006,0.9660415580343192,1.0259660461575173,0.4388601539736462,0.2241631120478017,0.640679045534037,0.0707578119723728,0.3398992675728909,0.0453330474385366,0.156899367272362,9.762412941250451,0.1512641332761165,9.926174322346832,0.7544445411789228,0.2455554588210772,0.1637613810963779,0.053300804601829,True,ok,10,ok
14,15,168.847756830273,0.289592046478631,0.0148294732487883,45.09564913910702,25.297259347649057,56.20155433085332,0.8722356187481953,6.675099128884241,0.0522274390942373,0.1847053269164912,0.8152828975734352,0.8417216030237749,0.8962803252647409,0.9484397585570128,1.0456206398942338,0.5305833451902432,0.2551706296356571,0.6305314087084462,0.0831352920975279,0.3669328986948154,0.0524194128396424,0.1530094522083805,8.809091584872476,0.1486442655583575,8.962415020789805,0.7433714227811091,0.2566285772188909,0.1533234359173289,0.0529307073260495,True,ok,10,ok
15,16,145.249687078497,0.2222145986921969,0.0110470426763294,47.10338035506945,47.350816870957466,80.71160987463611,0.4226904500546359,8.381763360524493,0.0860164486540888,0.2190698208276402,0.780910567148736,0.8486821686409025,0.9104726660559752,0.9526782610889768,1.0650117327600068,0.5241575705021018,0.2266243490935229,0.6801324415850202,0.0631887796031447,0.2252266806077658,0.0429767389522645,0.14666192575507,12.013773664893504,0.143889599452975,12.196060037936787,0.7884896817328838,0.2115103182671162,0.1822863730432862,0.0488978482171249,True,ok,10,ok
16,17,155.43007193194103,0.1430617874174764,0.0188781638942959,52.667477907651175,62.68840966459664,26.636050778100564,0.6928443023326052,5.453625214948087,0.0692523700285475,0.240479711051549,0.7595124051589923,0.8638011415881158,0.9132782858987096,0.9543114354519022,1.0492626575369428,0.4448035033106523,0.3784759298455067,0.729423438684443,0.1268366545345372,0.4005778868200473,0.0925176287018129,0.1519302249294033,15.54533154543061,0.1473883318878594,15.710901507687336,0.7830803151391076,0.2169196848608924,0.1655699622567269,0.0458642406670367,True,ok,10,ok
17,18,148.66681336329492,0.1616974202001544,0.0206109338173326,32.18726394284539,56.447357571678985,1.0859059042475911,0.1338458566464343,2.36752679742656,0.0834401765901156,0.1674749729875112,0.8325244262309539,0.9421286114883974,0.9682570043938472,0.9801552482836976,1.043876164585055,0.1412283381290257,0.2294041941476889,0.7105895100265816,0.0922402507791303,0.4585281311601517,0.0655449546058712,0.2201732505446145,4.557985007018729,0.2306531212169664,4.571532652887934,0.2070056661319602,0.7929943338680397,0.013547645869205,0.0518981272941674,True,ok,10,ok
18,19,147.2046769342689,0.326833030449099,0.0179234113214647,33.20599150925542,53.16228624188881,80.06816961026675,0.907242866762366,4.549287778394744,0.0336850687722543,0.16416375000909,0.8358222087345233,0.8420224836252626,0.8944936056110298,0.9484569826167296,1.033780530663653,0.531750437761654,0.2335521603119861,0.6031312898177952,0.0778599262455911,0.3963815996358912,0.0469597577416217,0.1541077797150709,8.251662928793944,0.1457996157141133,8.465187769874143,0.7958550492335934,0.2041449507664066,0.2135248410801988,0.0547713031558938,True,ok,10,ok
19,20,122.7870954954721,0.3476014317911038,0.0112630324808821,21.22952392224999,57.30338641588625,63.9317218517796,0.3873226061409807,7.1759305270645,0.023299530630185,0.217445355749863,0.7825390968883088,0.8668571453398424,0.916114229685042,0.9642151401141604,1.0338793958928272,0.458003573435908,0.1397257270788535,0.6684128056756814,0.0540563290560184,0.1945232007928679,0.0361319425688611,0.2224599669115616,0.1655045328510613,0.2317708016559849,0.1720414512829183,0.1091626424675182,0.8908373575324817,0.006536918431857,0.0533454578472083,True,ok,10,ok
20,21,118.63090030955772,0.328371610476506,0.016977820266653,61.914814647337096,27.931673933746836,51.42080168465187,0.436099906402179,9.050767008355216,0.0551312712146217,0.2133674386140682,0.786619564881104,0.8586665420874227,0.9131939356053388,0.9593803571610688,1.0514895878619634,0.4837526546047581,0.2583516790577607,0.6624892507345492,0.0772487843613056,0.2847749612471539,0.0511764892716761,0.1469119824515303,8.096475026965376,0.1413698641620345,8.276928571186607,0.7770007362837427,0.2229992637162573,0.1804535442212312,0.0517901793617201,True,ok,10,ok
21,22,113.33907475728066,0.1349658223787557,0.0237889669752151,26.43359046374628,74.6501115598964,98.1472421405465,0.9996941134629804,3.486628452352356,0.079846348544958,0.2346621638142452,0.7653137494992782,0.8296427068848813,0.8899643486991308,0.9381309873725114,1.052863996753604,0.5733394809438344,0.2439814430989187,0.7004097371056025,0.1137365870996459,0.3708959248476025,0.0796622130697514,0.2468470986956257,1.52748582402279,0.2613026347553753,1.5338419716459737,0.1187388995734322,0.8812611004265677,0.0063561476231837,0.0471743099271064,True,ok,10,ok
22,23,142.77172495494082,0.1997716011261675,0.0154146050520805,35.07501982987834,37.59406698503378,73.13178108426706,0.3117685803288442,7.282701219855955,0.0763896830919534,0.2054195301074496,0.7945638858052552,0.8601074593931992,0.9180619773871472,0.9574226748789466,1.0582706230907066,0.4843323548804129,0.2228717695999859,0.678508644819277,0.0812659655489043,0.3143118317991686,0.0551396601545171,0.1922656539123238,5.5295326708655,0.2010590169353076,5.551227005543876,0.3009314783379758,0.6990685216620243,0.0216943346783753,0.0503962781022872,True,ok,10,ok
23,24,90.80577098490116,0.3311115457727255,0.0280963943572361,38.026854004407,31.22444899667508,54.55975559775801,0.0414279657679626,6.778301827529,0.0848896573298415,0.1510811158009227,0.8489096103487129,0.8786094555892204,0.9337958208874768,0.964468370083174,1.0604619423227473,0.4211167922295168,0.2093562703617669,0.6127620474334866,0.0692880247483269,0.3892985531818908,0.0424570719074069,0.160341114332925,7.697207382162009,0.1525181546360625,7.857422918811178,0.7403225958437262,0.2596774041562738,0.1602155366491686,0.0561976020941858,True,ok,10,ok
24,25,179.52303585638143,0.2706284997012536,0.0103857269520933,42.03312121223679,32.7618734335317,15.261568759465645,0.0838932261796283,1.277293252720182,0.0505979124986302,0.1692409889061708,0.8307561977955296,0.9166803731155424,0.9521164643103408,0.9752060932304394,1.0313664028259342,0.2621523220673165,0.1655554238048674,0.6712427587232311,0.0567188161171279,0.2784120151354314,0.0380720946019766,0.1918937604995175,3.639781629736991,0.1984365788428832,3.6661510987746,0.325425204096098,0.6745747959039019,0.0263694690376091,0.0546613445124754,True,ok,10,ok
25,26,137.21726921664057,0.1229157923184902,0.0270805727219294,33.99378166796174,45.92164340854004,52.377806128658136,0.6180186483898029,6.541025686882409,0.0964029133858993,0.1525420725109662,0.8474488450737347,0.8493406071069897,0.9085958014648938,0.948543640767236,1.0650815448034732,0.5079508950321221,0.2788161667340268,0.6337727078095478,0.1018918426715358,0.5660273397219682,0.0645762690336436,0.1670324995326546,16.574951033281287,0.1640367202725707,16.68627629933069,0.6852946757948829,0.3147053242051171,0.1113252660494035,0.051123487722506,True,ok,10,ok
26,27,164.6539614360587,0.2241383311107384,0.0127806993692385,40.7882767248624,36.080417205597286,19.183253302622465,0.0987306776443997,4.9432703736531405,0.0381496945309906,0.2315353626909952,0.7684590281700688,0.9048957330965882,0.943843218560104,0.9755320592206757,1.0335647911496784,0.3111982278686068,0.3076447883078795,0.7330299634666467,0.0875814143854929,0.2906730849945226,0.0641998009873551,0.1444817805875173,12.257392095475492,0.141671287708765,12.41815490697926,0.7687137080114811,0.2312862919885189,0.1607628115037686,0.0483694178662942,True,ok,10,ok
27,28,178.4736008591956,0.1937344369985522,0.0222310402765748,41.16815248127875,54.39822883281291,7.114890398970071,0.8128087787245617,4.446848345440324,0.0423119703558693,0.1568345770883487,0.8431634821307075,0.8856027558738133,0.9213385825044343,0.96199145723695,1.0324706944476438,0.3463271738227983,0.2325829226175449,0.6540382527282437,0.1118505856192435,0.6013161381692799,0.0731545615850408,0.241376534514972,0.6516893364610752,0.2538857068579594,0.6596765591169711,0.1301024907009866,0.8698975092990133,0.0079872226558958,0.0534045509593598,True,ok,10,ok
28,29,75.16594316996132,0.2979546857291126,0.0301038950035268,42.67888348864766,51.97257619648806,64.93111992724194,0.278410689099862,7.955491645861773,0.0476258173768743,0.247238875610969,0.7527430338275964,0.8664401261352734,0.9196969915719052,0.9632062546383012,1.046418443322385,0.4627839058994314,0.2567845475788269,0.7066589628654617,0.1005656436198617,0.3061595749923448,0.0710656134203091,0.2056862943185849,0.3556811915607056,0.2073951771505317,0.3653252254812351,0.1615198814632102,0.8384801185367898,0.0096440339205294,0.0500639960332078,True,ok,10,ok
29,30,154.55059402990952,0.1572581606171779,0.0176295624851518,39.5529471024143,42.39977772336354,75.5763388918373,0.1085135657978925,1.7288758369024824,0.0002134839107695,0.1918893667771098,0.8080957772015278,0.8950188120319007,0.9352228459403664,0.9737547327998956,1.012953981621068,0.3626782117536755,0.2925897268662516,0.6969520429509515,0.093984025766827,0.3957604123507446,0.0655023587629449,0.1583686549753034,15.117775708985022,0.1550196903744046,15.307700947003708,0.7947053014133821,0.2052946985866178,0.1899252380186857,0.0490630230145601,True,ok,10,ok
30,31,120.04641060649568,0.3142354885228154,0.0220042098130641,27.142154520437757,57.82107809961486,78.4460211442208,0.2970580623013147,1.4356853177676612,0.0661212549125627,0.2074049186974214,0.7925784504990038,0.875800673672335,0.9268194095240604,0.9589556659301778,1.0421058130563503,0.4237719098348236,0.2364976378241919,0.671019757570013,0.0984841021997005,0.3763175875795361,0.0660847783825434,0.2133462509948817,0.2287259970056254,0.2156050605868984,0.2367919933146498,0.1318924022931314,0.8681075977068685,0.0080659963090243,0.0530898865832869,True,ok,10,ok
31,32,141.66749645528688,0.1694130254773166,0.0211126678523022,63.718063168662056,41.00908290018605,18.650539193869506,0.2238791193381857,8.553017253669111,0.0743709563349075,0.2362855345964467,0.7637079845195237,0.8846444206701564,0.9330577305613574,0.96711505457302,1.0570258944553623,0.3821500545109215,0.3937504160424863,0.7337452454133219,0.1270339144003911,0.4105801651193097,0.0932105306975299,0.1435143765022439,15.012417538347025,0.1401276611797742,15.176629173721292,0.7783465911933285,0.2216534088066715,0.1642116353742685,0.046763317470975,True,ok,10,ok
32,33,157.34835428393222,0.2662464365727196,0.0276334443716809,34.90195905732897,46.640500067087125,24.18764306432737,0.8031499469555812,4.274586983666555,0.0595076792616955,0.2184553281044731,0.7815382785302336,0.8643032220971752,0.9109876249827724,0.9535180178097858,1.0423184622859245,0.4376513442898349,0.3753032198251553,0.6857508486566984,0.1707378769445691,0.6108080881603437,0.1170836440125812,0.1948871514075265,2.311912716561345,0.1945385303884845,2.331796969848649,0.2799378470603338,0.7200621529396662,0.0198842532873041,0.051146704105958,True,ok,10,ok
33,34,163.3382314438436,0.1846626660534113,0.0281702147520519,26.80584228512741,56.919388179995806,9.939953021036107,0.2054272869009625,7.73232889879224,0.057650446380373,0.244639155731604,0.7553564706025181,0.9002792340426145,0.940829834261599,0.973257059492826,1.04659123521979,0.3183982844995697,0.362744313198408,0.7511416096169629,0.2023340802917415,0.6247226613684946,0.1519815467507065,0.2669955156617871,0.3881408928426939,0.2801398962566104,0.3920529199980052,0.0757906382860699,0.92420936171393,0.0039120271553112,0.0477042046614129,True,ok,10,ok
34,35,154.0369765727389,0.2591716764204699,0.0156499905332903,29.15119427796613,35.7531055215381,89.51055300071756,0.0443776717307445,6.932549256471898,0.028767519552967,0.1956110843493942,0.8043700398087482,0.8780353945678007,0.9286733692034188,0.9701694237826808,1.0365728849082212,0.4320499939762899,0.138079675606867,0.4853743772777376,0.0847679598372531,0.3485396979181452,0.0411441957191109,0.2568301117832799,0.058886497991927,0.2786277374474259,0.0610360440949448,0.0392716184836861,0.960728381516314,0.0021495461030178,0.0525858120516457,True,ok,10,ok
35,36,142.42038075577085,0.1571855910788876,0.0238537993940804,57.47582454012871,37.96235184302125,38.76756624025971,0.2252853356883552,5.570944977299154,0.0497044746174648,0.1777305785030107,0.822261500794671,0.8835094842524044,0.9305939338064632,0.966961190625387,1.0414893054483714,0.3936685544919595,0.3155716401977974,0.675822194179711,0.1085346757765266,0.5021077920162502,0.0733501427278757,0.1590856448539885,14.928207926761312,0.1561946587810602,15.048873563023657,0.705362157103787,0.294637842896213,0.1206656362623421,0.0504034167724769,True,ok,10,ok
36,37,135.82210431941647,0.1732439449379343,0.0254234057390673,43.43111589946179,40.33605720637553,91.69032529812384,0.8587540500990396,9.086216035580904,0.0909851438284299,0.1813825252609207,0.8185990379987234,0.8221872488597398,0.8885638916453704,0.940348459369481,1.0689297139154668,0.6086566890377801,0.3136304506322681,0.6339241758332631,0.1125903239208011,0.5080807170630318,0.0713737282982939,0.1561989712097003,13.512099290092632,0.1521285053042144,13.65456491756987,0.7388830812777271,0.2611169187222729,0.1424656274772378,0.0503465116650964,True,ok,10,ok
37,38,152.41275737851538,0.3481005876893828,0.0289967705745653,47.89792456214159,25.983038921996645,37.61000382192374,0.3746486422722996,0.951624255443764,0.0928625890735891,0.1741365600741773,0.8258566594325254,0.8816279638985741,0.9310896000337392,0.9569134096483533,1.051607807967523,0.3892186365052906,0.3647616786230103,0.6371234233179058,0.1383359711220895,0.6560439383898055,0.0881370874893126,0.1534921533400245,6.36892681320948,0.1440410728627819,6.479862501249057,0.666849070731152,0.333150929268848,0.1109356880395765,0.05542232745251,True,ok,10,ok
38,39,146.1434612916314,0.2985724198999535,0.0286837824848054,30.512087628183416,48.55798584060176,37.817891013811256,0.4989851549125088,8.742420883910873,0.0078186345313323,0.2088511902361468,0.7911389809111131,0.8685976573291209,0.9137559030891964,0.9665325017175572,1.0289312569988935,0.4436623385606743,0.3454470833431133,0.6709099821795964,0.1573731006636884,0.5961092932755738,0.105583184161823,0.2000589510677661,1.4686161266083817,0.1966952176701156,1.487915312734832,0.2686331479841095,0.7313668520158905,0.0192991861264505,0.0525429758378359,True,ok,10,ok
39,40,91.74713214570288,0.2366731129574386,0.0278914675422963,41.39707203168284,43.19703110144592,80.04083122911622,0.912714745351516,6.344746520330279,0.099574242273589,0.165011537471081,0.8349740560457944,0.8273827134053086,0.8915574716682323,0.9384386366860328,1.067020845399432,0.5834448148908005,0.223994190015327,0.6102944459236862,0.0759055250394169,0.3840556375549967,0.0463247203464774,0.1604874310906094,10.580874755536716,0.1545129265931587,10.730896631733492,0.7392917775947222,0.2607082224052778,0.150021876196776,0.0529046012014585,True,ok,10,ok
40,41,112.92346246799671,0.1550049347012638,0.0256672859418265,40.79341247193081,26.97893488443161,2.473279099543892,0.9806407451657676,8.59072222141737,0.0169663506121898,0.2174426504043514,0.7825547305452091,0.8853632512817836,0.9158446718959766,0.9661943558682284,1.0275141713826397,0.3359119300463165,0.3474116474111136,0.7228087762952154,0.1132847363445366,0.407695722915763,0.0818832016501206,0.1538118369598635,15.11785700626442,0.1508782436773829,15.292889842998129,0.7864832793243958,0.2135167206756042,0.175032836733709,0.0475184130322943,True,ok,10,ok
41,42,118.48890569679332,0.2711305708517372,0.0158096949854148,61.252072906274535,48.39940055062955,54.79080790917664,0.0347774497306336,3.6846318261803575,0.0268563566518446,0.1738790804773363,0.8261107452246007,0.8953092139768026,0.938695134256542,0.973317147611008,1.0281686092048707,0.3604805911186126,0.1986957209463893,0.658390957425574,0.0585505832227102,0.2781613274605344,0.0385491745458259,0.1554619212252149,10.332669033439892,0.1502508236616873,10.522545979318426,0.7817805837747371,0.2182194162252628,0.1898769458785338,0.0530005952363081,True,ok,10,ok
42,43,133.3011229152138,0.2388972928985429,0.0175196811366964,35.88984021234888,59.55762161144344,18.043602019467187,0.9526088842794672,6.873302865969383,0.0489685787145802,0.1509615455447384,0.8490345490524495,0.8567614149555067,0.9030903726756144,0.9528771170675732,1.0421674157608012,0.4595818869144454,0.1945074699310258,0.6185193502445345,0.0633716293617727,0.3564040806699863,0.0391965790167811,0.1623205094049673,10.910016668814444,0.1568634713451174,11.069259465516131,0.7473502838803988,0.2526497161196012,0.1592427967016901,0.0538337219487989,True,ok,10,ok
43,44,77.8666665731887,0.1792824527625888,0.0252817787867272,41.70851847701701,71.98203872903946,77.65532056913898,0.6233734771393998,6.037927323788733,0.0971825014371484,0.1615445999505972,0.8384417780059696,0.8434934981458507,0.905329383152468,0.9461927770834004,1.0652661846033111,0.5335136963429629,0.1816820229006501,0.6278299963449624,0.0571670227112956,0.2966807852536122,0.0358911716598851,0.1616582120758498,13.91633195073053,0.1558920503592357,14.09219776731,0.7734389477467859,0.2265610522532141,0.1758658165794686,0.0515158236803193,True,ok,10,ok
44,45,163.91248548198723,0.2729385486404198,0.0275217810861575,64.25828317784647,42.79945491947406,67.35034149577538,0.0867854482058296,0.8593107422606696,0.0917821271341508,0.2148275330068793,0.7851577940357887,0.8865137342341741,0.9386130276631066,0.9611782330279316,1.0521745033736092,0.3878893519757568,0.4469192478605652,0.6932738119612616,0.1742069487817515,0.636653040296796,0.1207731154520651,0.1494616440267775,8.851937316652187,0.14111571380651,8.955785951246675,0.6708257161483567,0.3291742838516432,0.1038486345944884,0.0509585412406158,True,ok,10,ok
45,46,96.10361531556116,0.1350368600502053,0.0295865186540376,20.096337794552085,28.34029630599588,1.5658164492051094,0.8399386900396635,2.775242567625638,0.0253302035242167,0.2400082967876034,0.7599904597235188,0.910931697228332,0.9338521712281584,0.9700977111822546,1.0189907931363973,0.2378684054780121,0.3041964801932257,0.7677196573868628,0.1226646421856993,0.3884177174754817,0.0941720570722871,0.2154043621304237,4.723886460148584,0.2320393486484591,4.734113647869886,0.1792801382923448,0.8207198617076552,0.0102271877213016,0.0468186614102101,True,ok,10,ok
46,47,121.85448636450496,0.320641390771068,0.0164912091465629,24.174239381701152,74.49762404147249,92.5638660950815,0.3527969353843947,1.830363805556191,0.0185412449310481,0.1673018714510499,0.8326822756920349,0.8763287212342121,0.922124278343919,0.963813159956039,1.0218385797979617,0.4246940197044594,0.1937305735325964,0.6298059380239286,0.0604356603059332,0.300767317776026,0.0380627377290737,0.1584098016074675,8.37148281510457,0.1503770182818934,8.54915313097579,0.7645256500787748,0.2354743499212251,0.1776703158712205,0.0547225617947071,True,ok,10,ok
47,48,85.59215856510914,0.3471350963740228,0.0220059607486404,48.77453252741813,35.22430814076326,74.26122265829876,0.828761416041731,3.2172900346086326,0.0398644047538042,0.2316467900659382,0.7683350688847995,0.8496380302601829,0.9007479813360064,0.949894737280218,1.0337361888506964,0.504111247608603,0.2377229896930353,0.6722914269516953,0.0784317506286643,0.2601251049605939,0.0527289935484643,0.1690795644565974,3.644250838327771,0.1677297534708609,3.6856425092381455,0.4412722914132025,0.5587277085867974,0.0413916709103744,0.0524090768723947,True,ok,10,ok
48,49,159.45831178608472,0.1879535460854247,0.0138429616980463,46.13065667374198,61.71883226439226,59.09786545750246,0.8143642169348352,7.8056162220011345,0.0523423827151493,0.2073991272771572,0.7925868271495667,0.8409154401311003,0.8967071509337468,0.9496017399631432,1.048040423548305,0.537011147004798,0.2672897520224083,0.6709080635570356,0.0822943110041123,0.3144708021907723,0.0552119168375294,0.1513501246166476,13.243554723410975,0.1481577325203512,13.398005542371433,0.7591096521477013,0.2408903478522986,0.1544508189604553,0.049012301977972,True,ok,10,ok
49,50,136.7305390431178,0.1654739621290689,0.0239759664925611,50.00171344340171,66.44555599296149,41.29197131378432,0.1400076524820097,9.664148847012552,0.0557841132796593,0.1649046879000016,0.8350868856784308,0.8755615614386335,0.9276915197771612,0.9678477958123178,1.0525449070233448,0.4295162353538193,0.4949172043169494,0.6550828926300932,0.0971749087717789,0.492074218997979,0.0636576203292824,0.0649651468205043,13.800888833611726,0.0719673724177455,13.800899469952672,0.0123321782067555,0.9876678217932444,1.0636340947911073e-05,0.0008518504614309,True,ok,10,ok
50,51,98.26974898994472,0.2098164611000669,0.0271296368477135,58.20286044408307,36.68566958482391,26.86420526202071,0.1679957954879285,5.180946867719612,0.0658216316397858,0.1968351183023172,0.8031585408146402,0.8910973543473846,0.9372253191723032,0.9679027216284114,1.047191283468712,0.3622575961581939,0.2980229559639525,0.6910740207272535,0.0943273649100562,0.3848773986617835,0.0651871913329994,0.1535449231853337,12.47046679616628,0.1489537108058607,12.616132096608853,0.7432250035582726,0.2567749964417274,0.1456653004425697,0.0503255498990911,True,ok,10,ok
51,52,141.0122593790661,0.2409429143900124,0.0242175431405615,52.10587333080889,51.47301502115105,22.699909658892203,0.1993241783805555,1.738357962035025,0.0502483608430799,0.2201584689608724,0.7798361067309962,0.9032793341436558,0.9425577643328288,0.970332357693472,1.032947391791677,0.3124683588867034,0.3980584524133669,0.7179283602176323,0.135142002241647,0.4786825456215482,0.0970222760658732,0.1467164901320109,11.28150643925996,0.1397419784460737,11.432823384538292,0.7533174584545926,0.2466825415454073,0.1513169452783308,0.0495504892674619,True,ok,10,ok
52,53,140.36392171207996,0.1367812704171158,0.0205346679943133,32.03689587412899,57.81181512821114,62.46419072099787,0.738288215093713,9.121343428886284,0.0239373564885522,0.1587345648598918,0.8412539540192775,0.8447459294693493,0.8976255602040661,0.9554691606086037,1.0380077094939293,0.5286877723679868,0.2238119782310058,0.633727552983885,0.0822438430132654,0.4358405130736433,0.0521201893807874,0.1807546986959892,13.09622342824017,0.1818576113590226,13.142714765757182,0.4741223276510902,0.5258776723489098,0.0464913375170105,0.0515663467674212,True,ok,10,ok
53,54,99.96110253237896,0.3431495886191658,0.0213595361909085,63.05404794388091,41.91547666303202,4.703992196318337,0.0973341086346721,7.279248495114116,0.0061962940107545,0.248326331259397,0.751670668779542,0.9258237860505626,0.9527237493309718,0.9872053459392996,1.021119572192356,0.2225367496568051,0.322928090240108,0.744211770121548,0.095303351572954,0.2884747188811846,0.0709258759726243,0.1487077765841679,7.332987885497296,0.1403832565309997,7.4987391860461585,0.7683462110271454,0.2316537889728546,0.1657513005488621,0.0499734576005682,True,ok,10,ok
54,55,171.14008922936569,0.1673445436621018,0.0288543003918283,25.612494056837036,38.11955492885116,35.23194488742927,0.120706368001661,7.948521573862922,0.019275425610085,0.2438379368649481,0.7561515042091915,0.8889728557751087,0.9326415015517718,0.9746443994432462,1.032349635678344,0.3794816689567132,0.3747749740615653,0.743324679965988,0.2164410754475662,0.6711636429889405,0.1608859931385564,0.268400923741137,0.5268070101327975,0.2896557341383198,0.5302507063560633,0.067777531037507,0.932222468962493,0.0034436962232657,0.0473651215449719,True,ok,10,ok
55,56,118.20513228366184,0.1324156614462903,0.022717417924236,32.895236349049455,62.21312806756213,45.10891692771277,0.0654576396865278,9.223493943068616,0.0225365835033917,0.2372391072204915,0.7627479867756892,0.8838799854930779,0.930864715846082,0.9742305995637608,1.0368894392300907,0.4038564839953036,0.3628928652334866,0.7388812331111052,0.1145150341044408,0.3681575154269815,0.0846130096088495,0.1485494956787901,17.16738894723218,0.1449738236301919,17.300772502960303,0.7432750016983577,0.2567249983016423,0.1333835557281244,0.0460702876317997,True,ok,10,ok
56,57,119.91317792808684,0.2449702920465882,0.0153945389423694,29.903152227389008,45.53765594371992,85.61381526938294,0.3441703385779736,1.000309500894632,0.096352376452119,0.1860444068320498,0.8139394136565747,0.8685014657949098,0.9245101527935722,0.95277526411269,1.0550262367872598,0.4481515273923013,0.1713025288134294,0.6574168166620878,0.0617369661768418,0.2700741249850957,0.0405869197743543,0.1963443155990518,7.727142793091431,0.1965759469095896,7.783871562357684,0.4823555264678233,0.5176444735321767,0.0567287692662528,0.0608790244739046,True,ok,10,ok
57,58,131.3166360685039,0.2693003259190458,0.0172871346833607,37.524374815510654,29.69015667403093,42.77245622823006,0.9272004594987198,2.834903274377749,0.0586181240246143,0.1636910741299805,0.8363013082234313,0.852253502581997,0.9021762194809364,0.9475564893921428,1.0402362745665108,0.4833290909146511,0.2084408823386266,0.621679374996989,0.0667952027681506,0.3412422839291711,0.041525199909701,0.157692916247764,9.712341411358288,0.1533677660167252,9.875291696800238,0.7519741950969316,0.2480258049030683,0.1629502854419501,0.0537463598743767,True,ok,10,ok
58,59,72.75546994959763,0.2035092425656925,0.0284137106133434,31.89569407304495,34.25502808538161,82.27955155659578,0.4415416764559441,8.670280933778704,0.0136111591588229,0.2292179835016775,0.770761066037135,0.8575496342626727,0.9090062561990432,0.9629648136815716,1.0330475717023104,0.4951092278504772,0.1989063953377113,0.6996512511007333,0.0851803230516354,0.2863984553832444,0.0595965195922413,0.2400244126108484,0.2552324006088398,0.2580574840853195,0.2598618101097585,0.0861521785203287,0.9138478214796713,0.0046294095009187,0.0491058480448486,True,ok,10,ok
59,60,140.9575709444117,0.240033968709521,0.0253171000297545,38.94601166468246,37.71503618100107,42.80281239334768,0.9334382191979084,6.1700246825196094,0.0812708169711409,0.225822865779817,0.7741658636796047,0.8401938899598063,0.8968860785213801,0.9439988860905286,1.0571017313555937,0.5289948905643882,0.2784371925803763,0.6804299658199742,0.1448602575794852,0.4965850966957832,0.0985672601134817,0.2554345138593987,0.3256220225445885,0.2724164099307338,0.3292612025693006,0.0676231681991328,0.9323768318008672,0.003639180024712,0.0501764000734523,True,ok,10,ok
60,61,74.31668683526323,0.2317240517427636,0.0138222535454947,35.32372930751134,37.2061898075742,3.119538125402836,0.5704528733911248,9.642053288410322,0.0105967712959029,0.1602209138284813,0.8397769500707212,0.9012417915897378,0.9310622756130555,0.976480126275432,1.0271202681381386,0.2946533562763875,0.1073263183792164,0.6609843644786865,0.0295833593410095,0.1550552388760845,0.0195541379731617,0.1626391792714592,13.520325937698292,0.1574241416427263,13.721121971500049,0.7846740699973652,0.2153259300026347,0.2007960338017551,0.0551013399988464,True,ok,10,ok
61,62,103.883148894326,0.1557599845319995,0.030380631989226,27.31259992065197,72.13122690554215,87.58609250333747,0.68019799152902,3.861008878837128,0.0961776488377635,0.1891034221768391,0.8108791546304218,0.8441842520946533,0.9048783202344856,0.9442788157591916,1.0607177945854351,0.5287828317134613,0.3110340000397474,0.6604370271616709,0.1072849021179141,0.4599973660437946,0.070854921814086,0.1569495040847913,15.14706737508228,0.1502263650114151,15.303836427943072,0.7605273208688614,0.2394726791311385,0.1567690528607913,0.0493629933643083,True,ok,10,ok
62,63,123.96053248356831,0.2162311719839255,0.0154373263114091,36.79870945036281,29.5177424276897,52.18890783458573,0.4649963118394712,2.5528231367829424,0.0986320073136085,0.226624799819837,0.7733626882759024,0.8666893193286459,0.9214986778080846,0.9520540391881026,1.0581005503322374,0.445961208664725,0.2736824679673901,0.7029350288113976,0.0779550450631377,0.2660088171540342,0.0547973318474505,0.1454249631881955,12.309490250236207,0.1429530439858186,12.477064223363934,0.7758839111934109,0.224116088806589,0.1675739731277241,0.0484041786423949,True,ok,10,ok
63,64,161.5647505722976,0.1644814817858547,0.0233361153368653,47.72580742743075,43.97164368087442,15.940311785488229,0.9240017940569218,2.000190653874747,0.0621967147890593,0.2320922179927788,0.7679034036199961,0.8704190540517411,0.91282851756592,0.9522420503076032,1.038120262011872,0.4042980997584208,0.4323687293090791,0.7235923651973931,0.1572900491574593,0.5204021342295546,0.1138138786918602,0.1494194936052845,14.25202341489975,0.1458834281851041,14.361267808931816,0.6979350673511601,0.3020649326488399,0.1092443940320659,0.047280760158389,True,ok,10,ok
64,65,106.1180830435822,0.1594577677020844,0.0176554838029131,20.97077929036497,30.04985032057421,63.662313717799805,0.3601375699631437,4.806255065976631,0.0147665582238836,0.1735272704893519,0.8264607850309802,0.8754926031110589,0.9209326096945476,0.9661972342072576,1.0252911984567334,0.4256472646073163,0.1471008205835833,0.6652124823144395,0.0584418488659056,0.2783226621199176,0.0388762473551344,0.2254067607266916,3.3567676913301803,0.2430060453659726,3.36854623736374,0.186008348984813,0.813991651015187,0.0117785460335595,0.0515441279100775,True,ok,10,ok
65,66,97.64863862714984,0.2930356022018249,0.0192181803861725,23.44005568109624,54.62985443041809,36.45841351162798,0.266360074309572,1.2160944957674338,0.0904824301918469,0.204830130610851,0.7951620976613183,0.8872631250171554,0.9358611277566348,0.960141674082493,1.051000066390262,0.3721336046339039,0.203284583289996,0.6815380419367522,0.0690949135081559,0.2682201669495293,0.0470908120601378,0.1845588846262081,6.061222044244168,0.1821369865359318,6.11458590196946,0.4803732474496934,0.5196267525503065,0.0533638577252919,0.0577244637176719,True,ok,10,ok
66,67,91.12272060306974,0.3451647755401519,0.0277271538405807,60.87307087818176,69.37341720703515,29.48998459068918,0.7441158371536042,9.461254456645618,0.0008289682332091,0.1698883732016698,0.8301048827513579,0.8597784339733184,0.9040013659473912,0.9627607923385516,1.026700331217286,0.4658119352228773,0.2305198306459395,0.618229821537417,0.0771560821318388,0.3769834092281195,0.047700190886893,0.1592242665588387,7.390253091395504,0.1479161592892809,7.552992260096676,0.7465709472837098,0.2534290527162902,0.1627391687011724,0.0552430194529143,True,ok,10,ok
67,68,94.4115417796314,0.2241230437219458,0.0235231339461227,22.34620748783705,62.74977415345156,70.89863560855852,0.1952761490953223,3.4874269380489835,0.068585361844613,0.2107932911753906,0.7891909864061665,0.8771211206594262,0.9292952889851408,0.9616713231634272,1.047101854239173,0.4226839363220653,0.2770667773393147,0.6914591642460496,0.0841524466104454,0.3150356392110759,0.0581879804025189,0.1518263019351213,11.876452851199286,0.1457425230422967,12.032766668684664,0.7587926810634688,0.2412073189365312,0.1563138174853784,0.0496895104148068,True,ok,10,ok
68,69,177.1132101781336,0.3407735011148522,0.0296403920655862,43.96681751035396,27.606760300780596,64.82200012834903,0.0591599763277658,5.808047343990619,0.0431447503869471,0.2399953229962789,0.7599877107252142,0.8834721456506238,0.9328005912033444,0.969368655341586,1.0401034854389788,0.4060557027730353,0.5252284284216511,0.7030752071624911,0.2264778207114678,0.7171314477796861,0.1592309407144247,0.1439341815409053,6.209254303956016,0.1329759438046407,6.311985956668614,0.6688211659814413,0.3311788340185587,0.1027316527125984,0.0508694262273122,True,ok,10,ok
69,70,178.28092348168096,0.2457830405202025,0.0151546972481192,46.13275641639659,58.755969668623024,83.71463635982205,0.7703007818755615,9.955852855357769,0.0573774640342758,0.2443202202618127,0.7556567037642602,0.8310366404504789,0.8921171468819465,0.9480883393754048,1.0553505731151656,0.5804576784679565,0.3685689726410433,0.6894093664482759,0.1186615091434174,0.3669728870993756,0.0818063558403597,0.1401503521650983,10.88046245223957,0.1346903779156938,11.069695402426808,0.7985502448902282,0.2014497551097718,0.1892329501872381,0.0477376742638893,True,ok,10,ok
70,71,99.38108499907554,0.1628908144744261,0.021338355839292,41.013568218890654,70.7750936157187,71.78375576840264,0.8235637561746747,7.443785735434193,0.0847862008751184,0.2400435682261047,0.7599372144825828,0.8331736232007204,0.8949685054510987,0.9434677276766488,1.0623314611797583,0.5655189972461324,0.3044688422968464,0.7026232452629043,0.0915054218405457,0.2896674519279574,0.0642938364527552,0.1468733751664587,14.671148538478754,0.1425017182944476,14.826474235563982,0.770071122467218,0.229928877532782,0.1553256970852274,0.0463773567672297,True,ok,10,ok
71,72,135.07295524271137,0.317724045571842,0.0274873585370512,34.23989483460106,59.984628704944,96.22783492268834,0.0611512827493093,2.3981816899924984,0.0912222570214828,0.2375494103803641,0.7624271442273308,0.8779234478060312,0.9340220598972488,0.959994068353576,1.0557639034494395,0.4258789921656239,0.330540794377617,0.7009649984391481,0.1585460865763167,0.5088116637890183,0.1111352573295008,0.2250872580751712,35.88409115130942,0.2780354911139973,35.884112984127846,0.0120054538918038,0.987994546108196,2.1832818428236265e-05,0.001796742191313,True,ok,10,ok
72,73,86.79634567797565,0.1705857994974693,0.0247106861525231,41.90145277534553,74.48728702102655,4.60143437829051,0.4765067456861578,9.003567598369619,0.033622586230611,0.1688066154496489,0.8311910074650503,0.8987549198621317,0.933251412339856,0.973710369697303,1.036870728490895,0.3089930131152458,0.1959519267936983,0.6784375130471817,0.0650787380618797,0.3204382719303813,0.0441518572029506,0.181167984889924,11.658400314224462,0.1790479831841944,11.705416186794045,0.4753801892247987,0.5246198107752014,0.0470158725695803,0.051885751089262,True,ok,10,ok
73,74,72.86483510955338,0.2665050676675615,0.0265108760593459,49.50245891449726,57.3656805649853,92.889232281493,0.7180720410607301,6.404124299003752,0.0718747816718015,0.1838234256038342,0.8161581881139186,0.8385703590577906,0.898792409327634,0.9466624470693074,1.05499371421168,0.5521529251327056,0.2052691831394974,0.6305509221259897,0.0638327649924296,0.2833829436516081,0.040249808827828,0.1558332476360103,10.042553053066904,0.148606189551564,10.228845482315611,0.7812049237340549,0.218795076265945,0.1862924292487071,0.0521756392297329,True,ok,10,ok
74,75,153.282604073423,0.3189582252763844,0.0207737101378381,36.15633485031276,63.939486537183285,40.56193399540203,0.1244908066229503,6.761340820321994,0.0029488752196325,0.1678640152648235,0.8321280195847951,0.8918215445618858,0.9329137720990498,0.9762553261223512,1.0229257044611308,0.3704224808143024,0.207946525110801,0.6414308132770483,0.0960820920578282,0.4762712680454143,0.0616300144500129,0.2347443270648279,0.0912426648527056,0.235958282719623,0.0962714598738388,0.0825940868895049,0.917405913110495,0.0050287950211332,0.055856859273475,True,ok,10,ok
75,76,153.8908498618689,0.2421958119912116,0.0124019156370713,21.57030546123644,60.93917562791395,85.06499772683011,0.0405399488838815,4.467136045156926,0.0820200217877735,0.227142818379761,0.7728368340080902,0.8772759583498045,0.9330352602684596,0.9625503102519424,1.05549655699793,0.4296269922871639,0.2728078463319168,0.703790938285902,0.0779285836569913,0.2651225589730894,0.0548454310112453,0.1461950879792408,11.22565874787816,0.1420205317546023,11.39309854152405,0.7736488445415912,0.2263511554584087,0.1674397936458897,0.0489888804576727,True,ok,10,ok
76,77,115.74710137177227,0.2176923694242988,0.0145884848695846,63.33442266389555,46.15536070760187,57.39302668539288,0.286922602037138,0.936473693836828,0.0751328564799509,0.18208941538205,0.8178999105620826,0.8815406507041397,0.9310263374684004,0.9595250981997604,1.0444954961145791,0.3984162713663714,0.193742603871161,0.6679576818152051,0.0552697845535499,0.2482434356988367,0.036917877164815,0.1536332789937212,12.589382584586051,0.150232640759612,12.783041995258143,0.7911940626043446,0.2088059373956554,0.1936594106720935,0.0511091231495986,True,ok,10,ok
77,78,146.82118061518946,0.2908103446265263,0.0111603649221061,62.43378369762215,71.40141716740979,27.103671087538885,0.9977084565935246,8.769141045732615,0.0979040854764492,0.2153595453789862,0.7846325139096836,0.8356805325442433,0.8944225195901592,0.9423011822667317,1.0688233179546525,0.5392866306420611,0.2201652916427377,0.6581211538648803,0.0634314363169243,0.2310950842290959,0.0417455700602009,0.1478645621669144,9.306099128818255,0.1425039342198559,9.496289198978332,0.7896322303567593,0.2103677696432406,0.1901900701600751,0.0506689814950813,True,ok,10,ok
78,79,96.89630517472844,0.3036540032131926,0.0193217075296946,29.12616507590948,44.821714096285774,95.46328418985875,0.5053702496328132,9.780574301359875,0.0412105672377225,0.1750303712188418,0.8249511174968415,0.8448951185620674,0.9030355939985396,0.9564331123868856,1.0480063223743492,0.5407312120902801,0.1452788503006778,0.6181698469639615,0.0589073332991389,0.2776120003679929,0.0364147372105838,0.2142393472292205,0.326544340732692,0.2208225492281216,0.3371761654524218,0.1618947800015699,0.8381052199984301,0.0106318247197297,0.0550393767830406,True,ok,10,ok
79,80,77.32306415799339,0.3283950054742047,0.0237008050352422,27.55679534903704,68.03675378375137,91.72043104732164,0.5114916342362834,8.509351201902252,0.0208834783855198,0.1819543828835716,0.8180272849533026,0.8515021522916204,0.9050528311498992,0.9595435104381456,1.036230938456536,0.5157724736208954,0.1935672141820289,0.6253452986028543,0.0599426209013206,0.2694618224293089,0.037484836166574,0.1561679801173016,8.163097051719333,0.1472006095723217,8.350750020548938,0.7770943404953178,0.2229056595046822,0.1876529688296051,0.0538273239106503,True,ok,10,ok
80,81,147.35731615196698,0.2363150591460778,0.0182310720492545,68.69504303278495,26.118434364333208,48.69048065266315,0.7006127765914977,6.9359428376357,0.0425998648324762,0.1617597641369004,0.8382311239017487,0.8535348849715726,0.90498465114574,0.9549370010541248,1.041504904772372,0.4919590745683466,0.2355596030168033,0.6252558374615702,0.0781153131363022,0.4047669014181122,0.0488420555336114,0.1585027307034726,10.782936518496502,0.1550985620378162,10.93003005791812,0.7345388082607993,0.2654611917392007,0.1470935394216166,0.0531593781470229,True,ok,10,ok
81,82,126.90859734218104,0.2105818716656323,0.0270371653909775,39.43058840190108,56.87658603490516,44.46717156472596,0.6050614353953855,7.784259345806962,0.027443030581948,0.1521064713058131,0.8478854884546717,0.8600048694980145,0.9088780587620184,0.960080460846446,1.0361885019260413,0.4717950055976306,0.2442978278121093,0.6245408107262294,0.0938166990951834,0.5229337880352123,0.0585923573125645,0.1812475047005691,8.92968375194679,0.1780042436584566,8.977207863756176,0.468814500341697,0.531185499658303,0.0475241118093853,0.0538467113514752,True,ok,10,ok
82,83,90.69704530560712,0.1835244028603311,0.0242350700839187,39.76813636478014,74.99666417512982,15.049279192220894,0.3417697130967527,9.26773191143971,0.0657041881604685,0.1569293722351024,0.8430667579824798,0.8817722949134059,0.9286544929896252,0.9665644222519212,1.054116631173726,0.3872947639113991,0.18054814438178,0.6503406057723221,0.062002566256732,0.3330862336662952,0.0403227864988416,0.1830125827840278,10.693892897259648,0.1805311488850486,10.741760939253751,0.4750516793263188,0.5249483206736811,0.0478680419941049,0.0528958202913366,True,ok,10,ok
83,84,106.98580915517782,0.3058761494440095,0.0157440884916991,59.92876000777079,40.74666074088428,62.74197103883552,0.4977238377601858,4.297406655880685,0.0441073104530841,0.2337268336588082,0.7662573800421353,0.8657327910609144,0.9156442776550514,0.9584341187869664,1.0374457784960756,0.4547799392643042,0.2544933105434419,0.6923444660890141,0.0707683230916372,0.231993420164232,0.0489960568668944,0.1435278910603374,9.080670533551611,0.1382803203023445,9.274170382080744,0.7952156476123351,0.2047843523876649,0.193499848529133,0.0498301829033766,True,ok,10,ok
84,85,154.857592320697,0.3218509043349528,0.0298985714695986,34.86104062885627,31.733497815203556,54.92345955708045,0.42479926446889,2.6356854617069727,0.0265276976182579,0.1990142657260782,0.8009741939726742,0.8784386217712248,0.9226944161329068,0.9636030366491876,1.0259279656901708,0.4085101724454522,0.4228280400888621,0.6637171301178004,0.1656340541749952,0.6665899547671119,0.1099341590868041,0.1500631652715809,7.103638620780266,0.1407154315291973,7.208716586899185,0.6640909386838367,0.3359090613161632,0.1050779661189191,0.0531503125670894,True,ok,10,ok
85,86,92.32557554679956,0.2687009932008417,0.0278818443293794,47.34493394905333,36.80052607356811,73.36325265154026,0.0107788415343126,7.615873252246443,0.0047950926659906,0.1725751440605009,0.8274108779629451,0.885009163861386,0.931076359547433,0.9756697191144362,1.0267261565831116,0.40695474834791,0.2122419407204257,0.6492475735341146,0.0798572297916275,0.3828441783219282,0.0518471126713704,0.1924359564307241,3.732607628854222,0.1944931083737644,3.759217394004158,0.3295115086181775,0.6704884913818225,0.0266097651499362,0.054145426866044,True,ok,10,ok
86,87,100.63128830115257,0.1872567239652225,0.0239022876992941,32.93392490685321,51.63553897559777,7.945488823345348,0.8120308877338649,2.9037275883903284,0.0359803515308026,0.213726934693831,0.786270572954465,0.888759988231617,0.9227380898487756,0.9624327701766912,1.0267463753257784,0.3350037534141686,0.2192511790081854,0.7143406599654726,0.0924047131141024,0.3399396504648801,0.066008443749848,0.2350546750367732,0.6841645331146289,0.2494625377105273,0.6913914777454886,0.1269973892509836,0.8730026107490163,0.0072269446308597,0.0496793010288617,True,ok,10,ok
87,88,173.13801197245607,0.1205199957370809,0.0106830740862465,33.24819014642976,70.47956091854286,80.2664236057331,0.238572546454418,8.363357458372192,0.0321638944906883,0.1771064081828594,0.8228778512633944,0.8661066618588614,0.9188388494101208,0.965388685602885,1.040729434062415,0.4690152356673459,0.1366874790580239,0.6682698495792638,0.058886919798455,0.2735781062781224,0.0393523530358996,0.2485478504581934,2.636485584226188,0.2708471478402335,2.6441110252127467,0.1314621759884718,0.8685378240115282,0.007625440986559,0.050379387620779,True,ok,10,ok
88,89,130.3326677840738,0.1806412610401596,0.0301907972858517,48.56033414937632,46.7431656901947,38.16306776586932,0.0769340939419111,5.013173349637058,0.0694222877740457,0.2094846938901024,0.7905062448398003,0.8896293220940042,0.9382557513720144,0.9677952742763763,1.0492135882811822,0.3745354144002455,0.4084835478029823,0.7072769449468836,0.1481686240860832,0.5591012607502394,0.1047962517805881,0.1517532527079817,13.805988629229985,0.1459333411367547,13.934594449459947,0.7243187211535317,0.2756812788464683,0.1286058202299657,0.0489483647911688,True,ok,10,ok
89,90,106.3536392195948,0.2293407223493584,0.0159215924622715,42.185257322806045,68.58303634389623,34.10061518461169,0.2308392514213675,4.173100309972381,0.0740029260834252,0.246841736677605,0.7531487584252496,0.8852455283137775,0.9336579660429932,0.9638537924807928,1.0493574322859498,0.3832053763508703,0.2783606388442313,0.7333904472007831,0.0751331286425798,0.2292328861413822,0.0551019188147756,0.1428496272211934,12.112615588918906,0.1381675719202894,12.291729703721897,0.7908754058192888,0.2091245941807111,0.1791141148029898,0.0473616530424405,True,ok,10,ok
90,91,127.70378437147056,0.3343095592209345,0.0301515222736557,41.02538094580581,61.25296046393962,30.776344031463232,0.8235762423643403,4.391683132804173,0.0301397939157489,0.1809454618522366,0.8190480253960578,0.8633663969590986,0.9076270740175356,0.9561538079774944,1.0298406002781093,0.4448246009050557,0.3402958209425215,0.6346875676977558,0.1252372829101997,0.5668650452589855,0.0794865464753503,0.1540941841230904,7.425126647384463,0.1416895161992041,7.566966399118352,0.7228398046986834,0.2771601953013166,0.1418397517338884,0.0543859552787663,True,ok,10,ok
91,92,116.25535209778612,0.2197331154084414,0.017274573772254,24.319715466252813,52.085448841286336,33.506615368771726,0.0681842680257885,7.742436973299575,0.0628263840238364,0.2279605469633899,0.7720300339475826,0.8864272724889034,0.9357898539378372,0.9696891031729729,1.0514296797664482,0.3876178572680818,0.1848058591702732,0.7161584997844068,0.082291547679538,0.2786838435288664,0.0589337913311149,0.2599618951785618,0.7235272930130643,0.2815108954650074,0.7286843464968564,0.0942594826433688,0.9057405173566312,0.0051570534837921,0.0495541897690894,True,ok,10,ok
92,93,159.8522304195504,0.3419504474285803,0.0290067782008858,39.16757694597514,56.300141563607,26.37820909529919,0.7484913229197931,7.822532929283264,0.0553852831100816,0.1721422250954911,0.8278517584554448,0.8573390710667967,0.9073122072010944,0.9550511000862764,1.04773997300779,0.4691952105248752,0.361206142447285,0.6199408538337636,0.1434756116120782,0.6899666026375751,0.0889463931671132,0.1573018919934699,6.3684956881334855,0.1444387348199806,6.475015497131566,0.6577972337859377,0.3422027662140623,0.1065198089980808,0.0554143000662099,True,ok,10,ok
93,94,90.95092303475006,0.1207701812897178,0.0284007910412844,57.07447353277462,50.60115240920959,18.365141153940645,0.4152851960467931,9.64972193458854,0.0047840313292651,0.2066308508503158,0.7933632744369353,0.8830239981080829,0.922942052464546,0.972847192726404,1.027873487036561,0.3859250318400462,0.2088305092724029,0.7120896125043571,0.0959405840831119,0.3683553140525334,0.0683182933431849,0.2588287963287992,4.038938576144037,0.2723743979249547,4.047614819733775,0.1516633552956256,0.8483366447043743,0.0086762435897381,0.0485310071190846,True,ok,10,ok
94,95,121.62253284829808,0.2142745979936568,0.0266199092502535,53.89194107844813,62.39918039039695,97.6886895075749,0.905034991429306,3.718297949912417,0.0610304489521616,0.2477789927331606,0.7521956539030185,0.8366992308149006,0.8939217055505464,0.943344961810184,1.044850136352801,0.5516977975472266,0.4143097700675086,0.7035539651499215,0.1442071628242721,0.4377324403166459,0.101457521208037,0.143425724464652,11.944628560233385,0.1364180544026322,12.09612200784041,0.7628680228356821,0.2371319771643179,0.1514934476070281,0.0470906364969388,True,ok,10,ok
95,96,120.11926472322908,0.2987702839729852,0.0273710615509782,31.6774304425736,66.36287224106533,65.48600681073357,0.7251326295966458,4.630024617608962,0.0451622010842138,0.2004562793253589,0.7995295191124158,0.8526419611501233,0.9045009859310806,0.9523623492026424,1.038677041681038,0.4959413096850248,0.3385366441760602,0.6517938533560086,0.1184709955406972,0.4724937939692906,0.0772186666943935,0.1508767788734872,8.766712559089925,0.1405266009167125,8.92668012191889,0.7543904489095351,0.2456095510904649,0.1599675628289652,0.0520812019190468,True,ok,10,ok
96,97,115.09291055459433,0.3058413404973504,0.0162190642178379,35.08519095844494,63.864555685197175,43.03414277295708,0.5306109362126757,9.545675433796555,0.0277745148422535,0.2310457068182507,0.7689420215933591,0.8598292678072676,0.9098984712108958,0.9620654807523236,1.039791109993016,0.4759786128152961,0.267284447419583,0.6855087725920473,0.0775269386292585,0.2580032999882464,0.0531453965425619,0.1456892047806281,8.880568855882697,0.1391242572258789,9.05717843573913,0.7789548379501886,0.2210451620498114,0.1766095798564345,0.0501167606862094,True,ok,10,ok
97,98,179.2139346020402,0.3298435846163198,0.0245372398509185,56.29150758073688,55.61621031893966,60.49329131671524,0.8890888828942177,7.229742776958362,0.0944122011662413,0.1936803090540463,0.8063064012169342,0.8319105297338493,0.893984539164512,0.9412988105639246,1.0658698309542387,0.5652367814298084,0.3884643789469742,0.6252821211407711,0.1530981880067176,0.6373161001711046,0.0957295597396489,0.1507011683470468,7.0085870861151776,0.1394977506169721,7.131800777981626,0.6971467284556826,0.3028532715443174,0.123213691866448,0.053526278124361,True,ok,10,ok
98,99,170.51661592995174,0.2534911075495654,0.0291498126871866,34.56382617385755,43.4905881600974,38.75499500746869,0.7676843535790902,8.522371326498975,0.0129789157905469,0.2218245339371558,0.7781648079797994,0.8545252818627536,0.90176192128912,0.9589117616752336,1.030864971605427,0.4861559138310248,0.413646716952242,0.6831157822851426,0.1981938694652191,0.6952345701809631,0.1353893601838526,0.1919173840383773,2.901114745431574,0.1912996142157473,2.9220897253752485,0.2929630581158792,0.7070369418841207,0.0209749799436745,0.0506210092522672,True,ok,10,ok
99,100,124.52160449560488,0.1774633978499681,0.0267567082924111,64.76911963416798,62.92121556222465,69.63852797873054,0.5420680952022926,9.486805948403973,0.0065319166319892,0.1952092967909824,0.80477515015242,0.8543975907051176,0.9048629880732512,0.9624053219473444,1.0311382496523231,0.5023288665695759,0.3243875872949612,0.6686396279537542,0.116914880152923,0.4819580617097716,0.0781739219677082,0.1628153298701734,12.908449904437344,0.1555794038270434,13.05442372815956,0.7463835019861969,0.2536164980138031,0.1459738237222165,0.0496010025350178,True,ok,10,ok
