timestamp,scenario,strategy,co2_flow_rate,co2_concentration,electricity_price,heat_price,ambient_temp,capture_target,max_capacity,tADS,PL,v0,t_press,t_depress,capacity_factor,affinity_factor_co2,mtc_factor,dax_factor,deactivation_index,pred_CO2_purity,pred_CO2_recovery,pred_CO2_purity_std,pred_CO2_recovery_std,cycle_time_s,n_CO2_feed_calc,n_N2_feed_calc,n_CO2_product_calc,n_N2_product_calc,co2_product_kg_per_cycle,annual_capture_t_per_bed,vacuum_energy_kwh_per_cycle,blower_energy_kwh_per_cycle,compression_energy_kwh_per_cycle,specific_energy_kwh_per_tco2,energy_cost_per_tco2,capex_proxy_cost_per_tco2,fixed_om_cost_per_tco2,adsorbent_cost_per_tco2,unrecovered_cost_per_tco2,purity_penalty_per_tco2,recovery_penalty_per_tco2,uncertainty_penalty_per_tco2,domain_penalty_per_tco2,valve_cycling_penalty_per_tco2,velocity_penalty_per_tco2,vacuum_practicality_penalty_per_tco2,bound_proximity_penalty_per_tco2,total_cost_per_tco2,aux_heat_cost_per_tco2,adjusted_total_cost_per_tco2,inlet_co2_tph,captured_tph,captured_tons_interval,interval_total_cost,cumulative_total_cost,cumulative_captured_tons,cumulative_cost_per_tco2
2026-01-01 00:00:00,price_volatile,dynamic_reoptimized,1000.0,0.2,85.0,42.68163876002333,22.0,0.72,7.0,171.1482807923846,0.3348894204418204,0.029818476217460525,38.48123243159523,51.040997876287875,0.864267229249079,0.9151958618303451,0.9573564483550596,1.043143472100417,0.4572863258126616,0.4274241328239441,0.6554005146026611,0.0,0.0,414.7039638134139,0.18317973838564724,0.7326661729008025,0.12005609480273405,0.16082672294912445,0.005283668732268326,0.36693562822513287,0.0006634419701548854,2.696447742492102e-06,0.002292044126771288,559.8728259783787,47589.19020816219,5450.547306278208,1090.1094612556417,2059.1562135841014,26289.229083551563,0.0,625.964599609375,0.0,0.0,0.0,587.7546092561413,0.0,255.67785545997413,83947.6293371572,14.72730858948634,83962.35664574668,8.802,6.337439999999999,1.5843599999999998,133026.5993752552,133026.5993752552,1.5843599999999998,83962.35664574668
2026-01-01 00:15:00,price_volatile,dynamic_reoptimized,1031.204649578002,0.20263518392508353,80.0,44.59131271704564,22.19559156011855,0.7204726569652421,7.044406082702809,161.52791174375542,0.3144917287216036,0.029380986009137623,48.65988337243695,47.59024906415297,0.8624192931092564,0.9138970287498452,0.9564570541956522,1.0440365208326718,0.4634816812439503,0.41833093762397766,0.6583936810493469,0.0,0.0,403.1531647497252,0.1725643077044914,0.6789867003273744,0.11361524976729227,0.15797655216492618,0.005000207142258533,0.3571991448620866,0.0007159936076684139,2.4679204304535293e-06,0.002216573612458474,586.982710326601,46958.61682612808,5599.117547641928,1119.8235095283856,2133.322432190934,25942.40564446195,0.0,578.0694580078125,0.0,0.0,0.0,502.69115330789634,0.0,0.0,82834.046571267,15.48820175672956,82849.53477302373,9.196256712030467,6.625651507451032,1.656412876862758,137233.03624012534,270259.63561538054,3.2407728768627577,83393.5748922357
2026-01-01 00:30:00,price_volatile,dynamic_reoptimized,1010.9822555308032,0.2022403923090752,88.0,42.6738827879369,22.78343220819381,0.7202471293883592,7.013146425528885,176.48920831161666,0.3132959982579351,0.030329772592831993,43.85967079278795,70.0380586473616,0.8609238367465295,0.9130418010454096,0.9559997134139688,1.0443997074798101,0.4698329946664183,0.44669201970100403,0.6567057967185974,0.0,0.0,449.2272252322212,0.19416714261167056,0.7658536139238646,0.12751068808537064,0.15794480756202264,0.005611745382637162,0.3597695285195686,0.0007578279334337265,2.8785413321396127e-06,0.0023308123973938156,550.901486322757,48479.33079640262,5559.114492630567,1111.8228985261135,2136.4408420466543,26137.595023278463,0.0,605.6255493164062,0.0,0.0,0.0,695.5906436973446,0.0,2910.8680293666607,87636.38827526482,14.91466415891144,87651.30293942374,8.998348325426548,6.48103455062502,1.620258637656255,142017.7806894264,412277.41630480695,4.861031514519013,84812.74294836592
2026-01-01 00:45:00,price_volatile,dynamic_reoptimized,996.5354745182758,0.20378852178192824,82.31221985708495,45.03605024376163,23.03160719770457,0.7241527985269024,6.980796705549762,167.35458103346332,0.2431863219521419,0.030261917947975503,54.74286818018116,47.655613191712206,0.86174951191339,0.9135769412032402,0.9562167638321342,1.0440199530102754,0.46667786734743955,0.4362199008464813,0.6728640794754028,0.0,0.0,420.37218533547366,0.1850751211237651,0.7230412848040927,0.12453040100874088,0.1609457935798037,0.005480582948394686,0.3754786696646063,0.0011390029121702886,2.716454924304609e-06,0.002331442217643706,633.7211967124083,52162.998471886734,5326.534265678756,1065.3068531357512,2038.318135954237,24309.212700107873,0.0,394.5799865722656,0.0,0.0,0.0,680.7572289440579,0.0,1.2406932940517006,85978.94833557372,15.734490464402134,85994.68282603812,8.937660440147155,6.4722318200157485,1.6180579550039371,139144.38063471142,551421.7969395183,6.47908946952295,85107.91516822795
2026-01-01 01:00:00,price_volatile,dynamic_reoptimized,1003.6114778465625,0.2037028533791913,90.54344184279346,44.15245417814593,23.271861346589287,0.7162502622083203,6.991356245519263,173.35087206989482,0.3009263195250266,0.030502089247857897,30.913585976438256,52.751296219811735,0.8601309618174764,0.9123119713322287,0.9558186588658293,1.043336148943072,0.47328146219493195,0.4275268018245697,0.6595059037208557,0.0,0.0,413.0315391290501,0.1931104939663388,0.754827641229333,0.12735751084125113,0.17053611010174907,0.005605004052123462,0.3908275795149856,0.0008470486865482323,2.8598820403365173e-06,0.002433319023017889,585.7672110625153,53037.37940825418,5117.346126089634,1023.4692252179268,1975.8398873514507,25814.33269650174,0.0,482.98797607421875,0.0,0.0,0.0,733.978551859536,0.0,655.3223147852864,88840.65618613397,15.440602316974871,88856.09678845094,8.997339340961094,6.44434666214062,1.611086665535155,143154.87268737442,694576.6696268928,8.090176135058105,85854.33222114938
2026-01-01 01:15:00,price_volatile,dynamic_reoptimized,996.499769299769,0.2013298543777351,81.48909765851411,43.85383340243675,23.37665717395135,0.7168589711873222,6.983726004459256,155.39084918066163,0.30000870360504117,0.03024999193977754,66.60761748334288,59.64556157250881,0.8608558107675561,0.9129235721664402,0.9557950777346856,1.044057227751823,0.4699263622625739,0.41476717591285706,0.6607273817062378,0.0,0.0,421.4957924991088,0.16965806756256485,0.6729756672656027,0.11209773076595347,0.1581689166851409,0.004933421131009612,0.3370912144357343,0.0007724991815543521,2.5209687336210247e-06,0.0022078346270840224,604.6219647909039,49270.09833532865,5933.112209251291,1186.622441850258,2280.4611447375237,25674.17574080532,0.0,472.6134948730469,0.0,0.0,0.0,678.1666535986844,0.0,184.85735132875874,85680.10737177353,15.291347981611562,85695.39871975513,8.829513002919446,6.329515607357918,1.5823789018394796,135602.59091886246,830179.2605457553,9.672555036897585,85828.3315400013
2026-01-01 01:30:00,price_volatile,dynamic_reoptimized,1008.4100029343575,0.2063298543777351,82.56425939018207,43.08053396484444,23.83792094661615,0.7181100633770753,7.049703402373881,171.60975031713724,0.31901279175748964,0.029481858981050803,43.09360122573548,40.363880410302,0.8612313046640203,0.9134008935483955,0.9563609107654737,1.0436909549356188,0.4700455124284963,0.4297526478767395,0.6544689536094666,0.0,0.0,409.51600723859826,0.1870752223883563,0.7195451948479212,0.1224349250427658,0.1624613417927611,0.005388361051132123,0.3789468434189658,0.0007337838357258676,2.639044988900574e-06,0.0023282001453747846,568.7486411931619,46958.31033928581,5277.785089738269,1055.5570179476538,2028.9054949999788,26397.81799311431,0.0,607.5289916992188,0.0,0.0,0.0,521.7148938910996,0.0,17.344558098560967,82864.9643787749,15.036977995896882,82880.0013567708,9.156944569464471,6.575694045118497,1.6439235112796242,136248.38284528267,966427.643391038,11.316478548177209,85400.0331708051
2026-01-01 01:45:00,price_volatile,dynamic_reoptimized,981.9575817945106,0.20763495611956834,90.82068532920029,45.44821174288196,24.179416666384544,0.7185023969836689,6.971673263617888,166.31957017373477,0.3064635319853239,0.029345302998542686,39.92218923193297,63.142764156389035,0.8598733472172068,0.9126099719806164,0.9558325924124746,1.0447142952018569,0.4750504536843484,0.4212029278278351,0.6570106744766235,0.0,0.0,419.07213671841805,0.18156091625193457,0.6928037507925399,0.1192874600452773,0.16391917438030032,0.005249841116592654,0.36078615329049973,0.0007814899109304017,2.532956975732531e-06,0.002315021348397085,590.3120013495983,53612.54052062232,5543.449995958214,1108.6899991916425,2145.460585923503,26102.264304655535,0.0,567.1848754882812,0.0,0.0,0.0,496.04625253870535,0.0,0.0,89575.63653437821,15.947471090344354,89591.58400546855,8.97314254111002,6.44722442426368,1.61180610606592,144404.26215213203,1110831.90554317,12.928284654243129,85922.60576337088
2026-01-01 02:00:00,price_volatile,dynamic_reoptimized,1025.9387569748362,0.20263495611956833,93.09706044619818,46.638561549689314,24.320700315210008,0.7163373580676613,7.040752742213569,165.63760644540022,0.32866980601700796,0.030860839490392637,51.11151204874892,70.5795783604016,0.8591726144604438,0.912250850473268,0.9552823428721919,1.0453515498604675,0.47742665038826027,0.44478175044059753,0.6535699367523193,0.0,0.0,436.4025426554109,0.18555498904138545,0.7300929239682908,0.1212731624518556,0.15138451452680057,0.0053372318795061645,0.3522258994974526,0.0006669364644960014,2.7993703393300306e-06,0.002229041360481705,543.1237129583454,50563.221135046675,5678.174157134816,1135.634831426963,2204.618449443144,26502.906863276196,0.0,590.962890625,0.0,0.0,0.0,817.2069186272761,0.0,995.4588657825121,88488.18411136257,16.378701075751767,88504.56281243832,9.149285330592269,6.553974881923675,1.6384937204809187,145014.17040208922,1255846.075945259,14.566778374724047,86213.02827839926
2026-01-01 02:15:00,price_volatile,dynamic_reoptimized,1015.4790805852281,0.2070253991736837,93.05657499153995,43.840247856707954,24.324671698609738,0.7153414647813107,6.982095417677635,173.23633901067342,0.26430062049973735,0.03014738724862305,40.836324045794015,48.81584998737995,0.8576790679655252,0.9112278349314858,0.9550682144786977,1.0451597776314203,0.4838608557693247,0.4361894130706787,0.6668996214866638,0.0,0.0,418.80121815345353,0.1936888175933302,0.7418226869590697,0.1291709991391914,0.1669641092988049,0.005684815672115813,0.3909317458024813,0.001040337483689352,2.788789374416406e-06,0.0024209825960750837,609.3616871573176,56705.111537926234,5115.982576177127,1023.1965152354254,2003.4578885180076,24973.80173726769,0.0,351.9916076660156,0.0,0.0,0.0,656.0828122314804,0.0,428.3756783461154,91258.0003533681,15.483790964611941,91273.48414433272,9.252220628090122,6.618497056577846,1.6546242641444615,151023.3215382177,1406869.397483477,16.221402638868508,86729.20762797922
2026-01-01 02:30:00,price_volatile,dynamic_reoptimized,1066.2530346144895,0.20391768260029614,83.75091749238595,42.370271679999725,24.706034785271537,0.7195129735206482,7.01863138571909,169.78938050596724,0.3283081463688866,0.028398485561803154,49.7529303307072,31.732546056695387,0.8595106909501342,0.9125711182052373,0.9560528375968252,1.0447607268171208,0.47762175852682687,0.4209921956062317,0.6531326770782471,0.0,0.0,404.08529934874036,0.1760840418731151,0.6873604253852572,0.11500624165934582,0.15817279315324978,0.00506142469542781,0.36073826853700247,0.0006697110532375108,2.4185298138954822e-06,0.002233988249175241,574.16992390539,48087.25792360983,5544.1858389771905,1108.837167795438,2153.158388262951,26554.12407731953,0.0,660.9520263671875,0.0,0.0,0.0,335.87977842692356,0.0,0.0,84444.39520075906,14.916278683909884,84459.31147944297,9.568999585380123,6.885019345294703,1.7212548363236757,145375.99835655896,1552245.3958400358,17.942657475192185,86511.4545036707
2026-01-01 02:45:00,price_volatile,dynamic_reoptimized,1026.3570887541791,0.20615414352800987,86.38439346900768,44.91248798079971,25.406034785271537,0.7195750915269229,6.931152743795266,164.40890924544732,0.32876249302006594,0.029913620160863935,22.821838910194653,56.76690214594143,0.8575839187733973,0.9110698405530433,0.955178725427637,1.044844359612978,0.48430951664873517,0.4064798355102539,0.6546041369438171,0.0,0.0,391.96566862248596,0.181470175691717,0.6987297044562095,0.11879112773971927,0.17345246557555757,0.005227997531825045,0.3841314200953051,0.0007151074520134923,2.604847487831094e-06,0.0023912238939686786,594.670554938977,51370.25520228174,5206.551444044304,1041.3102888088608,2040.1400570675755,26382.040959040503,0.0,633.18408203125,0.0,0.0,0.0,607.1337397044512,0.0,694.0317767656609,87974.64754974436,15.917080223191073,87990.56462996756,9.311977607450714,6.700667139178004,1.675166784794501,147398.8712434355,1699644.2670834714,19.617824259986687,86637.75577550335
2026-01-01 03:00:00,price_volatile,dynamic_reoptimized,1045.3514382856256,0.2111208955332404,92.57390232221672,46.21848508662818,25.186270787267976,0.7191065558707107,7.051152743795266,164.5482615191801,0.30554309624657205,0.030516875367835615,54.08248328799269,27.444202554030994,0.8586870468751593,0.9122785387204535,0.9555341532508345,1.0457832035138221,0.4808125374388139,0.4365919530391693,0.6577176451683044,0.0,0.0,394.1683827284659,0.18978371302278046,0.7090849066985626,0.12482409682064044,0.16108152336240894,0.0054935085010763855,0.4013844127624754,0.0007935970505972405,2.714579614347478e-06,0.002338956045992485,570.7222762265237,52833.9882525074,4982.754527599274,996.5509055198548,1943.386474745766,26020.463138411647,0.0,565.2897338867188,0.0,0.0,0.0,737.3205652760863,0.0,1408.2383043811658,89487.9919023279,16.317945814362773,89504.30984814226,9.712810354422153,6.984545601793892,1.746136400448473,156286.73342285995,1855931.0005063312,21.363960660435158,86872.04727648699
2026-01-01 03:15:00,price_volatile,dynamic_reoptimized,1028.3224099560525,0.21148875140035864,83.31651208999506,47.19107892117537,25.0140033736397,0.7196370920489119,7.036319287535573,172.0906937047155,0.292064965152678,0.030107413575396473,56.52052214884631,39.32527308327993,0.8585329775732466,0.9121617393198669,0.9558714592350592,1.0450576721767402,0.48241807922631297,0.4389912784099579,0.6585537791252136,0.0,0.0,422.8181132710857,0.19618838407756925,0.7313954599982407,0.12920060175475212,0.16511184648395394,0.0056861184832266405,0.38730652064551924,0.0008807579928623268,2.7611491617651397e-06,0.0024074014290845075,578.76398123191,48220.596239562095,5163.868650253095,1032.773730050619,2018.3362807641106,25923.943624493706,0.0,559.6757202148438,0.0,0.0,0.0,647.5781350857139,0.0,81.95612351444542,83648.72850393863,16.69410847339698,83665.42261241203,9.57123417704417,6.887815130487227,1.7219537826218068,144067.99094209494,1999998.9914484262,23.085914443056964,86632.86855634698
2026-01-01 03:30:00,price_volatile,dynamic_reoptimized,1043.1780211195921,0.21648875140035864,80.0,46.383658033733745,25.7140033736397,0.7202767671072493,7.037876360959037,166.87182142147776,0.3179930430062785,0.02974850318597371,24.654269265058353,51.00042094605972,0.8595968553113743,0.9125361695081922,0.9563162279692948,1.043557532887138,0.47819189697508885,0.40678074955940247,0.6545963287353516,0.0,0.0,392.7111509119258,0.19230752410819046,0.6959293576126007,0.1258837992694066,0.18357972169953068,0.005540146005846585,0.4062940525062036,0.000802678152365057,2.6104872539142718e-06,0.002532742338469187,602.5167882877984,48201.34306302387,4922.543137570203,984.5086275140404,1913.1945645259566,26382.952065431804,0.0,647.0880737304688,0.0,0.0,0.0,573.7029319296859,0.0,0.0,83625.33246372604,16.34728740228339,83641.67975112832,9.939055883413813,7.037876360959037,1.7594690902397592,147164.95017784304,2147163.9416262694,24.845383533296726,86421.0423135039
2026-01-01 03:45:00,price_volatile,dynamic_reoptimized,1062.264015492698,0.21148875140035864,80.0,46.076201948672384,25.555905355317673,0.7207483392440946,6.9734059865700475,164.165535752266,0.3010177421355354,0.03061800860880823,63.69812324904154,29.0914805415149,0.8584091686223703,0.9117144647985174,0.9558136066707312,1.044059954793542,0.482365116030328,0.42724984884262085,0.6559950113296509,0.0,0.0,404.70412171986186,0.19024538151071574,0.7092401366326444,0.12480002119953572,0.16730077541304844,0.005492448932991567,0.3908596942327458,0.0008316638511893435,2.7265795630678337e-06,0.0023903402244292576,587.1207351262996,46969.65881010397,5116.925662867292,1023.3851325734585,1999.847342166944,26220.091824561117,0.0,628.9495239257812,0.0,0.0,0.0,760.3826032336782,0.0,369.03540375292926,83088.27630318516,16.31166089276151,83104.58796407793,9.887149741842546,6.9734059865700475,1.7433514966425119,144880.50780503455,2292044.449431304,26.588735029939237,86203.59136493083
2026-01-01 04:00:00,price_volatile,dynamic_reoptimized,1031.8340122307866,0.21301682588658144,88.0,47.249784717905186,25.98733855228516,0.7165846761747159,7.010211566434752,151.003524905878,0.32950541634614905,0.029507396233516683,55.1205463426918,61.331265853265954,0.8596754417647876,0.9128302768839334,0.9568282169098723,1.0439766768466305,0.4789583298812104,0.3944801986217499,0.6484155058860779,0.0,0.0,403.358509517126,0.16980512274014972,0.6272793004459025,0.11010427456360172,0.1690080146385564,0.004845689123544112,0.34598463517018,0.0006805834271368782,2.3240859583344205e-06,0.0022848349597314375,612.4500348994858,53895.60307115475,5780.603520200418,1156.1207040400836,2248.99196085319,27111.049236359035,10.292425155639648,697.0554809570312,0.0,0.0,0.0,526.5870359887804,0.0,0.0,91426.30343470893,16.62160413544792,91442.92503884438,9.673310249658874,6.9317458927893645,1.7329364731973411,158464.7800156638,2450509.2294469676,28.321671503136578,86524.17387072573
2026-01-01 04:15:00,price_volatile,dynamic_reoptimized,1042.896619811074,0.20801682588658144,91.6688674925662,45.160586234237904,25.811229998102817,0.7220329951122507,7.003050682490885,170.31209385876426,0.29604684867188524,0.029420349535201985,36.402266965666364,66.2611625888351,0.8591091127836503,0.9126118595364355,0.956467723559523,1.0445779210000705,0.48116884387292586,0.4215386211872101,0.655863881111145,0.0,0.0,426.2564078861535,0.18649712052046602,0.7099825344124782,0.1223167252806058,0.16785058745918238,0.005383159079599462,0.3637129638972417,0.0008496250758522282,2.6070927537942347e-06,0.002374999874564252,599.5052339063328,54955.96584805953,5498.841665058306,1099.768333011661,2145.69090214868,26235.33089715429,0.0,656.7533569335938,0.0,0.0,0.0,510.0727271486871,0.0,0.0,91102.42372951475,15.983114739537292,91118.40684425428,9.547531362007367,6.893632665238326,1.7234081663095815,157034.20645650668,2607543.435903474,30.04507966944616,86787.70249876128
2026-01-01 04:30:00,price_volatile,dynamic_reoptimized,1095.041450801628,0.21301682588658144,83.39425003657801,44.15206319912731,26.3914179385039,0.7207963124894923,7.0448017231079465,175.3066890997896,0.30126538502798406,0.030811131964931134,23.023382239065043,58.58306470918326,0.8606113127853708,0.9136937469984497,0.9570069444725863,1.0440569201444851,0.4758508509816344,0.42807769775390625,0.6589990258216858,0.0,0.0,414.6891562378485,0.20577831349020326,0.7601681987874169,0.1356077081252734,0.18117522365743233,0.005968095234593282,0.4144818840107375,0.0009012932183808305,2.9488295942195806e-06,0.002594042347237982,586.1643049755112,48882.73261164475,4825.301363347857,965.0602726695714,1869.5265460644973,25872.646302711193,0.0,572.835205078125,0.0,0.0,0.0,805.4083097865736,0.0,3061.569678842495,86855.08029014507,15.530350297744004,86870.61064044281,10.265871801356637,7.0448017231079465,1.7612004307769866,152996.55688180777,2760539.992785282,31.806280100223145,86792.29334856781
2026-01-01 04:45:00,price_volatile,dynamic_reoptimized,1052.3116888575637,0.21146741062314012,85.86474570027386,46.80118699107495,26.502612185543406,0.7138451918207379,6.983566567652024,173.08490280137286,0.3018159114573325,0.031540659856945666,60.845888868527176,49.87040034211529,0.86146040622591,0.9142423680984865,0.9577859291241732,1.042924156578523,0.4738271888866563,0.4470318555831909,0.6540908813476562,0.0,0.0,439.5776045332509,0.20645020187953222,0.7697492179901202,0.13503719450178478,0.16703791002430615,0.0059429869300235486,0.3893692986621008,0.0008568932247168118,3.0556240815313616e-06,0.0024738227404465345,560.9589299957737,48166.59587238483,5136.5118073565,1027.3023614713,1984.697507218591,26441.97683505769,0.0,535.586669921875,0.0,0.0,0.0,987.1797062179135,0.0,4736.132247662317,89015.98300729101,16.34769271521483,89032.33070000622,9.793528928771702,6.983566567652024,1.745891641913006,155440.8020291756,2915980.7948144577,33.55217174213615,86908.8539849256
2026-01-01 05:00:00,price_volatile,dynamic_reoptimized,1032.574538973341,0.21441712594937914,94.10440428011378,44.775872802573446,26.419665244955404,0.7222879173858882,6.962343096093005,170.48339132489963,0.30801132143113136,0.030075972098786947,32.15124197783123,70.32719951353597,0.860988174720942,0.9136534326777277,0.9575756625184811,1.0425663096703723,0.4749533822141925,0.41501733660697937,0.6516993641853333,0.0,0.0,426.3968850086765,0.19662167882986,0.7203141488200233,0.12813822307847256,0.18061567213772314,0.0056393631976835775,0.3808978578489901,0.0008462473017659842,2.7283057149872685e-06,0.002528351651966633,598.8845089521586,56357.66994753136,5250.751504076233,1050.1503008152465,2031.9135473048507,26722.49314298974,0.0,747.4110717773438,0.0,0.0,0.0,640.9277247437058,0.0,0.0,92801.31723923847,15.752405623150572,92817.06964486162,9.743887275557187,6.962343096093005,1.7405857740232513,161556.0710103715,3077536.8658248293,35.292757516159405,87200.23830429587
2026-01-01 05:15:00,price_volatile,dynamic_reoptimized,1037.082319885413,0.21079017376941447,92.1955508796251,47.362011838804804,26.02996891553548,0.7243705837800561,7.020697160763119,169.18035994942807,0.34029974145131164,0.02960956046177244,57.46257851047202,51.370223721777556,0.861652893156302,0.9141961430252474,0.9582756936396183,1.0417463242540925,0.4738388638830114,0.41612884402275085,0.645555317401886,0.0,0.0,430.27548613616284,0.18890262798195628,0.7071913186331404,0.12194709596494217,0.1711041887087257,0.005366891693417105,0.3592267878386623,0.0006748307111071213,2.623141491562962e-06,0.002399021919333309,573.2323191290633,52849.46944410905,5567.513525461943,1113.5027050923884,2151.2661210149286,27452.69638740013,0.0,931.7772827148438,0.0,0.0,0.0,546.3050099701496,0.0,1788.4097665328545,92400.94024229629,16.668408758681817,92417.60865105496,9.6208836141849,6.969085080087092,1.742271270021773,161016.54439684874,3238553.4102216777,37.03502878618118,87445.6836234477
2026-01-01 05:30:00,price_volatile,dynamic_reoptimized,1029.7922648277718,0.21575086469452778,88.93906581422716,46.72049163706956,26.72996891553548,0.7174593266986111,6.940553142993517,161.83631640211266,0.30422026501717336,0.0306806801529784,26.262300580825688,38.279676163148324,0.8603744891904482,0.9133722080289031,0.9576488732292183,1.0426449492117318,0.478165041280408,0.4065461754798889,0.6530501246452332,0.0,0.0,372.030977907988,0.1915393865573773,0.696170662256561,0.12508482026576673,0.18259196483279203,0.005504982939896394,0.4261567398514531,0.0008613624405753005,2.6976196472133088e-06,0.002520152290873244,614.7543758163672,54675.67989031602,4693.108926769871,938.6217853539741,1823.9571740730125,26563.801327137484,0.0,622.28173828125,0.0,0.0,0.0,774.8522101805463,0.0,501.54699697589,90593.85004908804,16.432652610723466,90610.28270169876,9.778078935778352,6.940553142993517,1.7351382857483792,157221.3705982016,3395774.7808198794,38.770167071929556,87587.31357849871
2026-01-01 05:45:00,price_volatile,dynamic_reoptimized,1071.9268967394087,0.21433335053995106,90.55550439681322,46.49280751297255,26.58811821785443,0.7251592336498188,6.963799085029186,174.40859676499738,0.3300827812022612,0.03019310164691227,29.56979978523175,42.575214730232695,0.861728282592958,0.9140136111863423,0.9583203825376417,1.0411051768035207,0.47321382290342184,0.417102187871933,0.6460603475570679,0.0,0.0,403.5213483689595,0.2018265157018866,0.7397480242887037,0.13039210888059286,0.18222218273909235,0.005738556711834892,0.40957048237688276,0.0007602903408641267,2.8135191469230737e-06,0.002560306528398067,579.1369773439885,52444.04109823067,4883.1644028478095,976.6328805695618,1885.249081766202,27392.151041406232,0.0,938.4949340820312,0.0,0.0,0.0,665.8768751560325,0.0,1063.5426859867434,90249.15300004528,16.361499917403126,90265.51449996268,10.111283562563303,6.963799085029186,1.7409497712572966,157147.7268211322,3552922.507641012,40.511116843186855,87702.40824003698
2026-01-01 06:00:00,price_volatile,dynamic_reoptimized,1035.615036363906,0.2122336182753404,99.61105483649455,45.070044298962245,26.40746270896306,0.7221773398069573,6.981867992595716,171.4805855494789,0.3347237077153055,0.030162859398088885,42.19511819841297,59.79712898690305,0.8611594293938418,0.9135605975697492,0.9584935851943438,1.040848239351339,0.4758549360633955,0.41547420620918274,0.6425370573997498,0.0,0.0,427.8053597293259,0.1963258739661016,0.7286467299217219,0.12614664934961306,0.17747425231850136,0.005551714037876471,0.3737432471439932,0.0007203013405826698,2.7613530237213124e-06,0.0024862940353526297,578.0839407547364,57583.55112261692,5351.267254413974,1070.2534508827948,2073.3194229657543,27816.523458339405,0.0,951.3858642578125,0.0,0.0,0.0,659.3895132050778,0.0,238.69900742955727,95744.3890941113,15.86887246258636,95760.25796657389,9.673060280808919,6.981867992595716,1.745466998148929,167146.3700148828,3720068.8776558945,42.25658384133578,88035.248935975
2026-01-01 06:15:00,price_volatile,dynamic_reoptimized,1037.7017341720036,0.21264436557561073,109.57216032014401,46.97875527038396,26.433122884752272,0.719815494688964,6.9911478071833315,164.25874141987413,0.30904588249415177,0.03029456308285955,49.418813224025165,40.493218399121176,0.8640025977384791,0.9156199969970654,0.9597505275140421,1.0391444800861986,0.4666959366387991,0.4059087038040161,0.6476986408233643,0.0,0.0,402.00364032090715,0.18924060025788103,0.7006276979869559,0.12257087957562714,0.1793957410633029,0.005394344410123351,0.38645699548276646,0.0008229519969485683,2.6687116606665466e-06,0.0024727978391912444,611.45864947193,66998.84516907706,5175.220072033053,1035.0440144066106,1980.4629830759045,27196.39481787278,0.0,780.1260986328125,0.0,0.0,0.0,687.8736875711511,0.0,7.688868830418273,103861.6557114998,16.362580735120588,103878.01829223492,9.711309398736736,6.9903509789292695,1.7475877447323174,181535.95171458923,3901604.8293704838,44.0041715860681,88664.43086513525
2026-01-01 06:30:00,price_volatile,dynamic_reoptimized,1059.3301372816838,0.21024499389525392,120.52937635215842,44.16002995416092,26.45376291859636,0.722040735100774,6.9705050567337965,174.51484950429443,0.3294826760703951,0.029579663598284185,48.91811651937152,46.65640944698776,0.8616927767413357,0.9142516655427788,0.9583896734795697,1.0414279023457205,0.47416417733365906,0.42112359404563904,0.6463024616241455,0.0,0.0,427.1527400245187,0.1940937416752795,0.7290111429835887,0.12544326303057415,0.17243427474157627,0.005520758005975569,0.37222711146127696,0.0007266977969483991,2.7003819258240995e-06,0.002439352420923016,573.9702041580958,69180.27075189634,5373.063751719927,1074.6127503439852,2077.0403891104925,27363.158844159392,0.0,860.4423828125,0.0,0.0,0.0,540.4973241322502,0.0,1135.1474417480413,107604.23363592291,15.520821768300003,107619.7544576912,9.801856951399689,6.9705050567337965,1.7426262641834491,187541.01066294653,4089145.84003343,45.746797850251546,89386.49331083061
2026-01-01 06:45:00,price_volatile,dynamic_reoptimized,1072.4091414426862,0.21468501627360861,132.58231398737428,46.59662997103633,26.48136952449778,0.7216033508923324,7.072754149848019,169.989910630497,0.33375808211510416,0.029870753038043353,46.705393108555114,41.52248109360215,0.8641011377904257,0.9156665757473614,0.9595223396868736,1.0399114121120585,0.4652931351526687,0.4115704894065857,0.6456307768821716,0.0,0.0,411.2087044001016,0.1949485427365138,0.7130501553136435,0.12586477909902263,0.17995107101330715,0.005539308928147986,0.3879589498558838,0.0007292799822995178,2.6822987395864313e-06,0.0025044150589316437,584.2565168238052,77462.08096270336,5155.18459038758,1031.036918077516,1969.0352828373861,27443.643937570625,0.0,865.7744140625,0.0,0.0,0.0,598.3635630849869,0.0,110.05005707780087,114635.16972580175,16.227436448072957,114651.39716224982,10.132429956973773,7.072754149848019,1.7681885374620048,202725.28626629396,4291871.126299724,47.51498638771355,90326.68327585838
2026-01-01 07:00:00,price_volatile,dynamic_reoptimized,1064.0028421822003,0.2096850162736086,145.84054538611173,46.90103940100793,25.935074683939927,0.7206618764320826,6.952754149848019,178.3288602021004,0.34289742408463053,0.02968583940441999,54.663503207398115,52.39133207288555,0.863288673595703,0.9151209138596277,0.9590675880734263,1.040583159527396,0.4678131931161938,0.42581045627593994,0.6440489888191223,0.0,0.0,445.8796696642744,0.1985983649441808,0.7484569606038693,0.12790707612343066,0.17247792907837312,0.005629190420192183,0.3635973899047782,0.0006822822832830638,2.7800472340201578e-06,0.002458872960430526,558.5057630436802,81452.7850835768,5500.589540875902,1100.1179081751802,2108.171681434747,27633.845977580186,0.0,880.4302368164062,0.0,0.0,0.0,561.2633634176224,0.0,8265.94099675514,127503.14478863197,16.36377671327027,127519.50856534524,9.818870998770963,6.952754149848019,1.7381885374620047,221652.94809107104,4513524.074390795,49.25317492517556,91639.25130202573
2026-01-01 07:15:00,price_volatile,dynamic_reoptimized,1067.2375107031075,0.21296124600226546,131.25649084750057,45.58907587089794,26.60477472545239,0.7196766093121293,6.916347181103613,172.04616417189965,0.2927618473695086,0.02924144312419579,58.03020359402775,37.212505829563035,0.8633768931960131,0.9156001314935615,0.95919317652295,1.040876747671169,0.468902598564202,0.416805624961853,0.653235912322998,0.0,0.0,422.1304213502001,0.19158105502354347,0.7079520299497443,0.1251476252621069,0.17510654063011372,0.005507746987785325,0.3757680215059018,0.0008961401598184379,2.5991117319062513e-06,0.0024591098060104434,609.6592826445328,80021.73805252589,5322.432685955923,1064.4865371911847,2042.905884940274,26542.0257165486,0.0,662.155029296875,0.0,0.0,0.0,476.95704903089114,0.0,73.9663022527495,116206.6672577424,15.912185915166413,116222.57944365757,10.002602924926952,6.916347181103613,1.7290867952759033,200958.92742893295,4714483.001819728,50.98226172045146,92473.00615399178
2026-01-01 07:30:00,price_volatile,dynamic_reoptimized,1075.433646444091,0.20928635565783046,140.59146547857873,46.06841527728898,25.973243044521013,0.7156395754939101,6.989877235374551,176.2546677922049,0.3292565478548013,0.02917233667679962,52.40964672448646,57.021208071492254,0.86456360880315,0.916267936922121,0.9600618582835263,1.039611531131714,0.46519317632246426,0.4157913327217102,0.6448334455490112,0.0,0.0,444.31472360116805,0.19252123944115596,0.7272992017203742,0.1241441341702068,0.17442903078149427,0.005463583344830801,0.3541435652993819,0.0007289971272014242,2.6511049803173246e-06,0.0024441158327359112,581.2602946603354,81720.23665080704,5647.4271904651505,1129.48543809303,2156.754994911935,27539.402376112786,0.0,752.0264892578125,0.0,0.0,0.0,464.4629635098356,0.0,2639.4283563588524,122049.22445951645,15.973186715410046,122065.19764623186,9.905488634994365,6.989877235374551,1.7474693088436377,213305.18656472283,4927788.188384451,52.729731029295095,93453.69475992047
2026-01-01 07:45:00,price_volatile,dynamic_reoptimized,1065.5456651822506,0.21280337793928647,129.88083654996518,44.97385832042282,25.722615473236967,0.7177013199816382,6.985640009280339,165.34293473575084,0.32498981290300855,0.028960229354109315,39.39724294036792,32.962929657794305,0.864671243648528,0.9161605764187624,0.9598810954212634,1.0397850822230061,0.46369684596899713,0.39836636185646057,0.6468101143836975,0.0,0.0,386.51174859608886,0.18233791652920278,0.6744342382878697,0.11793800864673874,0.1781161351116661,0.005190451760542972,0.3867541187211152,0.0007394200600339419,2.4489072879370766e-06,0.002423012554033757,609.7506859450242,79194.92917745483,5171.244217420168,1034.2488434840336,1970.8767997824598,27302.439909495984,3.466949224472046,753.8343505859375,0.0,0.0,0.0,427.1506118987449,0.0,0.0,115858.19085934664,15.593301350893583,115873.78416069753,9.979343060740256,6.985640009280339,1.7464100023200848,202363.1356649208,5130151.324049372,54.476141031615185,94172.44369552705
2026-01-01 08:00:00,price_volatile,dynamic_reoptimized,1022.9277635242653,0.21195214849379374,138.72061683449274,42.76522464462142,25.563716494985197,0.7173658612028719,7.016917103621704,171.59934391087936,0.281890002765454,0.030246353628077094,61.84521649181909,38.65667543944817,0.8650846812065367,0.9164373191672258,0.9600648901609854,1.03965203639602,0.4621831023237753,0.422111451625824,0.6551728844642639,0.0,0.0,426.540645361938,0.19687556655995497,0.731922277410778,0.12898753282362188,0.17658942398910502,0.005676741319567599,0.3832932494975208,0.0009695273622770215,2.7792138736570297e-06,0.0025006348316096204,611.7843340490341,84867.10018896137,5217.936925896568,1043.5873851793135,1984.565153218662,26315.73464900809,0.0,580.1949462890625,0.0,0.0,0.0,677.3773202602756,0.0,16.579005568178676,120703.07557438151,14.801281644142394,120717.87685602566,9.541884555620783,6.845022231741286,1.7112555579353215,206579.1377120256,5336730.461761397,56.1873965895505,94980.91717518552
2026-01-01 08:15:00,price_volatile,dynamic_reoptimized,1074.0741517004785,0.20944664703713864,136.89035875763224,45.33113812329871,25.2612488974556,0.7181394692277038,6.974756537370736,175.32890722722985,0.31817548121400746,0.02975909370386539,41.429875916965216,29.12541328334774,0.8637898158012884,0.9157011122061528,0.9592283699276193,1.0406128641921153,0.4666768982276741,0.4247729182243347,0.6481233835220337,0.0,0.0,403.6802129320497,0.19562182008457932,0.7382992974958328,0.12678707592395608,0.1716949376044963,0.005579899211413307,0.3980901023646497,0.0007731499920851849,2.7473190301847016e-06,0.0024419874168163606,576.6922673710242,78943.61137317188,5023.9882582360815,1004.7976516472164,1922.5395698377038,27145.804751388347,0.0,735.337890625,0.0,0.0,0.0,575.8187550330204,0.0,1761.1441003172395,117113.0423502565,15.769423784833819,117128.81177404133,9.900543720986095,6.974756537370736,1.743689134342684,204236.23640886528,5540966.698170262,57.93108572389319,95647.55483056547
2026-01-01 08:30:00,price_volatile,dynamic_reoptimized,1058.3237816233911,0.20972517374710917,139.68712417118286,43.297965871355316,25.599791410464707,0.7259015691196327,6.962816839117044,180.0,0.32020234303128875,0.029697627888393065,25.76600416266382,38.810476198504766,0.8646954628329853,0.916098084041811,0.9599155608378351,1.0399028830956536,0.4632295594822875,0.4167768955230713,0.649482250213623,0.0,0.0,406.5764803611686,0.20063066589535206,0.7559340652238793,0.13030605634757086,0.18234576707952116,0.005734769539856594,0.4062245868259629,0.0008012217011017052,2.8084156879593867e-06,0.0025586041077243203,586.3590857738412,81906.81442339181,4923.384907907733,984.6769815815464,1875.21574657404,26984.397931666877,0.0,875.9862670898438,0.0,12.503235860962953,0.0,563.593117267264,0.0,8000.0,126126.57261134007,15.093919350756524,126141.66653069083,9.768333686583002,6.962816839117044,1.740704209779261,219575.32995854525,5760542.028128808,59.67178993367245,96537.10797902792
2026-01-01 08:45:00,price_volatile,dynamic_reoptimized,1033.8166512789055,0.20644110894920728,125.71841175406458,42.36818762815697,25.520170810559527,0.7226511265504209,7.013225901085154,176.9900476186781,0.32387138903889556,0.030133625817229462,57.301416043896324,40.76156833440113,0.8657527351195595,0.9168817814964926,0.9601898369942401,1.0396992086418657,0.45931953388119884,0.42987552285194397,0.6483291983604431,0.0,0.0,434.34407485378586,0.19704972496840645,0.7573884876629658,0.12775309022591275,0.16943315844833834,0.00562241350084242,0.37280469148513423,0.0007466067815483729,2.846607105191239e-06,0.0024318867879127917,565.83176888176,71135.4713038078,5364.739354627331,1072.947870925466,2032.4108911238316,27121.314490300272,0.0,828.5623168945312,0.0,0.0,0.0,653.1487094754126,0.0,3463.290436628081,111671.88537378272,14.677383235452275,111686.56275701817,9.392713483927022,6.787654980525191,1.6969137451312977,189522.46348885342,5950064.491617661,61.36870367880375,96956.00745877846
2026-01-01 09:00:00,price_volatile,dynamic_reoptimized,1060.7201401590319,0.2034024113346516,138.29025292947105,43.82843760419316,25.113019837385878,0.7189808932374434,7.006843290209379,162.92809265237818,0.33822409647940105,0.029848177778520644,50.37895562460578,43.49564440323624,0.864634993349606,0.9163120955396273,0.959495869942104,1.0410770680312549,0.46301476409518205,0.41172805428504944,0.6474480032920837,0.0,0.0,403.4379760673605,0.17708834831282202,0.6934781415472205,0.11465549752142967,0.16381836342915534,0.00504598844591812,0.3602151405255353,0.0006478486325165756,2.570730380960333e-06,0.0022780251317843204,580.3510107223452,80256.88806066729,5552.237468647495,1110.447493729499,2114.1125649186993,27226.27878341523,0.0,767.54345703125,0.0,0.0,0.0,593.770543909421,0.0,1036.8302024672414,118658.10857478614,15.19971928677512,118673.30829407291,9.49529103776397,6.82693283188103,1.7067332079702575,202543.67616518642,6152608.167782848,63.07543688677401,97543.64728106956
2026-01-01 09:15:00,price_volatile,dynamic_reoptimized,1033.6537559286344,0.20586774096459368,141.35736562710719,43.894138598016504,24.97046427232526,0.7201636512574249,7.006656029945899,173.35349349059226,0.3259944065464929,0.03159745251410966,58.24425598576322,50.52221532433575,0.8654457914382455,0.9167107793185365,0.9596246116763972,1.0407377025711528,0.4593167365153984,0.44488441944122314,0.6493052840232849,0.0,0.0,438.13810894222433,0.2019022002144837,0.7787658941396424,0.13109616545519148,0.16357849548224673,0.005769542241682977,0.3792475778051551,0.0007315762488472693,3.0740936675057104e-06,0.0024102807896216587,545.0919675074701,77052.76455135268,5273.599930617181,1054.7199861234362,1997.8753993922412,27005.379796365454,0.0,753.1360473632812,0.0,0.0,0.0,1002.1056372248477,0.0,5238.064815660048,119377.64616409918,15.178670845925275,119392.8248349451,9.365150361230926,6.744440878718855,1.6861102196797138,201309.46211063088,6353917.629893479,64.76154710645372,98112.50524094241
2026-01-01 09:30:00,price_volatile,dynamic_reoptimized,1030.839054218076,0.20771719725753005,134.06883178602962,44.10372464539936,24.56110823078375,0.721157371919361,7.010034536846785,167.74572708215672,0.3287350272073921,0.032,64.12931485901015,43.053216924220706,0.8654560821098594,0.9163455933879024,0.9594757844627853,1.0405215032687551,0.45788421118175643,0.4368569552898407,0.6503276228904724,0.0,0.0,425.8994132393286,0.19970168303610328,0.7616454031592983,0.12987152081609563,0.1674146168384075,0.0057156456311163685,0.38650110579901326,0.000727064541611397,3.0525213627124447e-06,0.0024308497376685635,553.037575218826,74145.10164336648,5174.62943829204,1034.9258876584079,1956.5263029862135,26884.324515953947,0.0,752.5280151367188,0.0,45.543684113294574,0.0,1111.111111111111,0.0,8000.0,119104.69059861821,15.239989871812465,119119.93058849002,9.423553193286056,6.795864855012474,1.6989662137531185,202380.7374544612,6556298.36734794,66.46051332020684,98649.52946962185
2026-01-01 09:45:00,price_volatile,dynamic_reoptimized,1035.2149104451114,0.205091345791398,136.99041106166882,45.10602269849958,24.89992760414408,0.7225881946835648,7.003603551991718,166.91381301738392,0.3389754455685446,0.031125229905281288,45.83469167358672,31.47174285146614,0.8633397486768397,0.9151083040576913,0.9582938895827083,1.0421841019290246,0.46522219165076695,0.4325900673866272,0.6492864489555359,0.0,0.0,394.4426792580823,0.19078484056907594,0.7393942748634215,0.12387401164764338,0.16248025532846597,0.005451695252612785,0.39805231921294687,0.0006634324489266274,2.8699020887859155e-06,0.0023420930519885783,551.8275075192777,75595.07709020199,5024.465135524197,1004.8930271048393,1918.9213137285335,27007.613635602112,0.0,805.9716186523438,0.0,0.0,0.0,881.4045347762983,0.0,3309.220945845384,115547.56730143572,15.7183129490145,115563.28561438473,9.343922379518082,6.75180800347933,1.6879520008698325,195065.27917989265,6751363.646527832,68.14846532107667,99068.46199278679
2026-01-01 10:00:00,price_volatile,dynamic_reoptimized,1044.0210394354394,0.20623736721821476,136.0510179787395,44.08741383037727,24.483635421616935,0.7149105265755832,7.0142242110579724,171.81843354914616,0.32236593343155256,0.029894484828640225,49.388720242447185,28.206075541974187,0.8650954124284677,0.9160246540547508,0.9590120068045666,1.0409212255766542,0.4583362355459436,0.4262879490852356,0.6512969136238098,0.0,0.0,404.04981952779906,0.18974145050599545,0.7302130807041579,0.1235780211010597,0.16631528075334126,0.005438668708657638,0.38765927180067306,0.0007336132472202197,2.718745862724953e-06,0.002370253910393429,571.2033716139213,77712.80018096222,5159.1697799720405,1031.8339559944081,1951.8936860533709,26769.901644091136,0.0,607.00341796875,0.0,0.0,0.0,603.2109617199613,0.0,354.66835875611304,114190.48198551801,15.172476879849503,114205.65446239786,9.476063783222852,6.774537749127662,1.6936344372819154,193422.62932983605,6944786.275857668,69.84209975835859,99435.5310032976
2026-01-01 10:15:00,price_volatile,dynamic_reoptimized,1036.945776804759,0.20337541520339386,129.42638333906547,43.01150274338371,23.923633041118194,0.7190236518209623,7.040099843532454,162.37852895110106,0.3430882359669712,0.02985766505590915,41.20094068509417,33.47282862903994,0.8630340619927683,0.914653232384784,0.9581710149841632,1.0412981140326176,0.4662388198509309,0.4100126028060913,0.6473711133003235,0.0,0.0,383.1929743212261,0.17669017444586613,0.6920371661912763,0.11438411494024872,0.1645929559044365,0.005034044898520346,0.37834851574248995,0.0006320110537742927,2.563874176125052e-06,0.0022799834230970806,578.9694787792164,74933.92570209778,5286.131481380601,1057.2262962761201,2021.6502531902713,27235.45115428155,0.0,770.11279296875,0.0,0.0,0.0,595.6986095003324,0.0,3118.6097739322067,115018.80606362759,14.965400754612295,115033.7714643822,9.281237120426251,6.673429007745155,1.6683572519362888,191917.42684018376,7136703.702697853,71.51045701029487,99799.44194274175
2026-01-01 10:30:00,price_volatile,dynamic_reoptimized,1031.0559190482395,0.2016333428572604,140.00316878628982,42.373063180971094,23.716042115489863,0.7210057770265527,7.037268724209529,173.48804944625778,0.329185091012339,0.029331806291687773,55.88402798220739,55.92335133528698,0.863458355907129,0.9146947307615898,0.9582126842236116,1.0411351794343833,0.463630521807698,0.4228816330432892,0.6496468782424927,0.0,0.0,441.43467326538416,0.18389521909659498,0.7280718866717181,0.11946695500982216,0.1630398961637907,0.005257740689982273,0.34302455389691644,0.0006887954850973211,2.6417166324873644e-06,0.002308449657647115,570.565768884855,79881.01564486558,5830.486410605543,1166.0972821211087,2221.927655094481,26964.889195290765,0.0,763.8142700195312,0.0,0.0,0.0,493.5444154875229,0.0,540.8233748471606,117862.59824833169,14.725577039467138,117877.32382537116,9.149470024256606,6.596820744220286,1.6492051860550716,194403.89377109517,7331107.596468948,73.15966219634994,100206.9634601827
2026-01-01 10:45:00,price_volatile,dynamic_reoptimized,1002.7457829690818,0.2015839179271025,137.31936611639142,42.144904942157964,23.30876411115411,0.7167893861488994,7.004102613734732,172.1498362336438,0.33007822114650637,0.029031817944770673,52.87257609079368,69.31567539951914,0.8649562668215566,0.9161078218316451,0.9581902536149989,1.042509925650598,0.4573881366007762,0.4301716089248657,0.6524657011032104,0.0,0.0,449.27294033423607,0.18062405113352858,0.7153438714703217,0.11785099815893986,0.1561117546444974,0.005186622428974943,0.33248102109900324,0.000664569202847686,2.566645625226535e-06,0.002237907493682847,560.1031079352921,76913.00374149508,6015.380948329252,1203.0761896658503,2272.862551874161,26632.380699028865,0.0,620.6300659179688,0.0,0.0,0.0,439.56930259229426,0.0,93.20132962217565,114190.10482852565,14.509782498957735,114204.61461102462,8.89606801333081,6.37660713041425,1.5941517826035625,182059.48996371776,7513167.086432666,74.7538139789535,100505.46837045603
2026-01-01 11:00:00,price_volatile,dynamic_reoptimized,1017.6502586497593,0.2057978058353653,131.89443249465666,44.41672430775933,22.66542059008821,0.7207382761739306,6.993568815258365,169.7086488406993,0.3245749246925202,0.030818911017724798,62.346859848102554,41.87232412973841,0.8628350552327269,0.9144397705026341,0.9573083521747794,1.042518732575471,0.4648501514756036,0.4399080276489258,0.6540302634239197,0.0,0.0,426.6656167751696,0.19307434666177187,0.745039197445361,0.12627646580759985,0.1607755038563327,0.005557427260192469,0.3751272631323445,0.000716791788295769,2.859235797356746e-06,0.0023436276574639136,551.2044581310362,72700.79919371776,5331.523982820737,1066.3047965641474,2035.1604177201202,26449.06175785284,0.0,667.4942016601562,0.0,0.0,0.0,807.249087980011,0.0,865.5422687065102,109923.1357070223,15.451784307134806,109938.58749132944,9.217022676771528,6.643061035512338,1.6607652588780846,182582.1867157287,7695749.273148394,76.41457923783159,100710.48417601384
2026-01-01 11:15:00,price_volatile,dynamic_reoptimized,976.2056479152141,0.2012279006698968,131.98810721564894,41.75172084929377,22.808462496173107,0.7256212057140493,6.972040290012964,173.49395672675877,0.2712308722550326,0.031414573005717525,48.87174898123729,41.50716275982307,0.8651451146423665,0.9160272166230183,0.9581400691741163,1.0422418351338356,0.4559430547315582,0.4478257894515991,0.6671684384346008,0.0,0.0,420.017429521902,0.1967047307587877,0.7807579107270728,0.131235188053039,0.16181445567951083,0.005775660626214246,0.39602886533616216,0.0009870157000957515,3.042132833643477e-06,0.002392868141799879,585.7210445113478,77308.21202142566,5050.136934595247,1010.0273869190495,1904.3580984447874,24943.593131168844,0.0,512.5092163085938,0.0,0.0,0.0,954.4425843249132,0.0,4106.692263248892,115789.97163643598,14.445484610585908,115804.41712104656,8.645316176822819,6.273224748005349,1.5683061870013373,181616.7838530209,7877366.057001415,77.98288542483293,101014.03678624259
2026-01-01 11:30:00,price_volatile,dynamic_reoptimized,1025.015930310975,0.20068899440417898,139.6792799447738,39.80334670190595,22.404498272675625,0.7264703207815377,7.002249901370811,159.43276627124362,0.32816500303860846,0.029289476566450354,57.921526707334806,69.29980017190894,0.8639671082790911,0.9156246218097603,0.9577519840217514,1.0437130022399306,0.46094127040047184,0.41993552446365356,0.6545746922492981,0.0,0.0,430.14358279460663,0.1681375016922554,0.6696109160217122,0.1100585534257739,0.1520258548088996,0.004843676936268309,0.3243054211298963,0.0006418273921216304,2.4209348255036174e-06,0.0021393359312842676,574.684128371275,80271.46524658965,6167.026110855317,1233.4052221710633,2341.55481758762,26385.476847854123,0.0,775.3465576171875,0.0,0.0,0.0,485.73892963589265,0.0,0.0,117660.01373231084,13.84945606342606,117673.86318837426,9.05327141146746,6.57693298641109,1.6442332466027725,193483.27811051108,8070849.335111926,79.6271186714357,101358.04823498089
2026-01-01 11:45:00,price_volatile,dynamic_reoptimized,1003.3171074040131,0.20439488784121246,141.24340965731864,42.19154750402031,22.303673516737526,0.7202740328625841,6.913404875582608,171.49366156694933,0.28062011891506056,0.030579851398335117,30.8543459505274,66.96536116193784,0.8621861610319773,0.9141403691421669,0.9569217683617468,1.0435819044332848,0.4669091238148611,0.4285508990287781,0.6653294563293457,0.0,0.0,423.65766408966897,0.19232733562810891,0.7485711290199882,0.1279610416507213,0.1706290253418309,0.005631565443048245,0.3828305221582429,0.0009518422429831133,2.843964737330082e-06,0.0024371275825757124,602.2861359949393,85068.94743725673,5224.243847446679,1044.8487694893358,1999.802639693919,25150.73851660256,0.0,452.8359375,0.0,0.0,0.0,751.6396601418851,0.0,307.2015950063506,120000.25840313747,14.703193223001929,120014.96159636047,9.025257784904941,6.500658822357914,1.6251647055894785,195044.07972908174,8265893.414841007,81.25228337702518,101731.21383537959
2026-01-01 12:00:00,price_volatile,dynamic_reoptimized,996.6559576308088,0.2011459055896284,155.3677506230505,43.75982510437438,22.208472410565783,0.7190334832544801,6.983186768998907,174.74661134864016,0.319978231625036,0.030594329935980883,38.68652130896023,66.72692881600226,0.8631496041423421,0.9147208799811629,0.9567004942272426,1.0440796494199847,0.4617537049959644,0.44291776418685913,0.6579237580299377,0.0,0.0,437.4320116873788,0.19296535952621802,0.7663070930869449,0.12695649450908741,0.15968022402976698,0.005587355323344937,0.3678647858706247,0.0007334630057180414,2.9019373794869235e-06,0.002339385446195027,550.4841219676039,85527.4797838116,5436.780243226067,1087.3560486452134,2066.5850127420676,25996.647620262447,0.0,560.1597290039062,0.0,0.0,0.0,754.9511684821811,0.0,1623.6771329141084,123053.6367390876,15.15718547354526,123068.79392456115,8.822828399645273,6.343909036353491,1.5859772590883727,195184.30846778725,8461077.723308794,82.83826063611355,102139.7317898315
2026-01-01 12:15:00,price_volatile,dynamic_reoptimized,1004.8271052990515,0.19742070925513241,170.90452568535557,41.212630291457366,21.54239506455804,0.7203953475826314,7.047599985724436,164.53327826585112,0.3273560511088982,0.030487539098625387,57.958145527759996,63.06017422395732,0.8626413705343909,0.9140963010515503,0.9566659469465791,1.043723884313192,0.46318305044768665,0.4361201524734497,0.6554526090621948,0.0,0.0,433.6315484568345,0.17779418839014108,0.7227374572392268,0.11653566465641335,0.15067433239481867,0.0051287346015287515,0.3406291748136759,0.0006567689985455071,2.714118490526112e-06,0.0021796766374366505,553.5789965864873,94609.15584098868,5871.487670115162,1174.2975340230323,2236.1865300652817,26283.165721986756,0.0,632.6334838867188,0.0,0.0,0.0,730.6972839616855,0.0,158.25311298623063,131695.87717801356,14.309557067738996,131710.18673508128,8.730425648302566,6.289358019453246,1.5723395048633115,207093.129796492,8668170.853105286,84.41060014097687,102690.54880107823
2026-01-01 12:30:00,price_volatile,dynamic_reoptimized,965.9586354144014,0.20014465579244983,187.99497825389113,42.75990034707014,21.428878047392864,0.7151742962547198,7.004282890057579,169.093201611557,0.3066558281828212,0.0314557193151129,49.78034518907447,58.998611987706525,0.8653010270252356,0.9158445832706986,0.9574451388098614,1.0429384174369285,0.45282900138639653,0.44869035482406616,0.6602747440338135,0.0,0.0,430.05604023873923,0.19114196734939604,0.7638240934148355,0.126206213565742,0.15507064520522068,0.0055543354590283055,0.3719628286844037,0.0007736440753332889,2.9735550925240008e-06,0.0022942147046344733,552.8712404413377,103937.01682397109,5376.881359553601,1075.3762719107203,2018.8634549797935,25726.052604307155,0.0,452.0944519042969,0.0,0.0,0.0,965.0651129470065,0.0,3817.080199221539,143368.43027879522,14.636017952135772,143383.06629674736,8.508517492755384,6.085073010052305,1.5212682525130763,218124.10670521943,8886294.959810507,85.93186839348994,103410.93619795794
2026-01-01 12:45:00,price_volatile,dynamic_reoptimized,994.9516585590499,0.198228636601796,206.79447607928026,40.19430632624593,21.250891437950383,0.7210283226241893,7.064831276713432,168.00014052268784,0.31043812015767436,0.030608110641380575,56.323652426100885,69.8416680588303,0.8648309676071795,0.9151354036817239,0.9570032136076821,1.0435121213735195,0.4524473436330124,0.4454718828201294,0.6604479551315308,0.0,0.0,445.36558747803804,0.18304531234710011,0.7403124005674516,0.12089190223605462,0.15048752012104125,0.005320452617408764,0.34405225659454086,0.0007309339512674185,2.7936364334508957e-06,0.0022131728038128707,553.8815216343338,114539.6390763666,5813.070432370286,1162.614086474057,2181.486163780162,25706.19245848419,0.0,550.4972534179688,0.0,0.0,0.0,758.1098307070692,0.0,349.96240779343356,151061.5717093938,13.81131234326376,151075.38302173704,8.680000352585278,6.258526094601934,1.5646315236504835,236377.3067233808,9122672.266533887,87.49649991714043,104263.28224755389
2026-01-01 13:00:00,price_volatile,dynamic_reoptimized,978.6872917976294,0.198803657799284,201.73661267762606,39.52708235592074,20.55251726808659,0.7188845235419795,6.984890946058449,167.18066038189653,0.3349491684049358,0.030095698439490427,54.722968052217226,67.14501671608986,0.8665326349481708,0.9164618284500414,0.9577523772511274,1.043130446253799,0.4467784428880256,0.43827369809150696,0.656488299369812,0.0,0.0,439.51123949391047,0.17972251841186024,0.7242521047406688,0.11798573047066185,0.15121986982131927,0.005192551998013828,0.34025409160183767,0.0006349256617544111,2.6850803866576014e-06,0.002194221868883935,545.3643241527848,110019.95142980565,5877.960175539585,1175.5920351079171,2188.510289759951,26162.819730369753,0.0,583.993408203125,0.0,0.0,0.0,645.096171270938,0.0,265.0503072925455,146918.97354734945,13.482434260799526,146932.45598161026,8.562876657980445,6.1557195064210095,1.5389298766052524,226118.74635308614,9348791.012886973,89.03542979374568,105000.79613861405
2026-01-01 13:15:00,price_volatile,dynamic_reoptimized,992.7371877330988,0.19662738430612078,209.33674416931785,41.79344339261772,20.70119708544963,0.7265431655109943,6.990232250086251,173.45865495893256,0.3381651794334726,0.03197367604111796,59.666893945557604,60.22596735724187,0.8650146107995608,0.9153084247931641,0.9566552293464462,1.043277357296612,0.45164921965302784,0.46787720918655396,0.6571478247642517,0.0,0.0,449.46430572477135,0.19591577264045976,0.8004132861297949,0.12874562382768584,0.1464240602257895,0.005666094904656454,0.36306227474719877,0.000638114672686067,3.156075288566351e-06,0.002243099598968813,509.05789533688215,106564.52240350828,5508.696824512008,1101.7393649024016,2064.9768389215806,26086.381352532404,0.0,722.357421875,0.0,0.0,0.0,1103.8109307065733,0.0,9307.966047172196,152460.45118413042,14.406744015193418,152474.85792814562,8.590721920369713,6.241530298050099,1.5603825745125248,237919.1113623513,9586710.124249324,90.59581236825821,105818.46857645918
2026-01-01 13:30:00,price_volatile,dynamic_reoptimized,955.7383578181968,0.19473447707356842,214.90189328590836,39.92661648103229,20.00119708544963,0.7183450318114831,7.020057997079955,174.24482990083627,0.33526598092063253,0.03133869838704448,57.33858661792371,53.03766617110314,0.8664787323994487,0.9162930605239377,0.9573912737956072,1.0434094036178563,0.4458881620965622,0.4619080722332001,0.6584310531616211,0.0,0.0,441.4414296006157,0.19114446473548122,0.7903723403410279,0.12585545122179725,0.14661315246061,0.005538898408271297,0.3613622633981948,0.0006412606124651457,3.0430075708525684e-06,0.0022198406837543073,517.0963777767159,111124.99059550156,5534.612223180997,1106.9224446361993,2058.1111087432378,25938.095203609417,0.0,538.4529418945312,0.0,0.0,0.0,935.0085766668266,0.0,4392.922201039597,151629.11529527235,13.600886703464797,151642.71618197582,8.190930362563902,5.8839141318616095,1.4709785329654024,223063.1801842517,9809773.304433577,92.0667909012236,106550.61622554286
2026-01-01 13:45:00,price_volatile,dynamic_reoptimized,1002.4879732233429,0.1944605272475818,200.52380571446858,42.32221346989423,19.954740871737876,0.7170863470039114,6.95849420358656,175.2117257550444,0.3357998561147302,0.030296497541708142,37.142666643187454,53.53029155635843,0.8663340074541285,0.9161567452569127,0.9570911233370074,1.043984735919165,0.4455672114735275,0.44177907705307007,0.663232684135437,0.0,0.0,423.57523713413025,0.18555836432267858,0.7686178433388441,0.12306837203351143,0.15550609748290584,0.005416239053194838,0.3682644098541009,0.0006537542640008108,2.8544368096014435e-06,0.002269501872052324,540.2476781627156,108332.52045359313,5430.880493698429,1086.1760987396858,2018.6308533778354,25388.323277791947,0.0,435.0329895019531,0.0,0.0,0.0,688.2965502211229,0.0,2087.6368400213496,145467.49755694545,14.437177484375281,145481.93473442984,8.579500396022645,6.1522425981024895,1.5380606495256224,223760.03903188137,10033533.343465459,93.60485155074923,107190.31307929197
2026-01-01 14:00:00,price_volatile,dynamic_reoptimized,965.4734565448367,0.1959165867301128,212.76787459252813,42.14576424794982,19.929490341144184,0.7259708957496481,6.963959870758068,171.66024056103927,0.343267513523519,0.029648121305806817,64.6743974281964,35.518465791673975,0.8665463402800568,0.9162781367549482,0.9578453683222061,1.0420307279933612,0.44701729441225274,0.43581897020339966,0.6555265188217163,0.0,0.0,426.34732028584494,0.1792430293972634,0.7356043376275724,0.11749855908384663,0.15210549011348237,0.00517111158528009,0.3493114804995553,0.0006082627839431583,2.674499177965722e-06,0.002196377007078436,542.8841060383933,115508.2973918536,5725.54900611847,1145.109801223694,2132.474962241303,26274.564894602707,0.0,744.3621215820312,0.0,0.0,0.0,553.8415674498071,0.0,3238.585393706541,155322.78513877813,14.513271972980279,155337.2984107511,8.324591146772534,6.043410891572047,1.5108527228930118,234691.7802707276,10268225.123736186,95.11570427364224,107955.09744842042
2026-01-01 14:15:00,price_volatile,dynamic_reoptimized,973.1034698135888,0.19695939307742383,206.52790028693855,41.721728312523226,19.582894418450124,0.7182714131738415,6.963454581929328,170.81241058541383,0.33450493003738013,0.03013804370761154,64.0731587376502,37.3814978088264,0.8681519988157997,0.9174396102995118,0.9580902837398146,1.0428388170900411,0.4398408712590263,0.4462410509586334,0.6593454480171204,0.0,0.0,425.9982366587629,0.18231968914596985,0.743308175798017,0.1202116571222916,0.1491756178642533,0.005290515029952054,0.35767010224661905,0.0006363605402348431,2.752110127319296e-06,0.00219400373199547,535.508616140026,110597.47007696374,5591.7449835406405,1118.348996708128,2061.7728501134684,25832.782573030996,0.0,520.8407592773438,0.0,0.0,0.0,654.0899402178749,0.0,199.40024863122537,146576.45042848343,14.471359611351026,146590.92178809477,8.435038846593025,6.0586472725186225,1.5146618181296556,222035.67211685778,10490260.795853043,96.63036609177189,108560.70633003938
2026-01-01 14:30:00,price_volatile,dynamic_reoptimized,925.1847137422158,0.19541296868173688,207.14899247749122,42.959209026050715,19.33855602856855,0.7222994755087109,7.019971596395038,169.9217157036187,0.34325752389648334,0.030406284118415887,41.91280916522566,56.81403028530439,0.8682746573867892,0.9176142184967938,0.9578714135462192,1.0434972880260416,0.4388570732045791,0.4403555393218994,0.6595844626426697,0.0,0.0,421.5780992874056,0.18158179229408677,0.7475962234599838,0.11976852889598809,0.1522129002020059,0.005271012956712436,0.36008790164838916,0.0006133691201431138,2.7886528553118854e-06,0.0022146993800825497,537.061315600825,111251.71042534683,5554.199379775099,1110.8398759550198,2045.087748745964,25805.302932200106,0.0,589.9755249023438,0.0,0.0,0.0,712.5082674629795,0.0,3282.60832799698,150352.23248238533,15.138985237756252,150367.37146762307,7.956703956533403,5.747123094582162,1.4367807736455405,216044.94830829784,10706305.744161341,98.06714686541743,109173.21535676115
2026-01-01 14:45:00,price_volatile,dynamic_reoptimized,942.1440317638595,0.1909247742635789,213.89386410220962,40.38165648448767,19.15593514484325,0.7202971721815618,6.9590488130459,169.96427477311028,0.3034104526519336,0.031065095262406563,65.54959546114324,55.524722746203274,0.8684352217510162,0.9171219235698869,0.9579966994043891,1.0424010606478658,0.43693868592143215,0.4506126046180725,0.6659892797470093,0.0,0.0,444.00644027625606,0.18132664354575162,0.7683601150700186,0.1207616007339778,0.14723267971082285,0.005314718048302363,0.34473346759536494,0.0007491133755212918,2.9167056055697646e-06,0.0021819143707636217,552.0414112706599,118078.27060111854,5801.583507254723,1160.3167014509447,2130.3885534557944,25076.283538668376,0.0,442.40185546875,0.0,0.0,0.0,866.5897754666604,0.0,1758.2184711925445,155314.05300407633,14.330809038381688,155328.38381311472,7.916458796250774,5.702202884631283,1.4255507211578207,221428.48956106446,10927734.233722406,99.49269758657526,109834.53558703091
2026-01-01 15:00:00,price_volatile,dynamic_reoptimized,972.4956784918429,0.19184732260442158,223.15005848379909,39.92429571333369,18.460965106891756,0.7213757899630414,6.942197539316218,167.715608074033,0.32490863745370036,0.030826577707065123,64.5714212053202,30.00163889484751,0.870440782239567,0.9189001438175156,0.9589852816888236,1.041702470719833,0.43139559479074935,0.4493413269519806,0.6627414226531982,0.0,0.0,413.2327154408305,0.17851114247781547,0.7519324024335451,0.11830672852519519,0.14498250163202436,0.00520667912239384,0.36287629977451247,0.0006540774350461563,2.8326201049458506e-06,0.0021424173976796464,537.6416304955086,119974.76128839784,5511.520044827339,1102.3040089654678,2007.9884496043298,25444.205373238277,0.0,515.6978759765625,0.0,0.0,0.0,809.0653331701127,0.0,888.6193347773137,156254.16170895725,14.65673210555893,156268.81844106282,8.210976162094969,5.92319941529896,1.48079985382474,231402.84350489065,11159137.077227296,100.9734974404,110515.50515831167
2026-01-01 15:15:00,price_volatile,dynamic_reoptimized,963.0195832680317,0.1899525290322456,212.75768085289994,38.695398067946066,18.441549593718708,0.7161618041736708,7.002338069847465,171.49964104125337,0.3209697014480375,0.032,63.49563198714808,52.505057419233594,0.869804890443501,0.9177836194040184,0.9587719423747461,1.0410464858092763,0.43190952001587823,0.45700693130493164,0.6610227227210999,0.0,0.0,441.8500073847631,0.18761807100842454,0.8000503467098353,0.12401980812966944,0.14735421190005943,0.005458111755786752,0.355762398867121,0.0006886199114464607,3.128652718986595e-06,0.0022081700744584405,531.3043719834724,113039.08601021004,5621.729576730816,1124.345915346163,2049.642972777648,25640.364969868224,0.0,456.0474853515625,0.0,45.543684113294574,0.0,1111.111111111111,0.0,8009.275284463161,157097.14700997202,14.177134472756,157111.32414444478,8.050661515424537,5.765576275677975,1.4413940689194937,226459.33078189075,11385596.408009186,102.41489150931949,111171.2978475706
2026-01-01 15:30:00,price_volatile,dynamic_reoptimized,968.6260809748084,0.1949525290322456,213.45646184010297,38.55973862241734,18.392229442325995,0.7215673048500373,7.058763231014548,170.54688166314585,0.2897347358675043,0.0309923493685318,65.94602141675433,67.97887644117884,0.8710620404434085,0.9191723221460223,0.9595572313978589,1.0407037056533266,0.4295712811210736,0.4484427571296692,0.667570173740387,0.0,0.0,457.96397301791035,0.18546494928934457,0.7658260262128705,0.1238108684198398,0.15227981751811895,0.00544891631915715,0.342666234109181,0.0008327979853272224,2.9112515609915156e-06,0.002246461012943201,565.6482994600607,120741.28464861559,5836.583243164706,1167.3166486329412,2120.8804954338066,24898.49302261462,0.0,437.3539733886719,0.0,0.0,0.0,848.8359321459561,0.0,1461.8532343238608,157512.60119832013,14.18601932276548,157526.7872176429,8.310676944637517,5.996712764421436,1.499178191105359,236160.72391158468,11621757.131920772,103.91406970042485,111840.07291241002
2026-01-01 15:45:00,price_volatile,dynamic_reoptimized,945.7235926899947,0.19349522941273492,223.87550659943363,40.39475761404857,18.634671688839813,0.7203656702697833,7.03244444071709,166.6668676523832,0.3411705397684903,0.032,47.770038170168014,70.32682389362252,0.8711935703152931,0.9190944894875825,0.9595372887405907,1.0407488818451238,0.4283028879416106,0.4437151253223419,0.6552457809448242,0.0,0.0,434.76391060331855,0.18570318122758386,0.7739850924421581,0.12168122600740641,0.1525515478819056,0.005355190756585956,0.3547430916601437,0.0006249141647608531,3.039119258588907e-06,0.0022317762151730044,534.0107624878675,119551.92998152117,5637.882870784895,1127.576574156979,2044.9587899354142,26307.244478404828,0.0,636.0894775390625,0.0,45.543684113294574,0.0,1111.111111111111,0.0,10164.34856947673,166626.6855370435,14.635182043265335,166641.32071908677,8.053522085293087,5.801480835004657,1.4503702087511643,241691.6071179116,11863448.739038683,105.36443990917601,112594.42701223448
2026-01-01 16:00:00,price_volatile,dynamic_reoptimized,959.7514389007775,0.18979361666008163,224.3701644779233,40.03214089422715,18.07955874084011,0.7178295074368827,7.02300815785194,180.0,0.3268142413953444,0.030835382853114355,39.67144046469837,49.20462859032108,0.8752533766771304,0.9218191967517817,0.961187515490257,1.0397930098050532,0.4130025416062621,0.4428454339504242,0.6621388792991638,0.0,0.0,430.87606905501946,0.1896461386284115,0.8095379398030059,0.12557208169483025,0.1579852688514287,0.00552642731538948,0.36938952546676107,0.0006970457169699334,3.0427217300514996e-06,0.0023066381976204454,544.0633640376628,122071.58647554267,5414.338691582544,1082.8677383165088,1920.7979500067277,25512.859255330462,0.0,465.21722412109375,0.0,12.503235860962953,0.0,811.1537977196133,0.0,8915.497783529412,166206.82215201,14.708492778062917,166221.53064478806,8.016628201049459,5.754572272863956,1.438643068215989,239133.45285037594,12102582.191889059,106.803082977392,113316.78688012148
2026-01-01 16:15:00,price_volatile,dynamic_reoptimized,946.4378719517506,0.1884100190498051,232.23596870043778,37.630212440573516,18.15114159100475,0.7203000514235784,7.048175834028366,172.8246944957104,0.32759892921856876,0.029162344738177186,64.2212683777067,59.88320895853751,0.8742006633469093,0.9207726998729514,0.9605176219834285,1.0397646314945896,0.4156545330105673,0.42865413427352905,0.6615422368049622,0.0,0.0,452.47139687809397,0.17094156625008594,0.7363085578042354,0.11308506610002549,0.1507291772681829,0.004976873759062122,0.31678016610540916,0.000645828461870697,2.6055147039767712e-06,0.0021461578711639566,561.515518180486,130404.10030497344,6313.52658403019,1262.705316806038,2248.5016126103596,25580.964023527864,0.0,517.8726196289062,0.0,0.0,0.0,462.670194371279,0.0,272.6892773131858,167063.02993326128,13.830279677946086,167076.8602129392,7.847791793065837,5.652764832106859,1.4131912080267148,236111.54991763414,12338693.741806693,108.21627418541871,114018.83713595118
2026-01-01 16:30:00,price_volatile,dynamic_reoptimized,916.3309089136184,0.19064026663626685,230.73260908091336,37.336640940234695,17.895678838166752,0.7214591244054331,7.023536420711115,179.01784181540634,0.3277815084512577,0.030662522618657373,66.96105295953487,30.091764998056505,0.8740671984888455,0.92142816291457,0.9604846474440986,1.0414425372599938,0.4176106879167704,0.4645030200481415,0.6638694405555725,0.0,0.0,437.1867174068634,0.1884186037160297,0.799888029197208,0.12508535303922275,0.14420320680356316,0.005505006387256193,0.3626463880086979,0.0006584510311391272,2.991050209744012e-06,0.002190244594181534,518.0169603675507,119523.40481376907,5515.01425667593,1103.002851335186,1969.7290226872706,25316.01388091685,0.0,497.4862060546875,0.0,0.0,0.0,770.6459660437688,0.0,7236.7891571520395,161932.0861546348,13.949527055436228,161946.03568169023,7.688087922991201,5.546641181273217,1.3866602953183043,224564.13766400123,12563257.879470695,109.60293448073702,114625.19629598712
2026-01-01 16:45:00,price_volatile,dynamic_reoptimized,954.6237223130045,0.19403671762729957,240.0694948099832,38.64294560875727,17.651060989657,0.7212285192340008,6.916647835280285,170.13318512783746,0.33604570656249705,0.031142005300217167,33.139725685615375,58.72908596563805,0.8745723158007557,0.9212134066465092,0.9608273931981894,1.0390901836096589,0.4156456401983287,0.4261791706085205,0.6584420800209045,0.0,0.0,415.1218633941446,0.18514396226507657,0.7689872036112049,0.12190657561712888,0.16413878751749925,0.005365108392909842,0.37221629439713805,0.0006691802084439722,2.933542095769219e-06,0.0023260800792019175,558.8319210295667,134158.4969652605,5373.219899572935,1074.643979914587,1913.5956069840947,25936.82347642874,0.0,591.3209228515625,0.0,0.0,0.0,885.5597171585089,0.0,2568.295177248909,172501.95574541984,14.597831939749637,172516.5535773596,8.152062680994351,5.879500096116314,1.4698750240290785,253577.77333493525,12816835.65280563,111.0728095047661,115391.29792386915
2026-01-01 17:00:00,price_volatile,dynamic_reoptimized,948.9855812091585,0.18903671762729957,239.47873355576232,39.13731883605391,17.701847787485047,0.7215499794752017,6.992258909700603,173.38524919953755,0.3081822519332134,0.031023791081514367,45.37559629552879,70.33017428173018,0.8762408161391543,0.9220878394243264,0.9619662815076673,1.0381481326978867,0.40938981272684877,0.4311315417289734,0.6613062024116516,0.0,0.0,445.13774405638037,0.1831152649535492,0.7855235052065289,0.12109526047003503,0.15978249666275293,0.005329402413286242,0.3448074029938998,0.0007637927748859511,2.968181641004459e-06,0.002284150625876609,572.4678577090779,137093.87756555033,5800.339501514077,1160.0679003028154,2046.8394793960065,25607.940493617007,0.0,544.3970947265625,0.0,0.0,0.0,856.4868256382076,0.0,2079.909664319836,175189.85852506483,14.662286682520238,175204.52081174735,7.89509118247971,5.696702880673081,1.4241757201682703,249522.024603807,13066357.677409437,112.49698522493436,116148.51412492206
2026-01-01 17:15:00,price_volatile,dynamic_reoptimized,937.439047383671,0.18708788291824047,251.26912039950122,39.412112749847545,17.865484340489246,0.7239814390380274,7.055251372651693,161.77607228156742,0.32057408190533654,0.030935557089615724,58.01919987707178,33.85090158978488,0.8775241479631672,0.9232845871337865,0.9621840893606872,1.0396112928531,0.40400376748904704,0.43488073348999023,0.663935124874115,0.0,0.0,399.24463880183475,0.16858981610421894,0.7325044503619066,0.11193270060765868,0.14545442185550528,0.004926158153743059,0.355354439457405,0.0006542250616296366,2.7539267895444157e-06,0.0020933943195309878,558.3201395717155,140288.6103715117,5628.183520244813,1125.6367040489627,1970.325512909583,25308.56272964955,0.0,540.833984375,0.0,0.0,0.0,835.1033358215091,0.0,1249.4826056681165,176946.73876422923,14.585910239043733,176961.32467446828,7.718627251423135,5.588142864883455,1.3970357162208638,247221.2909599886,13313578.968369424,113.89402094115523,116894.45028240816
2026-01-01 17:30:00,price_volatile,dynamic_reoptimized,933.1111696544083,0.1891424570577413,239.23435588990372,39.74938303038353,17.498944722274114,0.7257536241738964,7.073215144905479,168.75031792102322,0.31208731480457974,0.030177035047428295,48.33156506341427,38.36834255241156,0.8773831448677931,0.9229650471776732,0.9621801962697534,1.0383076852373143,0.4048707924177594,0.42541468143463135,0.6626467108726501,0.0,0.0,407.32551166577,0.1734808284789557,0.7436820848382889,0.11495650039104238,0.15526572137942662,0.005059235582209776,0.3577138691160603,0.0007191068442554576,2.729073937301924e-06,0.0021971411957504117,576.9601091926656,138028.68009687588,5591.060824513628,1118.2121649027256,1959.8502731998042,25454.988577781045,0.0,597.3720092773438,0.0,0.0,0.0,662.4264232145396,0.0,0.0,173412.590369765,15.031797169655938,173427.62216693466,7.767366240197502,5.637194199109309,1.4092985497773272,244411.29641119126,13557990.264780616,115.30331949093257,117585.4288032602
2026-01-01 17:45:00,price_volatile,dynamic_reoptimized,956.9252859416847,0.18482133332524797,246.62537407920377,37.57560477847592,17.33729598515245,0.7217489768754664,7.0267820625753625,171.93601129831413,0.3328701985451411,0.032,40.453664225348916,45.5417457449255,0.8804810160519639,0.9252195117862232,0.9634998640321024,1.0377557293195465,0.3937751480462223,0.4409257173538208,0.6608323454856873,0.0,0.0,412.67383143707127,0.18317465941663916,0.8078815927211993,0.12104773981583958,0.153483173332746,0.0053273110292951,0.3717864956675716,0.0006529944723285895,3.138779974236535e-06,0.002231885956561494,542.1157490116468,133699.49939422513,5379.431537471108,1075.8863074942215,1854.6293692835004,25662.15597883887,0.0,556.6248779296875,0.0,45.543684113294574,0.0,1111.111111111111,0.0,8094.085969856323,177478.96823032325,14.147689641157042,177493.11591996442,7.783617720649403,5.617818126268456,1.404454531567114,249281.01097576108,13807271.275756378,116.70777402249968,118306.35440870051
2026-01-01 18:00:00,price_volatile,dynamic_reoptimized,946.9674211869713,0.18919656300992374,271.2879114871242,38.093567870561884,17.65491178943297,0.7192997172269828,7.003743813815608,170.57839899301666,0.33451568610941124,0.032,64.0328022196624,30.892451193373848,0.879360968203134,0.9237463408925833,0.9631956282393324,1.036054677282352,0.39708748652708215,0.4396391212940216,0.6584357619285583,0.0,0.0,419.02421149976794,0.18598311096555545,0.7969979481709563,0.12245793137444912,0.15608401153440887,0.005389373559789506,0.37041763760236496,0.0006569355715918619,3.1122539396825113e-06,0.0022650703129795196,542.7566128159265,147243.30793665838,5399.310931697468,1079.8621863394935,1870.7829099975372,25937.55213652126,0.0,555.6634521484375,0.0,45.543684113294574,0.0,1111.111111111111,0.0,8200.879619296167,191444.01396788316,14.121564218451693,191458.13553210162,7.884962810135325,5.671651519675615,1.4179128799189038,271470.956336226,14078742.232092604,118.12568690241858,119184.42636208999
2026-01-01 18:15:00,price_volatile,dynamic_reoptimized,932.4359487577577,0.1911137448495973,298.4167026358366,35.80795379832817,17.78414430100529,0.7193079976251489,7.032786395810408,173.84936804813745,0.35,0.03170957746600928,67.65870193969107,32.65893386764941,0.8809809938770334,0.9255712453465692,0.9641438880801501,1.0367125767601777,0.39321016001483083,0.4449833035469055,0.6570250988006592,0.0,0.0,430.6314350988016,0.18971308375878018,0.8029224556660318,0.12464625760039028,0.15546820199135342,0.005485681796993176,0.36687436837293524,0.0006090813567617446,3.1122139985566232e-06,0.0022780932842748395,526.8783283455068,157229.2934351478,5451.457426338815,1090.291485267763,1877.8596320882905,26100.59355612221,0.0,581.8743286132812,0.0,31.797978567361334,0.0,1031.902512229134,0.0,15678.39392079186,209073.46427516648,13.133199760286756,209086.59747492676,7.842640357237216,5.641273931458484,1.410318482864621,294878.6929381644,14373620.925030768,119.5360053852832,120245.116763793
2026-01-01 18:30:00,price_volatile,dynamic_reoptimized,934.1864783620211,0.19004141261527677,300.0,37.95643102622786,17.17189520010616,0.7245964473845207,6.9743834095251955,167.57901327279313,0.3209492968171594,0.030415852618286828,46.12378665227962,32.360908066926974,0.8791184487433562,0.9244649476642894,0.9632904489574521,1.0377510074744438,0.40016295253759154,0.42547887563705444,0.6598404049873352,0.0,0.0,396.88481993751356,0.1745111082983507,0.7437339012661011,0.11514948037437245,0.15548553106294796,0.005067728631276132,0.36774040539955993,0.0006861233725694647,2.7541207515782813e-06,0.0021999218422482955,570.0382845562697,171011.4853668809,5438.619119992935,1087.723823998587,1893.100296886572,25775.899175134153,0.0,629.0016479492188,0.0,0.0,0.0,714.6382781176725,0.0,79.86607272296663,206630.333781683,14.528516347359183,206644.86229803035,7.813276532916345,5.661472418184029,1.4153681045460071,292478.54706493387,14666099.472095702,120.95137348982921,121256.1631086312
2026-01-01 18:45:00,price_volatile,dynamic_reoptimized,944.6751985789566,0.18568715824774484,300.0,36.94798349451524,17.44213667030463,0.7209248569058124,6.994000643009951,170.61763664593002,0.33753132444941114,0.03026062770360879,46.87662793378802,62.279615390591886,0.8794638513822924,0.9244933788487273,0.9638321471335711,1.0364288295675785,0.39957291116152266,0.41802534461021423,0.653486967086792,0.0,0.0,433.329752951647,0.17268131507741208,0.7572415119998264,0.11284498886249675,0.15710272352962099,0.004966307959838482,0.3300711946712513,0.0006264717794809249,2.7762237623296404e-06,0.002194809453333404,568.6432415013797,170592.97245041392,6059.2988188260015,1211.8597637652001,2107.2903023262984,26512.62001887685,0.0,682.1802978515625,0.0,0.0,0.0,680.4767229721159,0.0,832.3987725635214,208679.0971475955,13.901272351902184,208692.9984199474,7.7199724765459345,5.5655200529706885,1.3913800132426721,290371.2669051994,14956470.739000902,122.34275350307188,122250.56499668665
2026-01-01 19:00:00,price_volatile,dynamic_reoptimized,952.2513713467799,0.18913767688599015,300.0,39.16486250418616,17.858092949201467,0.7206081504847299,6.9863560200067685,174.50850474069495,0.33381108155002126,0.032,39.421809619953024,30.388955691080074,0.8794757937714426,0.9244091652080274,0.9636604397643097,1.0366024813102201,0.39883884035692624,0.4390747547149658,0.6548206806182861,0.0,0.0,401.37692431835353,0.19017847094037768,0.8152869533066144,0.12453279578012307,0.15909270179822446,0.005480688342283217,0.3932558517802639,0.0006715411859161438,3.1839530227562556e-06,0.002306784000216571,544.0026786696277,163200.80360088832,5085.74758886874,1017.1495177737481,1766.7693712016937,26356.782062517726,0.0,649.1991577148438,0.0,45.543684113294574,0.0,1111.111111111111,0.0,9246.327936438523,208479.43403062804,14.396367918996768,208493.83039854703,7.926492002395124,5.711894741677954,1.4279736854194884,297723.703381439,15254194.44238234,123.77072718849136,123245.57501509717
2026-01-01 19:15:00,price_volatile,dynamic_reoptimized,936.7900972441786,0.18947419400382506,300.0,36.814970753934986,17.956048118838847,0.7183474316901656,7.026610457960503,180.0,0.3378333840955027,0.030661091731635174,45.7671470063772,51.61356538279904,0.8826717667809205,0.926910508498301,0.9648189207648157,1.0368536542110032,0.3871437685639786,0.4390812814235687,0.6571111083030701,0.0,0.0,439.3807123891762,0.18827457774696238,0.8053599294055477,0.12371731644859899,0.1580467167628036,0.005444799096902842,0.3568891614247943,0.0006531194773523442,3.007606407290808e-06,0.002291823847925176,541.4251066419862,162427.53199259585,5603.98077659596,1120.7961553191922,1912.7213518653894,26090.632722859416,0.0,562.4830932617188,0.0,12.503235860962953,0.0,770.3149836329596,0.0,9376.075661323248,207877.0399733147,13.288960631564946,207890.32893394626,7.8116671150349095,5.611491009303853,1.4028727523259632,291643.677933515,15545838.120315855,125.17359994081733,124194.22408292165
2026-01-01 19:30:00,price_volatile,dynamic_reoptimized,946.8582499109409,0.18590407357880462,300.0,37.24867217161688,18.060180880024433,0.7251068778939147,6.984757817762538,173.85039239828666,0.32832169073906536,0.032,54.416695872676115,53.57724785176308,0.8807880870139997,0.9253979672841831,0.964330912491997,1.0364470887494286,0.3943206200005493,0.4415643513202667,0.6561098694801331,0.0,0.0,438.30968928118386,0.18619186452685066,0.8153198592652091,0.1221623199329746,0.15449571011051297,0.005376363700250212,0.35326454868277807,0.0006746060446555948,3.173193712544353e-06,0.002250479809948354,544.6541959540821,163396.25878622461,5661.479498742302,1132.2958997484604,1953.4749449774436,26206.748786780736,0.0,714.0884399414062,0.0,45.543684113294574,0.0,1111.111111111111,0.0,8725.67973810906,208946.68088974844,13.524446013034146,208960.20533576148,7.746851701503838,5.617295450784608,1.404323862696152,293447.80270689767,15839285.923022753,126.57792380351349,125134.66366860327
2026-01-01 19:45:00,price_volatile,dynamic_reoptimized,960.3220549118464,0.19078582063085686,300.0,35.2193537140431,18.102759809537567,0.7192154147342272,7.041631685580363,174.20534854064994,0.32842359350098926,0.032,63.67469400495892,52.897077472288686,0.8783171058065251,0.9233769583789024,0.9632609956767513,1.0368140081925181,0.4023705979483115,0.4417814016342163,0.6566992998123169,0.0,0.0,447.5619337044825,0.19146490647825556,0.8120574721080629,0.12573487002290118,0.15887391965857672,0.005533591629707881,0.3560790740546192,0.0006936385999334157,3.177733145669189e-06,0.0023152342296147714,544.3210782890502,163296.32348671506,5616.729950531209,1123.3459901062417,1961.545827203274,26138.348273387648,0.0,586.2393188476562,0.0,45.543684113294574,0.0,1111.111111111111,0.0,8933.070232519289,208812.25787453481,12.804995102212768,208825.06286963704,8.063328736228929,5.799270321165301,1.4498175802913253,302758.2473538411,16142044.170376593,128.0277413838048,126082.39429910402
2026-01-01 20:00:00,price_volatile,dynamic_reoptimized,925.2449731498052,0.18722319805844598,300.0,37.33251493688569,17.769041721178255,0.7222714746256801,7.032182360995916,167.15350324346204,0.3323874828867832,0.032,51.70998776791667,36.03975547016644,0.880683294360125,0.9253715261417564,0.9644777888188304,1.0364360674447435,0.3951165323457379,0.4362630844116211,0.6560457348823547,0.0,0.0,405.341399400661,0.18033190280412265,0.7828248099989965,0.11830597569786401,0.15287437378648627,0.005206645990462995,0.3699385376057142,0.0006469068136802905,3.050499114157405e-06,0.002205408004265616,548.4078084606159,164522.34253818478,5406.30347123129,1081.260694246258,1867.6648237604297,26214.198708213902,0.0,657.8778686523438,0.0,45.543684113294574,0.0,1111.111111111111,0.0,8014.653338775437,208920.95623828884,13.756203739738181,208934.71244202857,7.6237344790953365,5.5064059443708295,1.3766014860927074,287619.835644049,16429664.006020643,129.4043428698975,126963.77603446391
2026-01-01 20:15:00,price_volatile,dynamic_reoptimized,921.2470540842414,0.19222319805844598,300.0,36.94704873964083,17.899849449286492,0.7223853377797246,6.975143301158447,174.83976356807028,0.284089029847143,0.03131028176702582,60.493514893427225,29.00225755322822,0.8806529833543925,0.9252358487911768,0.9642198586354518,1.0358445892788408,0.39503463572618597,0.4398941099643707,0.6660829782485962,0.0,0.0,421.691323225989,0.18946770052086886,0.7961607916842441,0.12620121024485342,0.1606887733836254,0.005554115262875999,0.3793260870229128,0.0008933401940901199,3.0489581074692263e-06,0.0023334126478173982,581.5150833478654,174454.5250043596,5272.508452283673,1054.5016904567347,1821.2193803414953,25065.72248921658,0.0,475.4934997558594,0.0,0.0,0.0,927.7815887727453,0.0,4327.009850428664,213398.76195561537,13.51750148879904,213412.27945710416,7.793513267821162,5.629919714465755,1.4074799286164388,300373.4998561565,16730037.5058768,130.81182279851396,127893.92539576213
2026-01-01 20:30:00,price_volatile,dynamic_reoptimized,967.3094067884535,0.1913600974129737,300.0,37.154204695348454,18.59984944928649,0.7180177258380311,7.04598412705913,172.01999710545564,0.3260441444313541,0.030188721610137505,57.66624384904346,28.561578815286964,0.8774004944086712,0.9230998901970128,0.9630250066198051,1.0374098661585123,0.4069318715873864,0.42898058891296387,0.6569249629974365,0.0,0.0,413.06581716469617,0.1788278398081245,0.755644996949246,0.11747647204886369,0.1563738491196276,0.0051701395348704915,0.3604752860605293,0.0006762518492700314,2.7832492728139045e-06,0.002228601693059025,562.3903904316393,168717.1171294918,5548.230564866434,1109.6461129732868,1950.7832399162096,26112.19365429277,0.0,559.8483276367188,0.0,0.0,0.0,664.9353327740096,0.0,165.56888712280127,204828.323249074,13.187275535862385,204841.51052460985,8.146445625930184,5.849292361993567,1.4623230904983917,299544.4707327063,17029581.976609506,132.27414588901235,128744.599801828
2026-01-01 20:45:00,price_volatile,dynamic_reoptimized,986.9281277498005,0.18667981104433487,300.0,37.45182393961121,18.438022294585686,0.7230242858775523,6.980848051882887,162.94979276256822,0.3274255285701011,0.03132032531843683,31.663421253478944,49.527576977957914,0.876666586262396,0.9228852888252533,0.9628805377480663,1.0378277669935432,0.41070944103556645,0.4132211208343506,0.6584250330924988,0.0,0.0,390.79560448031646,0.17147256806189914,0.7470276724013603,0.1129018313006117,0.16032193585012658,0.004968809595539921,0.3661804654682534,0.0006696385045760269,2.8453962220984773e-06,0.002223215196205758,582.7752183547357,174832.5655064207,5461.787803023571,1092.357560604714,1931.118356553336,25938.78951588366,0.0,625.9599609375,0.0,0.0,0.0,930.3326869400562,0.0,3014.21176047426,213827.1231508378,13.510518151400913,213840.6336689892,8.108382877281592,5.862557739468296,1.465639434867074,313413.26548223436,17342995.24209174,133.73978532387943,129677.15777389635
2026-01-01 21:00:00,price_volatile,dynamic_reoptimized,956.2894501191286,0.1913034685597999,280.473068674072,39.19382406981944,18.850963891372647,0.7210433903769727,7.013776054022805,173.3359860989986,0.3321967613708588,0.030784958259799506,27.90014696546239,61.20008193194761,0.8767878072190269,0.9231768750818158,0.9627473816872412,1.037917001540583,0.41075224753958695,0.42020276188850403,0.657383143901825,0.0,0.0,418.4386024855073,0.18366421197673813,0.7763621840685009,0.12073775709151932,0.16659438738834315,0.005313668689597766,0.3657254788430185,0.0006867271084252904,2.919573387023205e-06,0.002338786451848013,569.9326229331722,159850.7516915296,5468.582627404164,1093.7165254808328,1933.6425224689272,26059.1452090337,0.0,607.8944091796875,0.0,0.0,0.0,799.2301838059294,0.0,1246.7336511653912,197059.6968200682,13.79641641368493,197073.49323648188,8.051254920104604,5.805304144381506,1.4513260360953766,286017.89175837225,17629013.133850113,135.1911113599748,130400.68209003145
2026-01-01 21:15:00,price_volatile,dynamic_reoptimized,965.9205312231894,0.1939806651962124,278.83710735417566,40.30443056681485,18.728484510027446,0.7205280080550988,6.9311678658933795,180.0,0.30773769536231405,0.030904546690996015,64.11405805512935,47.791789732509905,0.8766949964554223,0.9233250151350434,0.962838384310264,1.0379039159667913,0.4120674850027309,0.44678542017936707,0.6619162559509277,0.0,0.0,453.9058477876393,0.19416502141665254,0.8067409007202722,0.12852098401274234,0.15913607545648192,0.0056562085064007905,0.3588823668571798,0.0007847903953101915,3.0550705467935884e-06,0.0023412019943092302,553.2058191676033,154254.3103881917,5572.856692610692,1114.5713385221384,1974.3243185999536,25538.256615511847,0.0,515.3005981445312,0.0,12.503235860962953,0.0,827.652170280278,0.0,9140.553472401221,198950.3288301233,14.299444944811285,198964.6282750681,8.246149614699272,5.941581756003586,1.4853954390008965,295541.151362295,17924554.28521241,136.67650679897568,131145.83263073815
2026-01-01 21:30:00,price_volatile,dynamic_reoptimized,956.7891322225871,0.19227307211798356,289.7097463764046,39.73592936642059,19.408732335886675,0.7157969112221301,6.952327267053454,173.94702056093666,0.34106894068606314,0.031685265664536756,27.479132854995434,39.838165621474324,0.8736339753318842,0.9213453233048375,0.9615038587933151,1.038994745181712,0.4234762630569698,0.43271857500076294,0.6571020483970642,0.0,0.0,397.81663754224945,0.19057943410814987,0.8005644283329276,0.1252301365348186,0.16417305475318608,0.005511378308897367,0.39899712660807646,0.0006602449501579168,3.108367672305999e-06,0.002356693976678179,547.9658853454041,158751.05766633904,5012.567426242504,1002.5134852485006,1805.5651671068097,26091.68183537105,0.0,516.7626342773438,0.0,0.0,0.0,1025.404658585201,0.0,8292.807496810372,202498.3603699808,13.668812932860986,202512.02918291365,8.096290224005816,5.795299534701291,1.4488248836753228,293404.46712378843,18217958.752336197,138.12533168265102,131894.4072778247
2026-01-01 21:45:00,price_volatile,dynamic_reoptimized,981.3695688021368,0.1895071082672731,280.86408900646245,42.084466989016434,19.71175846373789,0.7233638662053874,6.982726611492012,172.30405739460048,0.34140636134049945,0.032,58.476973158007,56.00075906190289,0.8742306736339045,0.9215098596953188,0.9617248264206933,1.0389781033896992,0.42020598423783495,0.4492758512496948,0.6540206074714661,0.0,0.0,441.8554412696508,0.18786583277459928,0.8034287457408501,0.12286812607437628,0.15061224402032006,0.0054074262285333,0.35245435686899107,0.0006229627495546455,3.143316762202794e-06,0.0022275688460117646,527.7325647589349,148221.1260400622,5674.49362171854,1134.898724343708,2034.346319270685,26450.190450889466,0.0,721.2733154296875,0.0,45.543684113294574,0.0,1111.111111111111,0.0,10398.247151975924,195791.23041891467,14.2530785556763,195805.48349747036,8.184826166599773,5.920607500090632,1.480151875022658,289821.85353849886,18507780.605874695,139.60548355767367,132572.01747543665
2026-01-01 22:00:00,price_volatile,dynamic_reoptimized,958.9780350413721,0.1892976347960112,252.77768010581622,39.64314691522348,19.39565192354505,0.7190680305418055,6.933058959627987,167.95876206785746,0.35,0.02996912150528987,50.94281346286215,48.38097156257062,0.8739779092301406,0.9211272527666015,0.9615772259143366,1.0385726127483448,0.4206965723163329,0.4215824007987976,0.6527157425880432,0.0,0.0,418.445432954362,0.17135951023864537,0.733838443832957,0.11184904997494081,0.15345863308539012,0.0049224766893971456,0.3387952585686357,0.0005776289725065502,2.6776832694936e-06,0.0021604547052069562,556.7850360544136,140742.8297314679,5903.27033633744,1180.654067267488,2117.870356983242,26603.024467815136,0.0,660.394287109375,0.0,31.797978567361334,0.0,618.583533765868,0.0,8000.0,185858.4247593138,13.641118428508706,185872.0658777423,7.989235372343503,5.74480374472597,1.4362009361814925,266949.6350236015,18774730.240898296,141.04168449385517,133114.7618399032
2026-01-01 22:15:00,price_volatile,dynamic_reoptimized,967.1707641907108,0.19334519127063182,227.4999120952346,38.983218655811044,19.876356377578055,0.7197798904603002,6.942854745110219,165.53181492542873,0.3204953216415631,0.030798348126724044,66.2104485945466,57.83274348731826,0.8709973374633984,0.9193790281239538,0.9604324895602718,1.0398258133760225,0.4324906859092565,0.4301217496395111,0.6576269268989563,0.0,0.0,438.5536404401795,0.1772000713981285,0.7392505520354956,0.11653153839982688,0.15439532131973516,0.005128553004976381,0.3367942092444379,0.0006900416059940929,2.7897714696065045e-06,0.002207059886264551,565.4404392261137,128637.6502190317,5938.344380940479,1187.668876188096,2166.873103260397,26030.950003484955,0.0,579.448974609375,0.0,0.0,0.0,802.3877995161861,0.0,827.290562230161,166170.61391926135,13.207108475502668,166183.82102773685,8.229773899491848,5.92362575588928,1.48090643897232,246102.69061299914,19020832.931511294,142.52259093282748,133458.37180630563
2026-01-01 22:30:00,price_volatile,dynamic_reoptimized,969.7492495262796,0.19722704339809732,204.74992088571116,40.66318599122928,20.479621136807065,0.71664820643679,6.917666747284929,164.61265922981462,0.32851624313814115,0.03003116661764892,62.231808668101536,69.30688108638309,0.8703034506220877,0.9188033627524129,0.9601767861343158,1.0397179716005613,0.4349469403241705,0.4227052330970764,0.6535718441009521,0.0,0.0,444.3027422911324,0.175192170957499,0.7130399490114977,0.11450067024474189,0.15637525292710638,0.005039174497471091,0.32664265086185573,0.0006610961816446851,2.632735320752875e-06,0.002207707787596868,569.8228362608471,116671.18064328,6122.899121480138,1224.5798242960277,2242.036721183915,26502.683601340836,0.0,596.7943725585938,0.0,0.0,0.0,631.5099091986579,0.0,0.0,153991.68419333815,13.678830672862409,154005.36302401102,8.417386809923258,6.032305160216196,1.508076290054049,232251.83651767756,19253084.768028975,144.03066722288153,133673.50953276927
2026-01-01 22:45:00,price_volatile,dynamic_reoptimized,961.3186019449364,0.19788967418172762,184.27492879714006,38.36525445148865,20.900336179090594,0.7234520496084113,7.01864877151614,172.6746359936954,0.3408036295140445,0.028920065492540243,58.57033056686045,34.182123011419435,0.8697056175978581,0.9184557747328281,0.9591598624244407,1.0415194085489798,0.435164095736102,0.4303409159183502,0.6564793586730957,0.0,0.0,420.83426196630114,0.17750749498423052,0.719452499233272,0.1165300064669154,0.15425533052830023,0.005128485584608947,0.35097043702341174,0.0006193703872336181,2.5556387200346026e-06,0.0022077104658398267,551.7489413025702,101673.49687242853,5698.485652985606,1139.6971305971213,2087.2716966662333,26163.857003915782,0.0,672.8008422851562,0.0,0.0,0.0,420.2611883834246,0.0,2226.22209163965,140082.0924789015,12.973995205300499,140095.0664741068,8.372243446892801,6.056916681475187,1.5142291703687967,212136.03627984817,19465220.80430882,145.54489639325033,133740.31853178414
2026-01-01 23:00:00,price_volatile,dynamic_reoptimized,983.6370740731719,0.1969750246382902,165.84743591742605,40.66716971857797,20.848716841108065,0.7214057299453852,6.965196184658959,180.0,0.3044703046238177,0.029678551823947665,62.63824158927707,36.85512139874911,0.8681223136195902,0.917557774650078,0.9590461241718339,1.0414479981038078,0.44270211093070005,0.44634154438972473,0.6609503030776978,0.0,0.0,441.4933629880262,0.189021860671289,0.7705518636752328,0.12493405609899882,0.15497280310485162,0.005498347808916938,0.3586745128512895,0.0007788789581602911,2.8098593592155377e-06,0.00228198417967849,557.1988356628674,92409.9981908618,5576.086196091727,1115.2172392183454,2064.295534918341,25648.652806688056,0.0,548.2290649414062,0.0,12.503235860962953,0.0,559.8255350218636,0.0,8000.0,135934.8078036025,13.838922820500818,135948.646726423,8.527022742999751,6.151443066174636,1.537860766543659,209070.09006526996,19674290.89437409,147.082757159794,133763.40826273404
2026-01-01 23:15:00,price_volatile,dynamic_reoptimized,992.4527656785317,0.1985106093758927,149.26269232568345,40.993960829442045,20.610132523131995,0.7262128949883795,7.010019041116543,158.0334158773225,0.33254563700062334,0.031305987980463544,24.9513503891088,31.626160482346286,0.8688309250177093,0.917664846080343,0.9596657175813126,1.0393634961011236,0.44061451904898247,0.40609610080718994,0.6529407501220703,0.0,0.0,356.84100103836784,0.1764528956043426,0.712384157364257,0.11521328601711082,0.16849612608535322,0.005070536717613048,0.40923396426509395,0.000677762378350584,2.752587237201194e-06,0.002312544824358674,590.284610216853,88107.47015938412,4887.17988887266,977.435977774532,1803.9536408877455,26576.62657852533,0.0,805.3215942382812,0.0,0.0,0.0,926.6920203242668,0.0,2955.867720249737,127040.54758025667,13.969442564066647,127054.51702282073,8.670515868864873,6.296640430171045,1.5741601075427611,200004.15218043706,19874295.04655453,148.65691726733675,133692.3663687553
2026-01-01 23:30:00,price_volatile,dynamic_reoptimized,969.9275271208173,0.2017228683210386,135.85343740581854,41.41294681171257,21.310132523131994,0.7173822931726479,7.003425867961866,169.81130713953576,0.30411887282892636,0.03113947000559148,50.082505930047944,41.26627627025107,0.8685699242036355,0.9176078375169513,0.9588976487065752,1.0414001592548445,0.43966165091831133,0.44179776310920715,0.6612865328788757,0.0,0.0,413.99026576541695,0.19153912446738958,0.7579305901821063,0.1266622435296955,0.16003510507868826,0.005574405337741899,0.38779383720567123,0.000799624058581211,2.9241868834956967e-06,0.0023382051162279295,563.4239298007175,76543.07758012207,5157.379535506325,1031.475907101265,1901.134175487258,25610.1894020549,0.0,472.0104675292969,0.0,0.0,0.0,884.9311104295211,0.0,2089.479057228145,113689.67723545879,14.006983019384796,113703.68421847817,8.610845330339446,6.177267969233898,1.5443169923084745,175594.53162667278,20049889.5781812,150.20123425964522,133486.84967210042
2026-01-01 23:45:00,price_volatile,dynamic_reoptimized,973.8374644546521,0.203664970204868,130.32408886306507,43.07874944977078,22.010132523131993,0.7245298063264328,6.962314624612215,169.59372721536766,0.324850831645662,0.029694636082307324,54.384988930805235,29.605411284784346,0.8671790695763155,0.9168399284036559,0.9586478801852435,1.0413160288229488,0.44621899778001867,0.42829445004463196,0.6555808782577515,0.0,0.0,406.21848192478814,0.18407222743797605,0.7196786005916542,0.12067423252664891,0.16108107882619727,0.005310872973497818,0.37652925320383784,0.000702155771404563,2.647968221532991e-06,0.0022991823685741455,565.6294404311034,73715.14145830889,5311.672288360767,1062.3344576721533,1976.1220445955921,26268.240362467917,0.0,713.0931396484375,0.0,0.0,0.0,563.0013907971615,0.0,0.0,109609.60514185093,14.746247987938329,109624.35138983886,8.728792805813626,6.3242705610597065,1.5810676402649266,173323.51456750566,20223213.092748705,151.78230189991015,133238.28166794113
2026-01-02 00:00:00,price_volatile,dynamic_reoptimized,1008.2764373299375,0.19978212279243207,117.29167997675857,44.6165117431754,21.73349648824236,0.7145298063264328,7.057429636116407,168.97739704281082,0.3079831342987947,0.03097952102544819,58.25394425225984,54.02265882800568,0.8650554908183314,0.9157511354213153,0.9579653117755608,1.042705506518793,0.4549396871536463,0.44328153133392334,0.6581866145133972,0.0,0.0,433.3336574616061,0.18773338971871956,0.7519033761210403,0.12356360421008823,0.15518386320246214,0.005438034221285983,0.36141985021533346,0.0007612788191011413,2.8798176672075813e-06,0.00227413618422646,558.7119715249447,65532.265763287665,5533.730365967455,1106.746073193491,2083.829303208094,25966.297243777,0.0,476.1833801269531,0.0,0.0,0.0,845.724196956135,0.0,1412.425999689938,102957.20232620671,15.297277095433433,102972.49960330215,8.865181064570196,6.334436109116102,1.5836090272790255,163068.17993327515,20386281.27268198,153.3659109271892,132925.76655030213
2026-01-02 00:15:00,price_volatile,dynamic_reoptimized,1022.4109789666618,0.2024290296992044,105.56251197908271,43.591902586981476,22.364227568381814,0.7172714707180511,6.988979079008825,172.23491329429208,0.29213079728779445,0.030278494868886494,36.40861550031605,72.05587470353207,0.862698165729156,0.914162032986472,0.9566554345611026,1.0437383105235525,0.4630138124479687,0.4348168671131134,0.6636981964111328,0.0,0.0,435.71082546300306,0.18940548672268875,0.7462023131630783,0.12570807992822128,0.16339773261587273,0.005532412597641019,0.36568630729509066,0.0008630324744327217,2.799385461375558e-06,0.002359829837171428,583.0479271269328,61548.00379171619,5469.168410470725,1093.833682094145,2082.479846124966,25335.44654839943,0.0,430.51397705078125,0.0,0.0,0.0,684.3662815735073,0.0,671.9079984950879,97315.72053592483,15.099045085956027,97330.81958101079,9.108558803369801,6.533309369014908,1.633327342253727,158973.08886562937,20545254.36154761,154.9992382694429,132550.67954484248
2026-01-02 00:30:00,price_volatile,dynamic_reoptimized,1036.1716133824802,0.20450736804830216,95.00626078117445,44.171216702757064,22.680805022788782,0.7150572115112412,6.956280352673263,167.7130450731262,0.33361605588886334,0.030102305987229884,36.702034276553746,52.07939809011562,0.862427594271955,0.9141420658561223,0.9566180140968411,1.044410767102172,0.46420954036930057,0.4276342988014221,0.6567643284797668,0.0,0.0,407.43621800560913,0.18519547961387714,0.7203190621593014,0.12162978480609637,0.1627949798748509,0.0053529268293163014,0.3783765062392836,0.0006767316372931428,2.692641149903329e-06,0.0023222063773886744,560.7456913837736,53274.35138752677,5285.7404384806305,1057.1480876961261,2015.923053905718,26130.809533667245,0.0,509.708740234375,0.0,0.0,0.0,646.4954576698209,0.0,96.04161973111127,89016.2183189118,15.29373791574571,89031.51205682755,9.325927145260406,6.6685714592468965,1.6671428648117241,148428.25006893903,20693682.61161655,156.66638113425464,132087.57655468647
2026-01-02 00:45:00,price_volatile,dynamic_reoptimized,1005.9786821591032,0.20196239317078687,85.505634703057,46.00810959191346,22.67768808712557,0.7234011164265305,7.01125956236685,165.16059895159762,0.3220899368146847,0.031126364547718596,32.16163330827696,28.059087367389758,0.8619490278492401,0.9134265771744154,0.9565564410513266,1.043853653384384,0.46522942818357926,0.42956212162971497,0.6554557085037231,0.0,0.0,374.02585868370215,0.18623473847212516,0.7358370739768285,0.12206862245325238,0.16210127974404767,0.005372240074167638,0.4136626132763418,0.0007191666103653172,2.8413766718324252e-06,0.0023201197733662506,566.2680219805219,48419.10663148916,4834.8580118453365,966.9716023690672,1846.5256003221402,26282.805003163667,0.0,692.4869995117188,0.0,0.0,0.0,881.6852719961887,0.0,2471.692669853777,86396.13179055105,16.04213428986433,86412.17392484091,8.941505632237737,6.468295156894889,1.6170737892237224,139734.86152370184,20833417.47314025,158.28345492347836,131620.94220910265
2026-01-02 01:00:00,price_volatile,dynamic_reoptimized,1007.2040452523614,0.2013966959248952,88.27812826630635,43.24762301639865,23.363697332127376,0.7234566248309783,6.989350744794577,163.26839416657828,0.3228836349732859,0.030522452269367596,42.07427219365986,43.37399191709855,0.8607554718932122,0.9132610687223295,0.955891851515927,1.0455124491436123,0.470776441487659,0.43266645073890686,0.6588978171348572,0.0,0.0,395.65821302725715,0.17992597792662318,0.7134086416823273,0.11855283410170651,0.15545232029007036,0.005217510228816104,0.37978307954282753,0.0006908568063008232,2.6980201668205936e-06,0.002238351758490015,561.9359534294449,49606.65417429369,5266.16404924502,1053.2328098490038,2026.4396720190846,25884.300569425708,0.0,625.1758422851562,0.0,0.0,0.0,738.5830487183765,0.0,206.04154047237787,85406.5917063084,15.164169683194546,85421.7558759916,8.927321416452985,6.458529820728385,1.6146324551820963,137924.73941601798,20971342.21255627,159.89808737866045,131154.4281508088
2026-01-02 01:15:00,price_volatile,dynamic_reoptimized,1056.7181584434925,0.20047203637784128,90.89888495378018,45.31708849314491,23.4425292601296,0.7231980127966261,7.061346973530214,170.690083403785,0.3183857991170727,0.03110258060550029,57.031244309617826,69.94589337002294,0.8608094812552118,0.9128467334364498,0.9559853879250505,1.043972936861026,0.4702340061133006,0.4501354694366455,0.6542001962661743,0.0,0.0,451.2882961468323,0.19078809986556783,0.7608461779043515,0.12481361237730494,0.1524664973938978,0.0054930470807251905,0.3505514263844618,0.0007163746851481705,2.9323398979441885e-06,0.0022652470844113765,543.3330655275344,49388.36981497206,5705.2969963001415,1141.0593992600282,2193.8104040529456,26429.203606745035,0.0,714.1044921875,0.0,0.0,0.0,875.8099176671677,0.0,1921.6045996519774,88369.25923083685,15.878265152091405,88385.13749598894,9.323185832837815,6.742509467241965,1.6856273668104913,148984.40658254706,21120326.61913882,161.58371474547093,130708.26260188331
2026-01-02 01:30:00,price_volatile,dynamic_reoptimized,1003.8822505213178,0.20539941414603619,93.96698885565641,44.36759024761418,24.00164288046377,0.7191003962663878,7.018800653198113,170.25065697253027,0.3385987228384285,0.029748134492699876,41.1501091554021,32.612982695961726,0.8607959801623319,0.9130600143627521,0.9562640978015866,1.0444370253576511,0.4710443139703747,0.42897045612335205,0.6521533727645874,0.0,0.0,397.2393400991714,0.18640071571231973,0.7210449201074809,0.12156185543752233,0.1618186284682662,0.005349937257805358,0.38787244230727114,0.0006573793751883658,2.667251958548445e-06,0.00231611478439865,556.2983766217925,52273.68335643973,5156.334355962333,1031.2668711924666,1984.895039073925,26669.08136661415,0.0,672.2860107421875,0.0,0.0,0.0,573.629342815383,0.0,1157.4225276262089,89518.59887046639,15.51271127209623,89534.11158173849,9.074722317923339,6.5256364148261055,1.6314091037065264,146066.7647267241,21266393.383865543,163.21512384917747,130296.70830944087
2026-01-02 01:45:00,price_volatile,dynamic_reoptimized,1019.3379431103755,0.2035268036966688,85.68606341246473,44.814241970460515,23.5437716176951,0.7213485619460802,6.972876100591551,172.70626352018724,0.30786662724732755,0.029962101100682544,63.52154625415071,38.944365532509686,0.8594439531880911,0.9124267640580759,0.955587740124816,1.0452835972113843,0.476594702750226,0.4449412226676941,0.658932626247406,0.0,0.0,430.60781247501615,0.18878252038793314,0.7387106298435863,0.12439496194882525,0.15518120589420256,0.005474622275367799,0.3661548094642165,0.0007651351480987854,2.74657140313827e-06,0.0022841888911563735,557.4942812750038,47769.49033741643,5462.170503581643,1092.4341007163284,2118.3894648147134,25880.291866480995,0.0,584.3627319335938,0.0,0.0,0.0,617.1293322006942,0.0,234.38324300070687,83758.6515801451,15.781124075687059,83774.43270422079,9.130428737646108,6.586221639852185,1.6465554099630462,137939.24538571987,21404332.62925126,164.86167925914052,129832.06725443159
2026-01-02 02:00:00,price_volatile,dynamic_reoptimized,1041.2378028839073,0.20527402206922873,88.19646820428939,43.7182346505102,24.109801558076402,0.7160254679610171,6.982884042881711,170.7627127122407,0.3057131711655296,0.030830280555030128,61.28004567715005,67.81143220781344,0.8585759932031938,0.9118419909975113,0.9554950092343871,1.0450197637966359,0.4805337907877004,0.44659844040870667,0.655241072177887,0.0,0.0,453.5406320382208,0.19362888040150134,0.7495742350244219,0.12687359519888358,0.15721516889062465,0.005583706924702866,0.3545674809966986,0.0007871382924857349,2.879180953876174e-06,0.0023221035252807875,557.3575118980673,49156.964076539734,5640.675209068657,1128.1350418137315,2199.1727504939145,26307.792846089844,0.0,554.2114868164062,0.0,0.0,0.0,809.9432718823379,0.0,899.8737955750893,86696.7684782797,15.39726468737238,86712.16574296707,9.406656546771568,6.735405655850677,1.6838514139626692,146010.40289406045,21550343.03214532,166.54553067310317,129396.10534757908
2026-01-02 02:15:00,price_volatile,dynamic_reoptimized,1009.6988714682117,0.2097405285225661,80.0,46.34132872954081,24.615265504185988,0.7184650086911198,6.986265179702729,164.40820290897076,0.3279505724501546,0.030408899009195408,64.82023594925433,39.81942367936072,0.8572029790891461,0.9108910826606066,0.9547905315639386,1.046456895126909,0.48449755288489144,0.43283185362815857,0.6559065580368042,0.0,0.0,417.0152451556595,0.1878004565357993,0.7075318170118271,0.12317955104413657,0.16141028757463147,0.00542113204145245,0.37439543183979374,0.0006989712242839308,2.693116412939193e-06,0.002327134866990368,558.7023493483754,44696.18794787003,5341.945520467282,1068.3891040934566,2093.715329667039,26230.37060287237,0.0,587.0343627929688,0.0,0.0,0.0,713.0900435775327,0.0,73.6747812685698,80804.40769260924,16.413653559168495,80820.8213461684,9.32020784556628,6.696243210767821,1.6740608026919552,135298.9690569898,21685642.00120231,168.21959147579514,128912.70161194408
2026-01-02 02:30:00,price_volatile,dynamic_reoptimized,1051.955826573855,0.2079812741581012,80.0,46.39148284551001,24.529259974989284,0.7189130056048919,7.034518694571208,169.812938446559,0.2652970094400491,0.0306882812039092,45.73440963635692,32.858863797622185,0.8600212685645718,0.9130170923577683,0.9560429890933608,1.045312584377254,0.4752860688416307,0.44305360317230225,0.6668930053710938,0.0,0.0,401.2378564824412,0.19412751454452962,0.7391979477220576,0.12946228159982207,0.16274227485307866,0.005697635013208169,0.4089641237219006,0.0010206372722311177,2.8350919024848025e-06,0.0023892381276228434,598.9696573833096,47917.57259066477,4890.404522035822,978.0809044071643,1893.3140260533598,24974.54553774697,0.0,405.9122619628906,0.0,0.0,0.0,776.6164142806439,0.0,518.9980314521722,82355.44428860379,16.287046434242637,82371.73133503803,9.628820850561919,6.922284538108521,1.7305711345271302,142550.14054944072,21828192.14175175,169.95016261032225,128438.78350267594
2026-01-02 02:45:00,price_volatile,dynamic_reoptimized,1020.750065452524,0.20596384409622662,88.0,46.9566158346262,24.633390881560388,0.7226875844256195,7.062608118782516,172.911198810918,0.30853687534215746,0.030222540654551745,58.36040445777469,47.949761643404926,0.8590839542603208,0.9120138595001064,0.9559414533839887,1.0436442765728657,0.4792996503286977,0.43830880522727966,0.6542492508888245,0.0,0.0,434.8414438419238,0.192766047400757,0.7430875025520575,0.1261170421087449,0.16161853802583098,0.0055504110232058625,0.36760948095471585,0.0007852439066305875,2.7981754657694257e-06,0.0023528920003842517,565.8921599406951,49798.510074781174,5440.556089048125,1088.111217809625,2117.659300625443,26423.47306026404,0.0,702.5711669921875,0.0,0.0,0.0,672.2224339852302,0.0,302.5001415792522,86545.60348508506,16.59572523930945,86562.19921032437,9.2525570991248,6.686708139726619,1.6716770349316548,144704.04051307827,21972896.18226483,171.6218396452539,128030.88597397212
2026-01-02 03:00:00,price_volatile,dynamic_reoptimized,1041.9597388767806,0.2009638440962266,80.0,47.47035401821713,25.333390881560387,0.7210724714250261,6.977105901979902,158.78497244645055,0.31765957708283754,0.029016214899932485,56.277835812433295,28.868791525949348,0.8600012899836534,0.913100681036942,0.9560845675108828,1.044920127372004,0.47611800216526673,0.4170689284801483,0.6561448574066162,0.0,0.0,386.83807498663873,0.16573381353361039,0.6589020502386106,0.10874538944846551,0.15199181436070394,0.004785884589626967,0.35630793630129964,0.0006773139787330672,2.3647578897380175e-06,0.002133306060328938,587.7669518083803,47021.356144670426,5613.122235674167,1122.6244471348336,2175.541556268866,26202.68517781699,0.0,632.3397216796875,0.0,0.0,0.0,436.84742920667816,0.0,8.607831831350339,83213.124544283,16.70526468395629,83229.82980896696,9.21552828114503,6.645063753172469,1.6612659382931172,138266.88131156994,22111163.0635764,173.28310558354704,127601.37804037498
2026-01-02 03:15:00,price_volatile,dynamic_reoptimized,1024.6374594520998,0.20596384409622662,87.17819308220355,46.51795371904222,25.253801543799383,0.7187815261009792,7.070452196422381,167.03877166660726,0.319570042679199,0.028351359404651902,66.27845540547989,36.01696128954251,0.8586882709344561,0.9120742632174555,0.9556768587943063,1.0446273867169624,0.4811612484791381,0.413030743598938,0.6545124650001526,0.0,0.0,419.6690828615762,0.17460394748399793,0.6730736687028567,0.11428046006650867,0.1624070791484354,0.005029483047527047,0.3451507811371371,0.0007112932397435691,2.3705727296746324e-06,0.0022636656754495485,591.9752506943471,51607.332704917644,5794.568951606543,1158.9137903213086,2261.063109424713,26392.73913597405,0.0,619.5769653320312,0.0,0.0,0.0,328.7209838273012,0.0,38.76870642048467,88201.68434782408,16.42557405076438,88218.10992187484,9.287794260664363,6.6758949327922465,1.6689737331980616,147233.70825198843,22258396.771828387,174.9520793167451,127225.67721833289
2026-01-02 03:30:00,price_volatile,dynamic_reoptimized,1064.4508281381277,0.21096384409622662,88.72292933086385,45.43467290946913,25.646554474646905,0.7226117532381643,6.958807293837507,157.42244064082965,0.30471388747672506,0.03000280130765948,28.195596367009014,41.236593088637996,0.8596187424121621,0.9133341142829262,0.9564811347384683,1.045263898158348,0.4797978375879764,0.4062954783439636,0.6593906283378601,0.0,0.0,368.53482667322334,0.17830932466869215,0.6668379671506746,0.11757549763178841,0.17180871631767322,0.005174497650775008,0.4043729969500546,0.0008072432281237981,2.5078950723268214e-06,0.0023682803104064266,614.1719734139919,54491.136594206786,4945.928672499926,989.1857344999852,1926.413872753504,25827.58664016208,0.0,599.5360717773438,0.0,0.0,0.0,625.5837420006659,0.0,0.0,89405.3713279003,16.064890761493956,89421.4362186618,9.882913702824531,6.958807293837507,1.7397018234593769,155566.6356459623,22413963.40747435,176.69178114020448,126853.45782828986
2026-01-02 03:45:00,price_volatile,dynamic_reoptimized,1048.5846977033518,0.21367322499561714,83.62420992594672,47.07357609843263,25.83392819781201,0.7156451451535856,7.004398027360684,174.31039752439375,0.2845679689916876,0.030176368245412324,41.58433009561012,70.13922055997152,0.8611719053461157,0.9140056604055042,0.957330773065892,1.043599758279354,0.47387293018651194,0.4348892867565155,0.6593319773674011,0.0,0.0,442.9133059519297,0.2010999422944176,0.7399865768117723,0.13259162260144863,0.1722942936251917,0.0058353573106897545,0.3794383421980658,0.000952782891323671,2.8090624085780957e-06,0.002495515662179771,591.4132472385122,49456.46554005917,5270.9486037022725,1054.1897207404545,2036.7679315617459,25834.331893989685,0.0,475.6757507324219,0.0,0.0,0.0,662.2834149815575,0.0,999.4393346854096,85790.10219045272,16.464774634500163,85806.56696508722,9.860637402470891,7.004398027360684,1.751099506840171,150255.83709621232,22564219.244570564,178.44288064704466,126450.65559775398
2026-01-02 04:00:00,price_volatile,dynamic_reoptimized,1056.0605135391859,0.2087202022840274,80.0,47.08251179479359,25.742800959602928,0.7247150740095786,6.987169399874831,175.64972991781832,0.3428019745576,0.030860593275421438,59.695877678514236,29.208041164360452,0.8604911640381426,0.9134216434252808,0.9570101635546241,1.0432372742155511,0.4763513200878233,0.4467727243900299,0.6491721868515015,0.0,0.0,422.6384056867295,0.2024510921869635,0.767438938017353,0.13142561824548601,0.1627410015760519,0.00578404145898384,0.3941440053183626,0.0006683908984335924,2.9660604179747403e-06,0.0024076030070244387,532.3198299510336,42585.58639608269,5074.287501555521,1014.8575003111042,1967.314896150753,27021.167900770724,0.0,856.0087280273438,0.0,0.0,0.0,817.1482654645458,0.0,6005.262356829971,85341.63354519266,16.615499890229295,85358.24904508289,9.700735428083302,6.987169399874831,1.7467923499687077,149103.13643867456,22713322.381009236,180.18967299701336,126052.29813245573
2026-01-02 04:15:00,price_volatile,dynamic_reoptimized,1032.8210170927723,0.2119297941271528,80.0,44.99952744593854,25.485083632601675,0.7153738250505782,6.96298017187175,158.0168136139602,0.33834763174074645,0.030513904361247388,59.26179165219424,41.250408777902855,0.8609276819949793,0.9133077054659237,0.9574593444375029,1.041884383127247,0.47451505468386684,0.4084513783454895,0.647835910320282,0.0,0.0,400.74414629662147,0.1828880443445783,0.6800125622979987,0.11848144269466598,0.17159333480907937,0.00521436829299225,0.37473736853294337,0.0006745967046635309,2.6060051556756395e-06,0.0023736271400688065,585.0813902017848,46806.51121614278,5337.071154205372,1067.4142308410744,2064.1006790952665,27180.037727887953,0.0,684.2052612304688,0.0,0.0,0.0,736.648437977044,0.0,1269.622577565356,85145.61128494532,15.74640228521227,85161.35768723053,9.63315285845261,6.891305407648154,1.7228263519120386,146718.2311881676,22860040.612197407,181.9124993489254,125665.03508013314
2026-01-02 04:30:00,price_volatile,dynamic_reoptimized,1026.211252279325,0.21031494148000338,88.0,47.333451096333256,25.79218324558278,0.719683444395199,7.002463547621929,158.03791203363602,0.34136961670484395,0.03050084935826141,41.663342819922946,37.044260623881314,0.8599689068241089,0.9129453135330035,0.9567406331608306,1.0432775912201437,0.4778510955757754,0.41234126687049866,0.6485853791236877,0.0,0.0,378.97963630771267,0.1813969885023207,0.6810390805231143,0.11765143455967289,0.1676739682526265,0.005177839634971204,0.3934823067012793,0.0006532265860510976,2.6045590253872786e-06,0.002335333821426429,577.6859032675601,50836.35948754529,5082.820665474912,1016.5641330949824,1974.5872334449245,27090.852815022838,0.0,758.24072265625,0.0,0.0,0.0,733.6986524098572,0.0,2431.055643564049,89924.1793532131,16.669362047829704,89940.84871526093,9.49857089224157,6.835964216560392,1.708991054140098,153708.10585614888,23013748.718053553,183.62149040306548,125332.54504979962
2026-01-02 04:45:00,price_volatile,dynamic_reoptimized,1059.568459099816,0.21041119561505103,91.51100805277143,45.53643608351396,26.017557521300557,0.7181084731792569,6.957835483657853,165.01762645101027,0.33875063174887937,0.030241010144245305,44.90804975891218,34.87714785670871,0.8615895084242243,0.9147036419106372,0.9577558163225418,1.043848590071451,0.4738633343414033,0.4254368841648102,0.6499565839767456,0.0,0.0,393.3186878725404,0.18784736738375998,0.7048464992841496,0.12209263321377338,0.16488915279686286,0.005373296787738167,0.3934492620320347,0.0006662671710989231,2.6721163920386103e-06,0.002349311680287023,561.7130575526028,51402.9281330431,5083.24755692936,1016.6495113858721,1964.2122690069668,26928.215257203883,0.0,696.7020263671875,0.0,0.0,0.0,676.2188823016112,0.0,1208.2146959908243,88976.38833222879,15.95502393070217,88992.34335615949,9.811812368531495,6.957835483657853,1.7394588709144632,154798.5210943374,23168547.23914789,185.36094927397994,124991.52237779448
2026-01-02 05:00:00,price_volatile,dynamic_reoptimized,1059.0432863065253,0.21452759101756314,82.35990724749429,44.22548501049374,26.238893244154443,0.7218843331345157,7.028825263839279,167.92536633928376,0.28629912285902015,0.030115334947112014,38.65233465868038,40.2556171285178,0.8613556569080261,0.914118940926603,0.9580801633193858,1.041965874121681,0.47521511899125435,0.41646966338157654,0.6548754572868347,0.0,0.0,397.96614783183736,0.19405355883071232,0.7104359972224008,0.1270809130774004,0.17805754108573127,0.005592830984536392,0.4047417933213519,0.0009444830995006941,2.694585902158955e-06,0.0024983864295475646,616.0679849752391,50739.3021007114,4941.4219954598675,988.2843990919735,1912.883068974782,26350.395244847383,0.0,673.5279541015625,0.0,0.0,0.0,649.2590540862759,0.0,0.0,86255.07381727324,15.55836530623787,86270.63218257947,9.998808159815086,7.028825263839279,1.7572063159598197,151595.29975307515,23320142.538900968,187.11815558993976,124627.89869522824
2026-01-02 05:15:00,price_volatile,dynamic_reoptimized,1075.6669843829818,0.21231795500530953,80.0,46.87901411112337,26.193514247585643,0.7191967333013545,6.962143909472446,169.1492949825956,0.30643615314043937,0.029233126411997306,26.071783552830183,34.724313538519546,0.8606156690485746,0.9139290682146908,0.9575794989252038,1.043107026392218,0.47813276136224353,0.41156086325645447,0.6544740796089172,0.0,0.0,382.1797575582813,0.18779462294565683,0.6966296774242386,0.1229067130078624,0.17572884813967676,0.0054091244394760245,0.4076165227907265,0.0008255104820537884,2.554111852123442e-06,0.0024450544573630215,605.1106954355807,48408.85563484646,4906.572447817125,981.314489563425,1906.836520009724,26397.21962690659,0.0,628.3533325195312,0.0,0.0,0.0,475.44465354069075,0.0,0.0,83704.59670520354,16.508240886244472,83721.10494608979,10.051154067344518,6.962143909472446,1.7405359773681115,145719.59522368063,23465862.134124648,188.8586915673079,124250.89859187964
2026-01-02 05:30:00,price_volatile,dynamic_reoptimized,1026.34084628424,0.21367927483512178,82.88014641490453,45.82378757322491,26.244112918259418,0.7164787482941568,6.9096215948216075,173.98274792592036,0.31049999510188886,0.030603664325489038,47.83536946532803,36.140677270251345,0.8623467638578513,0.9148634871178816,0.9584454552485724,1.0420541869874551,0.4714680914627589,0.43361759185791016,0.6509393453598022,0.0,0.0,414.54326779482807,0.20350429866618644,0.7488035621492549,0.13246895495167307,0.17302823298317696,0.005829958707423132,0.4050308467604573,0.0008258230000643454,2.8859573358543e-06,0.0025013340106524516,571.1949492562607,47340.72102581285,4937.895510913609,987.5791021827218,1901.8966611618466,26812.07220983523,0.0,644.3123779296875,0.0,0.0,0.0,757.0899743704267,0.0,1141.526814054648,84523.09367626102,15.998620213266639,84539.0922964743,9.651734859455667,6.9096215948216075,1.7274053987054019,146033.28443458394,23611895.41855923,190.5860969660133,123890.96473689725
2026-01-02 05:45:00,price_volatile,dynamic_reoptimized,1069.2050762124038,0.2135397913634194,80.0,44.36574566865251,26.711567802716615,0.7168841198773798,6.963998772655621,165.88313989883147,0.27122045415980556,0.030619450256353382,53.776623987863815,32.59959967504011,0.8622634992338056,0.91496816842544,0.9586910563027835,1.0422786940783486,0.47251856813471066,0.4235728085041046,0.6591917276382446,0.0,0.0,401.5541894706837,0.19393195891797263,0.7141732156204582,0.12783834304340747,0.1739712733594079,0.005626165477340362,0.4035160633263223,0.0010197427473379271,2.7545145995826013e-06,0.0024720587290803305,621.1257036595038,49690.0562927603,4956.432176487125,991.286435297425,1911.7437469552594,25850.466417623666,0.0,499.2620849609375,0.0,0.0,0.0,760.7139183391813,0.0,371.85562253782825,85031.81669496173,15.510376878590318,85047.32707184032,10.04826764984964,6.963998772655621,1.7409996931639053,148067.3703364843,23759962.788895715,192.3270966591772,123539.34105811799
2026-01-02 06:00:00,price_volatile,dynamic_reoptimized,1068.6042266248157,0.2092598384557201,88.0,43.6815577911604,26.69167760765927,0.7180691580964621,7.044759700825831,166.59300785553174,0.3339553695862939,0.030447987693592346,41.172031613106086,39.71278579191656,0.8622681010599123,0.9148186753344452,0.9584101476314553,1.0419542642522146,0.4718912750748905,0.4203457236289978,0.647350013256073,0.0,0.0,397.41153233053296,0.18979239246165555,0.7171062221283077,0.12286210777595453,0.16942612276732585,0.0054071613632197596,0.39185135455809894,0.0006964069384316592,2.7360356393861966e-06,0.0023940332583190457,572.0517707184204,50340.55582322099,5103.976231638787,1020.7952463277574,1966.9880354174102,27237.96860450737,0.0,750.1791381835938,0.0,0.0,0.0,721.8150225124712,0.0,242.81319219234643,87385.09129400073,15.274533746980799,87400.36582774771,9.841337864289146,7.044759700825831,1.7611899252064578,153928.64375518804,23913891.432650905,194.08828658438364,123211.40988719006
2026-01-02 06:15:00,price_volatile,dynamic_reoptimized,1073.8324264931207,0.2142598384557201,96.80000000000001,42.07844424065761,26.849064216897506,0.7179974023851046,6.979450136878073,156.61480569843678,0.31932120081209225,0.03060913722178467,34.81438704155251,29.273732608011418,0.8621113889391037,0.9142506999552098,0.958816394744072,1.0397378376201862,0.4731408561197133,0.3970905840396881,0.6453402042388916,0.0,0.0,361.6562504765938,0.1836324681975719,0.6733521028339181,0.11850541453151281,0.17992880382155974,0.005215423293531879,0.4153230883076891,0.0007692077184174341,2.5985582494875484e-06,0.002444678447747013,616.7255356632298,59699.03185220066,4815.528094403253,963.1056188806506,1858.9539375487886,27478.513924247985,5.308032989501953,791.8609008789062,0.0,0.0,0.0,758.3453961177007,0.0,351.917067424853,96722.56482469231,14.73160653277657,96737.29643122508,10.125783929695208,6.979450136878073,1.7448625342195183,168793.28420453216,24082684.716855437,195.83314911860316,122975.52699962023
2026-01-02 06:30:00,price_volatile,dynamic_reoptimized,1067.1833514877778,0.2120248334876062,106.48000000000002,44.603150895097066,26.694086068744408,0.7254682860415873,7.015689283987496,168.09310916681977,0.3076110843947605,0.030324459668598903,47.3655459877236,63.61128331354458,0.8640597115416044,0.9161675773891932,0.9593337676679214,1.041286342136986,0.46611282155558226,0.4220484495162964,0.6505727767944336,0.0,0.0,430.3537367182258,0.1932440122904807,0.7181066728525808,0.12571929367471568,0.1721595252589891,0.005532906114624237,0.3702714360431149,0.0008184219313217098,2.736735928727354e-06,0.0024398285283412763,589.380540358795,62757.2399374045,5401.44284790879,1080.288569581758,2065.3965171884233,26855.352365595336,0.0,841.4004516601562,0.0,0.0,0.0,694.4234392314958,0.0,18.423129183462017,99713.9672577539,15.589093792349656,99729.55635154626,9.95811507932143,7.015689283987496,1.753922320996874,174917.89494809255,24257602.611803528,197.58707143960004,122769.17935503073
2026-01-02 06:45:00,price_volatile,dynamic_reoptimized,1069.9049828685738,0.21033566663030467,117.12800000000003,47.27933994880289,25.99408606874441,0.7206177638066901,6.999768704902783,162.9171781000478,0.3219408351399824,0.031104152320150555,40.680439386296015,35.68665521318187,0.865541479537114,0.9169906716079418,0.9606040043346158,1.039400933667151,0.4618990844398375,0.41245463490486145,0.6461974382400513,0.0,0.0,385.90973298956874,0.1906848770128,0.7158181718074026,0.12322007903679061,0.17552812811442156,0.005422915678409155,0.4047059666733133,0.000758668683894113,2.795295210516584e-06,0.002445589226109766,591.3890968253454,69268.22213295907,4941.8594354810675,988.3718870962135,1878.8333022804698,27375.732308963223,0.0,830.7578735351562,0.0,0.0,0.0,876.1975727066058,0.0,1928.6137200970709,108088.58823311888,16.397379099129836,108104.985612218,9.90397421509886,6.999768704902783,1.7499421762256957,189177.4737830923,24446780.085586622,199.33701361582573,122640.4451543652
2026-01-02 07:00:00,price_volatile,dynamic_reoptimized,1030.4068054889226,0.20533566663030467,128.84080000000003,44.442579551874715,26.694086068744408,0.7167261797371673,6.971779375787348,161.8361493742571,0.27868858480487874,0.029997360163037376,63.791069729230955,27.926157370654565,0.8630769691857834,0.91540893623508,0.9589416817644799,1.041567209095984,0.4694074335049694,0.41190871596336365,0.6571146249771118,0.0,0.0,399.205910910974,0.1782376804103908,0.6897251292280999,0.11712258651966426,0.16721852715455182,0.005154565032730424,0.3718669210179657,0.000919797325979728,2.578980443605477e-06,0.0023289455873567178,630.765520103991,81268.3342226143,5378.268103344894,1075.6536206689789,2065.7490285565236,26090.225509349395,0.0,533.0307006835938,0.0,0.0,0.0,624.4501549511753,0.0,576.568996299759,117612.28033646861,15.487089984754531,117627.76742645337,9.311603598123762,6.673870074110106,1.6684675185275264,196258.10922794766,24643038.194814567,201.00548113435326,122598.8368861594
2026-01-02 07:15:00,price_volatile,dynamic_reoptimized,1071.5439810990495,0.21033566663030467,131.3858281613714,44.235280860343494,26.124088814801446,0.7188367360363329,6.990471097198935,174.812988285321,0.3072753525268909,0.0302497165936357,49.802284811590354,29.91704567199363,0.8647453640692783,0.9164656292608768,0.9598467822390704,1.0404420178462996,0.46374490837509097,0.4282864034175873,0.6505510807037354,0.0,0.0,411.86400822569396,0.1989667286880339,0.7469091928695836,0.12943802037208735,0.17278501421799103,0.005696567276575564,0.39833812687869957,0.0008315200891595335,2.832421237969519e-06,0.0024742901350013192,580.8134065236179,76310.65042333282,5020.860081036211,1004.1720162072422,1913.6875264321,26857.91551666069,0.0,699.4393920898438,0.0,0.0,0.0,678.1069010549548,0.0,1348.764943663626,113833.59680047749,15.350522826460905,113848.94732330395,9.919146213054885,6.990471097198935,1.7476177742997336,198964.44392752007,24842002.63874209,202.753098908653,122523.41775517935
2026-01-02 07:30:00,price_volatile,dynamic_reoptimized,1052.97133339537,0.21268812598204195,137.7318227652848,43.67274420396757,26.5493599823267,0.7213639015793247,6.997794854815069,172.3139998370161,0.2949748455510323,0.029978163660855258,60.40436277839564,35.42643221299071,0.8625794615736158,0.9149947646688602,0.9589121945366956,1.0409783302570548,0.4717615602555525,0.42319372296333313,0.6525918245315552,0.0,0.0,423.22739468171693,0.19647017283761922,0.7272023988858598,0.12821482855813193,0.17475477004893564,0.005642734604843386,0.3839797675235645,0.0008929961647971901,2.7397906216857686e-06,0.002481240256309636,598.4644765730993,82427.60321868505,5208.607768317537,1041.7215536635074,2006.959969885605,26617.570310340772,0.0,709.4398193359375,0.0,0.0,0.0,620.4590409022628,0.0,128.20202860246832,118760.56370973313,15.30544169013919,118775.86915142328,9.856237527953747,6.997794854815069,1.7494487137037673,207792.29150600443,25049794.930248093,204.50254762235676,122491.35877028841
2026-01-02 07:45:00,price_volatile,dynamic_reoptimized,1060.7040334111568,0.20768812598204195,124.14592300788793,46.29310885620563,26.53001028386981,0.7151337615310998,7.0400627134263924,169.81377962954954,0.33151864754972593,0.031090570949743893,26.65783793941527,45.96162303524255,0.8627967471976191,0.9152501060353011,0.9590780144516962,1.041343512731711,0.4710892521823879,0.41848304867744446,0.6468038558959961,0.0,0.0,395.26564227080195,0.1960863618056833,0.7479761613223749,0.12682941490453334,0.17624001427586145,0.005581762549948513,0.4067005685467138,0.0007314205852005383,2.911911342923367e-06,0.0024820196996221708,576.2251918429065,71536.00830173492,4917.622827887144,983.5245655774288,1893.119611366485,27303.18788952896,0.0,700.346923828125,0.0,0.0,0.0,872.8506318290279,0.0,1868.468338192733,110075.12908994484,16.140771922901504,110091.26986186774,9.695210804842487,6.933372571703969,1.7333431429259922,190825.9477110834,25240620.877959177,206.23589076528276,122387.14020289294
2026-01-02 08:00:00,price_volatile,dynamic_reoptimized,1068.0609802904637,0.2121706617748216,136.56051530867674,43.515522324833285,25.83001028386981,0.7238163950225244,7.03963632046481,162.92410814861591,0.32341752481188435,0.03110215300736328,55.81406845995639,38.51001308322101,0.8648050454151441,0.9166932163293753,0.9598823765096827,1.0408433668292394,0.46389139840021903,0.42071521282196045,0.6486921310424805,0.0,0.0,403.87988702554765,0.1923691615202698,0.7142323652697142,0.12478836133343896,0.17182169109708076,0.005491935782284648,0.3916207655069312,0.0007471668096327958,2.7944181103550027e-06,0.002427769495204627,578.6176038689658,79016.31815101777,5106.981488612106,1021.3962977224212,1946.9014962709723,27078.166370921623,0.0,846.5482788085938,0.0,0.0,0.0,875.7044677083207,0.0,1919.6999176279644,117811.71646868976,15.157156511978922,117826.87362520174,9.973159132230105,7.03963632046481,1.7599090801162025,207364.58477469685,25447985.462733872,207.99579984539895,122348.55454604895
2026-01-02 08:15:00,price_volatile,dynamic_reoptimized,1056.4346657109713,0.21034784984438654,136.52400123642232,46.0846180553832,25.967450462894607,0.7185779850779627,6.964977151749265,174.44575920007236,0.33181905067383416,0.031123024810085238,32.69353034680696,50.69992611708559,0.86268141775542,0.9146972521485853,0.9585692041084386,1.040593221422964,0.4698814814271267,0.42549577355384827,0.6446458101272583,0.0,0.0,414.8403989440301,0.20431828449766606,0.7669415430483587,0.13171292603380957,0.17783875025914386,0.005796685874747959,0.40243079897159495,0.0007455369717592342,2.9968358084925384e-06,0.0025339741133159764,566.2732105569594,77309.88449823116,4969.798547007252,993.9597094014504,1910.084274485333,27561.97157339718,0.0,819.8948364257812,0.0,0.0,0.0,880.8590702272539,0.0,3103.2281537508957,117549.68066292629,16.088279097611473,117565.7689420239,9.77984764667288,6.964977151749265,1.7412442879373162,204710.72362725745,25652696.18636113,209.73704413333627,122308.84769241301
2026-01-02 08:30:00,price_volatile,dynamic_reoptimized,1071.9024508992939,0.2121525447599382,141.02202206249376,43.83037645969458,25.797580690138684,0.721412075352889,7.025332579115394,169.44351607104244,0.3271866087922011,0.032,55.36025561494475,33.711090701348745,0.8655622249594446,0.9168610688687031,0.9601241753907099,1.0401817388437302,0.4600861500568123,0.4357225298881531,0.6483150720596313,0.0,0.0,411.01402685127414,0.20582913305857914,0.7642937866742439,0.13344212923084417,0.17281270056897782,0.0058727881074494516,0.4115097939364156,0.0007559763972798062,3.0815280390202502e-06,0.0025066479275773035,556.0741837005293,78418.70580219924,4860.151640301007,972.0303280602016,1843.1872272189048,27122.994906095686,0.0,801.4754638671875,0.0,45.543684113294574,0.0,1111.111111111111,0.0,8000.0,123175.20016296662,15.182104799928705,123190.38226776654,10.008174706805722,7.025332579115394,1.7563331447788486,216363.35149485493,25869059.537855987,211.49337727811513,122316.16833957883
2026-01-02 08:45:00,price_volatile,dynamic_reoptimized,1064.8062584800668,0.20831251905148085,132.4579515549747,45.65076958688079,25.780003101069163,0.7249267317225107,7.00485114680826,167.6696110473022,0.33981680030513506,0.029554076924701914,37.00865842003792,40.410209442459205,0.8638166360177518,0.9156399686389197,0.9594032376749139,1.0402836447987558,0.4667260187664007,0.4073212742805481,0.6446443796157837,0.0,0.0,395.9911288523713,0.18470504716932232,0.7018988882995526,0.11906907054437185,0.17325317742729046,0.005240229794657806,0.3811161591511523,0.0006747329343347988,2.59056895966381e-06,0.002392578501813617,585.8334701729523,77598.30141145163,5247.7439016349645,1049.5487803269928,2008.2986279610823,27562.143688898115,0.0,966.7879028320312,0.0,0.0,0.0,535.5515709289283,0.0,1595.3640655592617,116563.739949593,15.958860327260627,116579.69880992026,9.761966980993716,7.00485114680826,1.751212786702065,204155.85922580786,26073215.397081792,213.2445900648172,122269.05915482617
2026-01-02 09:00:00,price_volatile,dynamic_reoptimized,1031.55097884119,0.2070442202074505,140.72221010553966,45.01884015582452,25.080003101069163,0.7215813037054613,6.990534897154676,169.7358178771376,0.30870867653031187,0.03104794700720589,37.99341558717944,69.57277604396185,0.8646048934480735,0.9161913670184741,0.9591501963425672,1.0409464546002174,0.46250380480049313,0.425042986869812,0.6507257223129272,0.0,0.0,430.0642455977028,0.19534431449491266,0.7480775494200075,0.12711557014942565,0.17194963990275278,0.0055943562422762225,0.37463579320255824,0.0008156810721077322,2.9027995838943866e-06,0.002446406200237179,583.622123892552,82128.595140649,5338.518198976891,1067.7036397953782,2031.3167369489786,26837.288408211298,0.0,753.0764770507812,0.0,0.0,0.0,862.3881426455289,0.0,1685.8945414590798,120704.78128573696,15.633767244436955,120720.41505298139,9.399509159490067,6.782510073496267,1.6956275183740668,204696.85779337416,26277912.25487517,214.94021758319127,122256.8421598646
2026-01-02 09:15:00,price_volatile,dynamic_reoptimized,1055.5565715324983,0.2075417736912559,134.8996001485603,44.42589496521089,25.200546715723473,0.7182518442461625,7.011750865984082,173.70145736481263,0.3157986613772956,0.028717262984245873,59.147655466992646,69.25398691104925,0.8647114807578655,0.9162074679200602,0.9592748735519157,1.0412484491832328,0.4617035962339575,0.42109233140945435,0.6510917544364929,0.0,0.0,458.4344113711859,0.1853278414811459,0.7075754731337591,0.12066542945588753,0.16588794721569333,0.00531048555035361,0.3336180270428034,0.0007518694951143058,2.530359192581714e-06,0.0023442818635085135,583.5025231561112,78714.25705943545,5994.879886222092,1198.9759772444183,2278.569137349959,26794.091860791596,0.0,676.5712280273438,0.0,0.0,0.0,386.329341363477,0.0,646.4141475181124,116690.08863795245,15.378433137560789,116705.46707109001,9.641362376672767,6.924926308090779,1.7312315770226947,202044.18980465332,26479956.44467982,216.67144916021394,122212.48598886545
2026-01-02 09:30:00,price_volatile,dynamic_reoptimized,1014.1129134169864,0.20977729065162043,130.8421334947239,42.457949841236925,25.002426530111183,0.7153150871050136,7.017643245179122,178.0315446857777,0.33317634016083253,0.031301283392202325,50.92589228708517,31.755684505841906,0.8644722849761955,0.9159320006128558,0.9590642359164679,1.0412211988335878,0.462117952427274,0.44634637236595154,0.6489324569702148,0.0,0.0,420.9415116959047,0.20930247318436104,0.7883641532956063,0.13582316817346993,0.16847674896412262,0.005977577631314412,0.40897424226057855,0.0007270566980669303,3.0949405923289364e-06,0.0024890734868689463,538.5501157967109,70465.04614467226,4890.283527258661,978.0567054517321,1859.781355227124,27049.621209337864,0.0,660.9983520507812,0.0,0.0,0.0,925.4989439800257,0.0,7788.887572947668,114618.17381092614,14.672196067164666,114632.8460069933,9.362593191817131,6.6972041645334786,1.6743010411333696,191929.89341759012,26671886.338097412,218.34575020134733,122154.36441287251
2026-01-02 09:45:00,price_volatile,dynamic_reoptimized,1032.468984901026,0.21159513075258163,139.3494023538328,45.00542683171114,24.302426530111184,0.7166321054169691,7.080512645372396,177.9199863002005,0.3312036079201567,0.029358696821365275,59.85086553970909,40.00271210422407,0.8658028888601309,0.9171181100761373,0.9597218157020524,1.0414308526726666,0.4578973274435797,0.43002650141716003,0.6503512859344482,0.0,0.0,437.90155161431414,0.19800006516191404,0.7376849032601426,0.12876959699315535,0.1706761179364125,0.005667149963668767,0.37271829330582656,0.0007226087950126551,2.7107750015838617e-06,0.002448004351307873,559.9505821560762,78028.77897112997,5365.982931132763,1073.1965862265527,2028.9136168608372,26881.52707833612,0.0,658.9725341796875,0.0,0.0,0.0,498.53527123802587,0.0,4665.104945752302,119201.01193485626,15.50086321390252,119216.51279807017,9.614662687855766,6.890175964872053,1.7225439912180132,205355.68777428113,26877242.02587169,220.06829419256533,122131.36892111057
2026-01-02 10:00:00,price_volatile,dynamic_reoptimized,1067.0130345239306,0.20659513075258162,130.6600174608896,45.197352977889004,24.196076974328527,0.7192462340673021,7.041843315716059,178.1410908163963,0.32484100253709214,0.030008032367561367,50.354306901828764,28.279999778263903,0.8637032232290642,0.9153467339728922,0.9587383759983119,1.0412126145283813,0.46490055191058394,0.4357014000415802,0.6492267847061157,0.0,0.0,417.1023792312456,0.19785983997460962,0.7597895078729804,0.1284559077291824,0.1663696575437496,0.005653344499161317,0.3903509778005341,0.0007360468775220787,2.840742224125047e-06,0.002410030142364592,557.0008625120834,72777.74242155938,5123.594185082283,1024.7188370164565,1955.9233034050378,27014.690671817254,0.0,735.4078979492188,0.0,0.0,0.0,626.6745300289068,0.0,5236.34289947035,114495.09474632889,15.707289265190079,114510.80203559408,9.701551081789756,6.977804080188843,1.7444510200472108,199758.48541741632,27077000.51128911,221.81274521261255,122071.43681187116
2026-01-02 10:15:00,price_volatile,dynamic_reoptimized,1064.2506893764635,0.20159513075258162,132.15270629409315,43.91749638749668,23.84896869974861,0.7247638416034848,7.062755814784859,168.40309833940472,0.3179163473166479,0.03026103569497176,50.38485197540048,29.36175694478596,0.8630035987728304,0.914334651734567,0.9580729991913886,1.041172201981791,0.465244536804657,0.425143301486969,0.651215672492981,0.0,0.0,399.7124957650554,0.18410596266420057,0.7290789296303202,0.11989268828633502,0.16211266818288794,0.005276477211481605,0.38017961735174616,0.0007306779569417714,2.733972950041911e-06,0.002304595607169869,575.7643623383767,76088.81867070933,5260.671295140946,1052.1342590281893,2009.193242914223,26779.47892222897,0.0,811.400634765625,0.0,0.0,0.0,680.5654162102518,0.0,1.1428214435559674,112683.40526244108,15.32837217333718,112698.73363461441,9.442246780217209,6.84339904979836,1.71084976244959,192810.6016671497,27269811.11295626,223.52359497506214,121999.69813477038
2026-01-02 10:30:00,price_volatile,dynamic_reoptimized,1020.2713251673687,0.19945498413728854,131.49144702261702,41.28244660424688,23.14896869974861,0.7191314667885393,6.942755814784859,152.82739852981248,0.3297849280510063,0.030302357159017523,25.087783958977543,31.744358413049863,0.864232628063066,0.9154427568674148,0.9584520965480214,1.04161849412007,0.46093358812586505,0.3954492509365082,0.6530637741088867,0.0,0.0,347.20419957867114,0.16562192688783997,0.6646961819709929,0.10816168064855887,0.16535426904394826,0.004760195565343076,0.3948501557534222,0.000664440605115817,2.4888272033058415e-06,0.002233973437224222,609.4083383177707,80131.98423305222,5065.212640435095,1013.0425280870189,1923.1876208885556,26562.201093186646,8.251206398010254,654.7410278320312,0.0,0.0,0.0,689.5782249968648,0.0,10.04239483661308,116058.24096971305,14.288252011772618,116072.52922172482,8.955955824997236,6.4405096489236255,1.6101274122309064,186891.56110687205,27456702.67406313,225.13372238729303,121957.30778541438
2026-01-02 10:45:00,price_volatile,dynamic_reoptimized,1026.9685345119635,0.20099388745134322,137.67950509484172,39.277533848046765,23.61449953119764,0.7209091426031229,7.000166756636979,178.8890605529601,0.31723179111846633,0.031129123901352078,57.717356788328246,31.843426321453475,0.8656479879208687,0.9165435003038379,0.958804355206937,1.041322679691225,0.4558982197592413,0.4553576409816742,0.6541714072227478,0.0,0.0,429.4499981604059,0.20061689763592902,0.7974429551541011,0.13123783823915763,0.1569704238315933,0.005775777260905328,0.38733819030531724,0.0007493920097586957,3.078363014833433e-06,0.002354847277771468,537.9912538486532,74070.36957523593,5163.446440495606,1032.6892880991213,1946.9656424923367,26432.567134464818,0.0,668.0883178710938,0.0,0.0,0.0,882.3681875144006,0.0,8149.295969625577,118345.79055579887,13.542566196980617,118359.33312199585,9.084297657818231,6.548953235649298,1.6372383089123246,193782.43440464698,27650485.108467776,226.77096069620538,121931.33117035148
2026-01-02 11:00:00,price_volatile,dynamic_reoptimized,1049.3734358599384,0.20451564260000896,138.9928444218016,41.63418587892957,23.230223181558696,0.722203549740668,6.969069723961389,154.71341623696406,0.33301446504219767,0.03048464341029581,53.03781729666488,47.56720235310127,0.8648662175173645,0.9161676520636477,0.9582911075652146,1.042660723144547,0.45822188722828133,0.4160066545009613,0.652922511100769,0.0,0.0,394.5605104999979,0.1729426388593525,0.6726240610390717,0.11291814204044187,0.15851534935568692,0.004969527431199847,0.3627387592265302,0.0006481734087712762,2.549149834028557e-06,0.002217108166974381,577.083186536969,80210.43356477046,5513.609861445771,1102.721972289154,2085.6628730015227,26578.765703305988,0.0,719.9794311523438,0.0,0.0,0.0,730.0451416439735,0.0,201.8480975796192,117143.06664518884,14.40245346680574,117157.46909865564,9.445130565565703,6.821306822215634,1.7053267055539085,199791.76080904427,27850276.86927682,228.47628740175927,121895.69948807902
2026-01-02 11:15:00,price_volatile,dynamic_reoptimized,1023.2729412595088,0.20488971967967282,139.71032182462625,41.12930948246186,23.17514506382147,0.7207756387593184,6.956972000382381,172.250583213879,0.343905339521996,0.02961805878515314,48.35076079041859,30.824357690234805,0.8647734450466427,0.9158451192921444,0.9584586643393459,1.0417548310295077,0.45859149032568103,0.4279056489467621,0.6501069664955139,0.0,0.0,406.4512265870235,0.18742310072339985,0.7272693938235893,0.12184506346247263,0.1629024273246054,0.005362401242983421,0.3799647920729221,0.0006419417202506773,2.6746681612314047e-06,0.0023257568396891156,553.9259547180826,77389.17340067666,5263.645584341835,1052.729116868367,1992.1191798040034,26910.420249042243,0.0,749.1096801757812,0.0,0.0,0.0,547.9615366916034,0.0,3692.031129055019,117597.18987665552,14.218440591970017,117611.4083172475,9.227053249040928,6.650635199443719,1.6626587998609297,195547.64300270847,28045824.51227953,230.1389462016202,121864.74725450917
2026-01-02 11:30:00,price_volatile,dynamic_reoptimized,998.9783041564332,0.20210757398038784,137.86728337398515,43.59706805140958,22.68619863451811,0.7203065958607193,7.00577311955575,162.7252772315347,0.33554960855529536,0.0302337055192728,51.0060229969251,60.13026957724924,0.8636056493763093,0.9144058277405941,0.9575823509179915,1.0415844229267912,0.46045266612577607,0.41997942328453064,0.6495448350906372,0.0,0.0,420.3143193140903,0.17835372837686386,0.7040622257623269,0.11584874308635033,0.15999510356635274,0.005098503183230278,0.34935020038492787,0.0006496185624597773,2.6368576603663357e-06,0.002252156533992769,569.6597314415626,78537.43962140218,5724.914420533668,1144.9828841067335,2172.235115178561,26976.98033889073,0.0,751.0835571289062,0.0,0.0,0.0,674.636883698128,0.0,368.60604300714783,116350.87886394605,15.09483443650024,116365.97369838256,8.885666597347464,6.400404258688653,1.6001010646721632,186197.31840639486,28232021.830685925,231.73904726629237,121826.77957696262
2026-01-02 11:45:00,price_volatile,dynamic_reoptimized,1021.6290942884613,0.20539808991064118,138.04920988997074,44.22400996410447,22.273024987512436,0.7221856836183028,7.010666535530431,166.26716944035263,0.3120109049085536,0.030391052348023063,40.7718177053029,27.74887754460769,0.8649013676890608,0.9157003349755085,0.9576957847015568,1.0427670872677612,0.4554751211592862,0.42988213896751404,0.6574621200561523,0.0,0.0,384.4283171865806,0.18622749756652732,0.7203859676380204,0.122437525362841,0.16237896412422498,0.005388475491218633,0.40368538738985965,0.0007611576766559943,2.722065759268789e-06,0.0023246492311201268,573.1730576799752,79126.0877429392,4954.353222769735,990.8706445539469,1867.033461079374,26050.00877575975,0.0,628.3707275390625,0.0,0.0,0.0,709.1241339439428,0.0,841.5814157308384,115167.43012431584,15.255634470680361,115182.68575878652,9.235087647461123,6.669448085956655,1.6673620214891638,192051.23576732143,28424073.066453245,233.40640928778154,121779.31682847408
2026-01-02 12:00:00,price_volatile,dynamic_reoptimized,1053.1510452497243,0.20039808991064118,151.85413087896782,42.233735370922396,22.42275579225903,0.7193583125767797,6.985514246819664,174.77607109152203,0.3359812403187438,0.028168282547416455,28.855129875202387,35.86301491130707,0.8644617418739138,0.9152976805093926,0.9576959667277148,1.042951622000206,0.4568491300071439,0.4113617241382599,0.6555746793746948,0.0,0.0,396.79267986040134,0.1770023152038606,0.7062005047173293,0.11603823603834958,0.16604498339496285,0.005106842768047765,0.3706647808410173,0.000662655915081876,2.449675769728524e-06,0.0023026152153276117,581.1263320553948,88246.43408515443,5395.7109047752365,1079.1421809550473,2037.2129596291784,26268.961528061733,0.0,610.2530517578125,0.0,0.0,0.0,301.64200338709395,0.0,1774.6781213008571,125714.03483502138,14.5595216708201,125728.59435669219,9.288286640217914,6.681606204236605,1.6704015510591512,210017.2390259055,28634090.30547915,235.0768108388407,121807.37948291098
2026-01-02 12:15:00,price_volatile,dynamic_reoptimized,1000.493492987238,0.20112750093367643,167.0395439668646,42.0412649117422,21.72275579225903,0.7212042330452479,7.046236816253077,174.49969739950902,0.3207444996670178,0.030220584238380997,44.762684244033366,49.62894614478199,0.8650860672039533,0.9157053070491981,0.9574549474939843,1.0429303851570868,0.4538125359304055,0.4400904178619385,0.6575994491577148,0.0,0.0,425.9410554478825,0.19039421353671773,0.7561871281823408,0.12520312994456193,0.1592909759549208,0.0055101897488601705,0.37257142211920546,0.000724687803049881,2.8256047051586515e-06,0.002320999743741306,553.2501221263673,92414.64809960054,5368.098252474376,1073.6196504948753,2018.3111015074799,26034.126950748534,0.0,606.8350219726562,0.0,0.0,0.0,671.7997962985083,0.0,1124.7936909428277,129312.23256403979,14.467889443951888,129326.70045348375,8.855989529136277,6.386977136217475,1.5967442840543689,206501.6697247117,28840591.975203864,236.67355512289504,121858.10941246945
2026-01-02 12:30:00,price_volatile,dynamic_reoptimized,994.8361705974586,0.19639373225939058,183.74349836355108,42.102407682914844,21.72868136818577,0.7224864141455554,6.993386252563913,174.10384998790153,0.30096331418295974,0.029896869812185332,66.27312917378225,30.50687069474029,0.863893319714988,0.9146574297045603,0.9569447638084991,1.0429816290738847,0.45753747680509554,0.44521474838256836,0.6630685925483704,0.0,0.0,427.5773148455355,0.18350354613201617,0.75080957717365,0.12167543806139092,0.15162062525059192,0.0053549360290818145,0.36068835338766697,0.0007759916506779668,2.7591490395650714e-06,0.002229652834155227,561.8001069545168,103227.11703284008,5544.953090987124,1108.9906181974247,2095.5458327896868,25406.979853826415,0.0,529.572021484375,0.0,0.0,0.0,603.6991941295603,0.0,908.4097678511588,139425.2674121058,14.557316709376545,139439.82472881518,8.59865569121739,6.212411916819923,1.5531029792049809,216564.40720614322,29057156.382410005,238.22665810210003,121972.73224542564
2026-01-02 12:45:00,price_volatile,dynamic_reoptimized,996.103043730996,0.19775374496084405,202.1178481999062,44.08644749549311,21.028681368185772,0.7214127248158356,7.075770306273538,171.01433070055597,0.27111831163812095,0.030393791047738213,63.388760507301534,34.41807826489115,0.8658327800558236,0.9163242405167139,0.9577596226007412,1.0427496887425707,0.4514498063788947,0.4489365816116333,0.6707656979560852,0.0,0.0,422.734067103249,0.18461511032589406,0.7488931507060754,0.12383348333098801,0.15200388079389424,0.005449911601396782,0.3712912356360716,0.0009283391884716468,2.8031727715811164e-06,0.002249129862055298,583.5456528292018,117944.99167624778,5386.607083718883,1077.3214167437766,2018.652008712361,24541.67700041435,0.0,384.7680969238281,0.0,0.0,0.0,709.7320132315504,0.0,61.0839007345478,152124.8331967271,15.137549656291737,152139.9707463834,8.669226550719442,6.2540903480003,1.563522587000075,237874.2806475011,29295030.663057506,239.7901806891001,122169.43403966975
2026-01-02 13:00:00,price_volatile,dynamic_reoptimized,988.7791107001174,0.20158060410820722,201.9450003782701,41.44126064576352,20.928399364420088,0.7114127248158356,6.956121594964686,156.68070559483064,0.33468532477792495,0.032,47.55008959353946,61.20507313638899,0.8647123323065034,0.9152921160578724,0.9566440597288495,1.0442418408883039,0.4528606769208115,0.4425797462463379,0.6570616960525513,0.0,0.0,406.44850336010666,0.1815399453708878,0.7189959452041976,0.11928294440668304,0.15023445989923087,0.0052496423833381205,0.3719775061053338,0.000636742273883047,2.853838676402371e-06,0.0021974222162707445,540.4212557096513,109135.37068871073,5376.669199544703,1075.3338399089405,2018.8723556445061,26096.354878676484,0.0,443.1051940917969,0.0,45.543684113294574,0.0,1111.111111111111,0.0,8224.93452233643,153527.29547413802,14.146157414152576,153541.44163155218,8.772015567342889,6.240523496890333,1.5601308742225832,239544.74356202924,29534575.406619538,241.3503115633227,122372.2282159582
2026-01-02 13:15:00,price_volatile,dynamic_reoptimized,961.6781251669709,0.1965806041082072,205.81937411936633,42.269007634020575,20.61062980487748,0.7200259167956432,7.033108984371238,180.0,0.3152206872434675,0.0308342702259699,61.02742586603929,65.78962086667204,0.8673995250201983,0.9169628372713833,0.9583992774125235,1.0421241100306011,0.44420134132266553,0.4598540961742401,0.6595554947853088,0.0,0.0,468.81704673271133,0.1960263467702509,0.8011037296805056,0.12929025413500936,0.15186468469774392,0.005690064084481762,0.34954754050678716,0.0007373312545862796,3.0395484395887492e-06,0.0022917239573378998,532.8753271220713,109676.06631191731,5721.6823700156065,1144.336474003121,2122.6566031614384,25808.63232179644,0.0,548.5004272460938,0.0,12.503235860962953,0.0,810.8897486385183,0.0,8912.079290997714,154757.34678363721,14.391622742195505,154771.73840637942,8.319970211998765,5.990594179606853,1.4976485449017132,231793.66881622272,29766369.075435758,242.8479601082244,122572.03668571262
2026-01-02 13:30:00,price_volatile,dynamic_reoptimized,992.895611954847,0.1985543772644238,205.65405489779397,41.82459358692484,19.91062980487748,0.7230476292852356,7.057202544752561,172.90454928125416,0.31588382264598913,0.031913916777107615,33.96359804859741,31.978061563331103,0.8657804789772447,0.9160682515182467,0.9572314768246001,1.0440232400618987,0.4491972009244739,0.45242804288864136,0.6635826230049133,0.0,0.0,394.46030324631147,0.19695918130714585,0.7949566338543992,0.13069869015669613,0.1581841326723603,0.005752049353796197,0.41996373279135407,0.0007544437581866685,3.133264667818719e-06,0.0023533995037641822,540.8466331335474,111227.30318173359,4762.315990256325,952.463198051265,1779.1181252612082,25348.56740760342,0.0,530.4127807617188,0.0,0.0,0.0,1087.3277561629404,0.0,7536.717217901098,153224.2256577316,14.419795348609034,153238.6454530802,8.676297314191242,6.273376203999834,1.5683440509999584,240330.91797963015,30006699.99341539,244.41630415922435,122768.81485724293
2026-01-02 13:45:00,price_volatile,dynamic_reoptimized,997.2189151559737,0.1975796074313855,213.44470551533243,42.584893169211995,20.042574503586803,0.7179734820119601,7.036079219374444,170.9439966661755,0.32926886751988704,0.030354616447251105,52.97723423206828,55.75348087968409,0.8687560405524207,0.917932720388826,0.9583663847076591,1.043134994873153,0.43755911033645223,0.44600212574005127,0.6601320505142212,0.0,0.0,433.5243087774859,0.18428212541554945,0.748373129614191,0.12165053732368553,0.15110721494449214,0.0053538401476154,0.3556677056613788,0.0006627843261219314,2.7947859016291798e-06,0.0022222698248828,539.3976766737438,115131.57825328175,5623.226309740204,1124.6452619480408,2066.708512045065,25742.42147620562,0.0,501.844482421875,0.0,0.0,0.0,701.0616352721224,0.0,33.928021643763415,150925.41395255845,14.37832326241032,150939.79227582086,8.67129565952325,6.225760338223105,1.5564400845557762,234928.7430526099,30241628.736468,245.97274424378014,122947.07216217396
2026-01-02 14:00:00,price_volatile,dynamic_reoptimized,947.357969398175,0.1925796074313855,210.13852767409378,41.481320740435,19.40663532512457,0.7249008895431409,6.979318794934015,176.6440675550262,0.3177976620102793,0.028081211683650843,57.231222176499585,29.96505049506561,0.8670134513926473,0.9161463686723996,0.9575571690779591,1.042160784340163,0.4428515041063492,0.42968809604644775,0.6605870723724365,0.0,0.0,422.82000102611494,0.17179420587285177,0.7202327454533851,0.11348503150809479,0.15062522091050481,0.0049944762366712515,0.340194208568785,0.0006823317459876252,2.4629773547863792e-06,0.0021507226501894052,567.7306766848588,119302.0885139732,5878.9948494834925,1175.7989698966985,2176.890569025856,25690.249009006027,0.0,620.4403076171875,0.0,0.0,0.0,289.17168067305795,0.0,3061.763589224061,158195.39748889956,14.646662036411469,158210.04415093598,8.02926475538102,5.820421163553091,1.4551052908882727,230212.27231569416,30471841.008783694,247.4278495346684,123154.45115047214
2026-01-02 14:15:00,price_volatile,dynamic_reoptimized,952.9792266031566,0.19709676290186168,216.83626535322028,38.9924414960089,19.369431463765373,0.7204209908608473,6.967897727592109,175.82823164784426,0.31467111626475447,0.03029875077565159,30.405191066979906,34.928383819201784,0.8674846268656766,0.9169272244302432,0.9579103859932074,1.0424971394744895,0.4426320044705364,0.43272820115089417,0.662754237651825,0.0,0.0,399.40721501708583,0.1888382457926154,0.769214263624306,0.12515334762979277,0.16406596145797264,0.00550799882918718,0.3971644985777358,0.0007600032247328638,2.864035440902487e-06,0.0023551226404641998,566.0839802861923,122747.53616154392,5035.6968136932965,1007.1393627386593,1864.0570526835593,25442.746586053934,0.0,498.818603515625,0.0,0.0,0.0,688.7892592668663,0.0,2221.7788767664047,159506.56271626227,13.750209565809175,159520.31292582807,8.266359600959644,5.955258974535425,1.4888147436338564,237496.19379305927,30709337.202576753,248.91666427830228,123371.96182350433
2026-01-02 14:30:00,price_volatile,dynamic_reoptimized,968.4217769023184,0.19209676290186167,213.49223363664714,41.33198798576944,19.393590703838136,0.7191955683795427,6.962397160337169,180.0,0.33402633907455714,0.029804324733758804,41.67158650135044,29.259398773310252,0.8682808734265781,0.9173120527951667,0.9581082386532264,1.0429076953780247,0.4384235037822996,0.44566965103149414,0.6572122573852539,0.0,0.0,412.9309852746607,0.1853356522185596,0.7794245788541193,0.1218048623685279,0.15150264709865885,0.005360631992838913,0.3738789456331809,0.0006471655999019121,2.8363168680190765e-06,0.002225595263090336,536.4287613292015,114523.37444311111,5349.32502447526,1069.8650048950522,1968.4458098789416,26078.921897968034,0.0,576.2891845703125,0.0,12.503235860962953,0.0,584.8990558146563,0.0,8139.109671661695,158302.73332823603,14.481707869570872,158317.2150361056,8.187210599415252,5.888205580489468,1.472051395122367,233051.07726578703,30942388.27984254,250.38871567342463,123577.4072191012
2026-01-02 14:45:00,price_volatile,dynamic_reoptimized,963.3767502830653,0.19401467557719979,209.85826488678578,42.04934159636016,18.811940609583175,0.719902745197412,7.011711447691593,175.15552456008066,0.3129106021011758,0.030334125545675335,55.21720945157239,46.938703705635156,0.8690107312827944,0.9177524365789623,0.9585488859512137,1.0423157065530022,0.43599608668732115,0.4489644169807434,0.6630565524101257,0.0,0.0,434.9514098213608,0.185472151678558,0.7704548562479104,0.12297852546007257,0.15093744829814904,0.005412284905497794,0.35837061740380494,0.0007264215283473971,2.861116241853179e-06,0.002229513837026345,546.6815833383148,114725.64852493952,5580.814673057974,1116.162934611595,2046.5850003779549,25408.34913440852,0.0,484.7236022949219,0.0,0.0,0.0,696.547681048209,0.0,1639.221591334537,151698.05314207324,15.19392005743766,151713.2470621307,8.225875109527228,5.921830072999715,1.4804575182499287,224605.0172312403,31166993.29707378,251.86917319167458,123742.7863923444
2026-01-02 15:00:00,price_volatile,dynamic_reoptimized,933.7588334936797,0.18901467557719978,209.06400899987267,39.52638110057855,18.545453394035437,0.7190846553482287,6.968052125701367,179.02471851893245,0.308876212536198,0.030522214712199923,65.64686988742042,43.50085952900909,0.8699579296349529,0.917912816530155,0.9586113354957567,1.0416025972567444,0.43069206165448315,0.4563989043235779,0.665022611618042,0.0,0.0,449.29469460240114,0.18586788031361257,0.7974432326158625,0.12360634318206828,0.1472232797883537,0.005439915163442825,0.34870110550892774,0.000734155128259187,2.9636190493866865e-06,0.0022039233453298086,540.641168892246,113028.6101989902,5735.571147906196,1147.114229581239,2087.517741184866,25185.413437818068,0.0,438.4060974121094,0.0,0.0,0.0,738.5292491673109,0.0,6530.717819739307,154891.8799217993,14.411489205821267,154906.2914110051,7.767506352356507,5.585494628299456,1.396373657074864,216307.0646414898,31383300.36171527,253.26554684874944,123914.60564692371
2026-01-02 15:15:00,price_volatile,dynamic_reoptimized,964.6148169971718,0.1930957877597502,211.88802700567,40.29730166263863,18.320041496911436,0.7164870465846199,7.027068748574665,174.35670319201196,0.34325690457119545,0.030746309616279402,30.990975825777625,29.745583065089598,0.8719898941886695,0.919320157146196,0.96010132890895,1.0397364654056507,0.42508900739315486,0.4284537434577942,0.6542947888374329,0.0,0.0,392.01429495568993,0.18632146394626437,0.7785551958122336,0.1219091629086024,0.16262368286547435,0.005365222259607592,0.3941652206692211,0.0006411549673969488,2.9285981301704476e-06,0.0023150185544195618,551.5339303321066,116863.43632475272,5074.014385653718,1014.8028771307436,1831.9540381135066,26418.154099685304,0.0,580.181640625,0.0,0.0,0.0,790.1509277552765,0.0,4902.33434022056,157475.02863393683,14.769045050842802,157489.79767898767,8.197437181382758,5.873357555651884,1.468339388912971,231248.4732839922,31614548.834999263,254.7338862376624,124108.14007486787
2026-01-02 15:30:00,price_volatile,dynamic_reoptimized,952.3342670837123,0.1894512410520303,211.4458275357265,39.21145919265628,18.073261515049456,0.7208423285632657,6.927522378206745,174.843614295349,0.34080587737301665,0.028926419397060806,56.73252873546223,35.110435561315406,0.8738992678197512,0.92072275684103,0.9604886018110771,1.0404308223976466,0.41696527948436846,0.4314592182636261,0.6583682894706726,0.0,0.0,424.0458314579407,0.1724981572687743,0.737981602653003,0.113567316737886,0.14964949568646915,0.004998097609634363,0.33945672962415846,0.0006006938571204026,2.5920217191657047e-06,0.0021411643733378386,549.0989705537539,116104.68622775402,5891.767125118924,1178.353425023785,2102.311807027303,25945.334548539617,0.0,585.4503173828125,0.0,0.0,0.0,421.34736242598876,0.0,3374.0360649576883,155603.28687823014,14.49581769765345,155617.7826959278,7.940324196084893,5.723721783053075,1.4309304457632688,222678.22316177547,31837227.05816104,256.16481668342567,124284.15217342752
2026-01-02 15:45:00,price_volatile,dynamic_reoptimized,971.9011088532756,0.1915360514463969,212.54522373422617,39.84657319551349,18.472224423644416,0.7208211411340549,7.046785712888659,174.3350295554742,0.3363969839371123,0.031206903741779563,63.78705875748988,37.1220064808917,0.8733358413821544,0.9201468090894835,0.9602353974216303,1.0407306939339853,0.4181721310741121,0.4530874788761139,0.660783052444458,0.0,0.0,432.14562139378256,0.1875380809626824,0.7915520333154616,0.12392198558809718,0.14958367294091218,0.005453806585732157,0.3634645866883841,0.0006390750524005984,3.01972746504019e-06,0.0022255697827342747,525.8097289519002,111758.34648171444,5502.599354238319,1100.519870847664,1966.901432765978,25667.800218291377,0.0,540.6858520507812,0.0,0.0,0.0,901.7267629041016,0.0,3973.5929389975245,151412.1729118102,14.429282633045863,151426.60219444323,8.192641975597633,5.905429537753044,1.476357384438261,223559.78235016123,32060786.8405112,257.6411740678639,124439.68615073239
2026-01-02 16:00:00,price_volatile,dynamic_reoptimized,923.3060534106118,0.1865360514463969,204.41843835233712,39.28859385539533,17.849324437524658,0.724276489067245,6.926785712888659,152.49402205674454,0.3075650724062053,0.030200413418101094,50.12993185472592,36.31079581547393,0.8757603492671028,0.9220964669050995,0.9613244117796949,1.0400064986754416,0.41049739281323255,0.4131179451942444,0.6655926704406738,0.0,0.0,376.17936957801453,0.15468503772528266,0.6745341020512664,0.10295722733678726,0.14626270739245256,0.004531147575092007,0.3469011347141047,0.0006800949224494673,2.470878100795891e-06,0.0020269423291086525,597.9739314943628,122236.89725148506,5765.33138655854,1153.0662773117078,2037.8062156192168,25121.019537213557,0.0,516.5684814453125,0.0,0.0,0.0,667.4501138084737,0.0,0.0,157498.13926344184,14.645087418275216,157512.7843508601,7.579836379764746,5.489897280840187,1.3724743202100467,216182.2516263384,32276969.092137538,259.013648388074,124614.93551790646
2026-01-02 16:15:00,price_volatile,dynamic_reoptimized,927.0323645663766,0.18794398073247967,209.2943799827843,39.6243949385881,18.205286176773505,0.714276489067245,6.994325720510699,173.83381687016882,0.3101765058355129,0.0296515414928501,61.03823759538919,53.66981471811282,0.8776405370495631,0.9232329704333955,0.961873126919905,1.039382282613442,0.402857322241365,0.43346571922302246,0.6673507690429688,0.0,0.0,444.99230436682274,0.1743834150184993,0.7534319081670113,0.11637490612093469,0.1521005487074981,0.0051216596183823355,0.33147493914370874,0.0007223929926542897,2.7119617842691633e-06,0.002184171886759635,568.0340081087002,118886.32553624628,6033.6386369556385,1206.7277273911277,2108.671071594903,24923.117376044636,0.0,330.30352783203125,0.0,0.0,0.0,554.5125216216378,0.0,716.6313332216804,154759.92773090792,14.283146560033359,154774.21087746797,7.667869027564363,5.476978567636142,1.3692446419090356,211923.7589496722,32488892.85108721,260.382893029983,124773.53052278333
2026-01-02 16:30:00,price_volatile,dynamic_reoptimized,940.7293011368358,0.19294398073247968,201.47337870571775,37.35963422640241,17.906788768301094,0.721096122893744,7.040399294790399,164.85825771888278,0.3052968863042933,0.029773130003420425,52.42499525530534,27.344894981413557,0.8783775464487179,0.9234435329312565,0.9624080923641098,1.0386713646126418,0.39971219139552805,0.4221951961517334,0.6652236580848694,0.0,0.0,393.0005799025962,0.17051583154795635,0.7132126509352629,0.11343116522371491,0.15523879184265754,0.004992105581495693,0.3658331516526248,0.0007424500711828715,2.5920298515669504e-06,0.002185232634801406,586.9817230423841,118261.190979853,5466.973102260265,1093.3946204520528,1901.6884497989636,25162.690611374775,0.0,468.2594299316406,0.0,0.0,0.0,578.6289936873804,0.0,1369.6863112750154,154302.51249863312,13.712387582205917,154316.22488621532,7.988169551294618,5.760238092456408,1.440059523114102,222224.54921841176,32711117.40030562,261.82295255309714,124936.01909737794
2026-01-02 16:45:00,price_volatile,dynamic_reoptimized,928.5738697812462,0.19089961942259104,216.83782700893963,38.54665321620822,17.99004463961869,0.7243898880686992,7.001734739849188,174.66692550192434,0.3328344204851327,0.03093516598298556,28.925580075801044,62.19010019090886,0.8761408780383965,0.921875998346996,0.9617597831614687,1.0379645413923657,0.4092141088243911,0.4225357472896576,0.6588358879089355,0.0,0.0,422.9828387203662,0.1857117052732782,0.7870755362342827,0.1223535362388028,0.16721612355262597,0.0053847791298697115,0.3666381345621733,0.0006892562044227433,2.9718491261764105e-06,0.0023553776029859195,565.9666966894849,122722.98866957554,5454.969932105757,1090.9939864211515,1924.4661333986694,25891.433538470224,0.0,644.5994873046875,0.0,0.0,0.0,835.0091529784737,0.0,2525.7756912498116,161090.2365915043,14.243817783804316,161104.4804092881,7.801406171251581,5.651259743171392,1.412814935792848,227610.8161453885,32938728.21645101,263.23576748888996,125130.13915497335
2026-01-02 17:00:00,price_volatile,dynamic_reoptimized,918.5240778309985,0.18603837243150242,201.42262923900307,37.6955438578031,17.7341803691285,0.7163154193453999,6.9622644978207004,174.51272662466783,0.3159771794621045,0.02918806188849943,30.366608807223418,33.217854729603125,0.8778023340100014,0.9234684719153667,0.9626661719778703,1.0380631920152454,0.4045960469597482,0.4122006595134735,0.661798894405365,0.0,0.0,395.15864412369547,0.17064557065469246,0.7465796029947366,0.11293304999444807,0.1610428499036196,0.00497018353025566,0.3622375159951098,0.0007139066306287512,2.636575419636315e-06,0.0022280810440419535,592.4578503319118,119334.41792714145,5521.2392744737135,1104.2478548947427,1934.5867225072257,25551.652356454375,0.0,445.8082275390625,0.0,0.0,0.0,467.2914263697965,0.0,1133.6939762172674,155492.93776559763,13.985192422668293,155506.9229580203,7.520460684313115,5.3870219487543425,1.3467554871885856,209429.80178952648,33148158.018240537,264.58252297607856,125284.7604799563
2026-01-02 17:15:00,price_volatile,dynamic_reoptimized,959.8832998010932,0.18837180422770988,210.66095904674745,36.94805149846316,17.09894111032487,0.7216512917247653,6.904562911638103,169.15661442225567,0.3402818049461559,0.032,57.51670536791894,40.13348801673743,0.8796023073508366,0.924457107040303,0.9631987835496872,1.0377544368855058,0.3966693570124099,0.4450609087944031,0.6588311791419983,0.0,0.0,419.04776078694215,0.18371060896654964,0.7915108917934333,0.12103427712632646,0.1509156396933476,0.005326718536329628,0.36609071376064883,0.0006218541029383105,3.0867098725036562e-06,0.0022104813251929024,532.3018512552125,112135.21848778217,5463.126828471278,1092.6253656942556,1891.7063592759919,25891.975946122413,0.0,591.9554443359375,0.0,45.543684113294574,0.0,1111.111111111111,0.0,9781.042937691336,158004.3061645978,14.124067936017786,158018.4302325338,7.957665906879822,5.7426598808139495,1.4356649702034874,226861.5249313925,33375019.543171927,266.018187946282,125461.4197654465
2026-01-02 17:30:00,price_volatile,dynamic_reoptimized,961.4629340360825,0.18650031901321135,211.11071330234356,35.82512229972232,17.60161605233189,0.7188738267324081,7.014954944206041,174.073082541771,0.34109800464817464,0.03140344675877309,58.02132860672612,34.785806980979075,0.8794262303015447,0.9248473386892403,0.963123932573424,1.0383608290678696,0.39877740667936834,0.45219579339027405,0.6597044467926025,0.0,0.0,423.5459924170701,0.1836090991110133,0.8008520652951284,0.12112773915511917,0.14673796091446567,0.005330831800216794,0.36248237167845304,0.0006101339019166137,3.056430118219034e-06,0.0021781595078120817,523.6236940984325,110542.57156312822,5517.509694993219,1103.5019389986437,1916.5856251978382,25791.515796344127,0.0,525.15185546875,0.0,0.0,0.0,951.5802762150646,0.0,6480.303331736811,152828.7200820827,13.336196544255172,152842.05627862696,7.891571463791904,5.673044177108357,1.4182610442770893,216769.93434718312,33591789.47751911,267.43644899055914,125606.62394490941
2026-01-02 17:45:00,price_volatile,dynamic_reoptimized,913.3897873342784,0.1896738447888796,216.15245566765714,37.86696059779255,17.684480308731956,0.7174256020092246,7.070083439273783,166.80819744690098,0.3338182403294342,0.032,60.11610923522982,68.16993053736631,0.8785996846687714,0.9234701163439906,0.9629240106355911,1.036656378075217,0.4005292719891282,0.435372531414032,0.6559702157974243,0.0,0.0,445.221614921708,0.1823271728112513,0.7789048576567185,0.11960119489473078,0.15510882070106724,0.005263648587317102,0.3404890378949596,0.000650316930872963,3.0432802510712916e-06,0.002233962362788676,548.5401477731224,118568.29997345993,5873.904230117967,1174.7808460235933,2045.7352964284803,26222.972927540544,0.0,566.5143432617188,0.0,45.543684113294574,0.0,1111.111111111111,0.0,8116.271034005869,163725.13344606257,14.043039568261083,163739.17648563083,7.624563182729491,5.470056831427074,1.3675142078567686,223915.65022686706,33815705.12774598,268.8039631984159,125800.61962399393
2026-01-02 18:00:00,price_volatile,dynamic_reoptimized,927.3668664546965,0.18665456876948824,237.76770123442287,38.99817226488406,17.179303290595545,0.7175870462655792,6.997386263108567,172.32815574014677,0.3399566722607132,0.032,28.125581442493846,58.9332005722365,0.8776236025824281,0.9236569556328618,0.9625931999759483,1.0385846942559847,0.4060322539134853,0.4339772164821625,0.6601743698120117,0.0,0.0,414.4822779210092,0.18543781297431747,0.8080043702734753,0.12242129131963772,0.15967021722440758,0.005387761030977256,0.3743646615494531,0.0006461917974863326,3.1452434917904226e-06,0.00229306232915002,546.1265548361631,129851.2555264695,5342.384592931998,1068.4769185863995,1875.9076809317253,25737.566143680768,0.0,494.43243408203125,0.0,45.543684113294574,0.0,1111.111111111111,0.0,9781.622025201461,175308.30011710833,14.933257520385983,175323.2333746287,7.618010524790862,5.46658567090477,1.3666464177261926,239604.86883560955,34055309.99658159,270.1706096161421,126051.12763733744
2026-01-02 18:15:00,price_volatile,dynamic_reoptimized,959.950512363506,0.1886504073392376,261.5444713578652,38.28553217584033,17.371447515962945,0.7143270351540237,7.004715926475133,173.563668361147,0.33116877197720007,0.03005407593003059,42.12886100472526,48.70620575158427,0.8789767275291408,0.9238157368692586,0.9632321254092701,1.0366044578053466,0.3995949488446479,0.4199642837047577,0.6563302874565125,0.0,0.0,420.6060366424888,0.1772577913107241,0.7623179902494135,0.11633965712487405,0.16068307593085152,0.0051201083100657074,0.35058726333790413,0.0006649358040904129,2.7836550183422125e-06,0.0022522055296588586,570.2857853665486,149155.0942565989,5704.713802087995,1140.942760417599,1984.0388386500479,26181.155975242007,0.0,504.54345703125,0.0,0.0,0.0,636.3165862252733,0.0,577.1619960214174,185883.96767227448,14.395782792017679,185898.3634550665,7.96999337859878,5.693181740331667,1.4232954350829168,264588.29209498107,34319898.28867657,271.593905051225,126364.7587459797
2026-01-02 18:30:00,price_volatile,dynamic_reoptimized,971.3406814382453,0.1873858293187652,279.91475530020836,38.04498445371025,17.086863141515526,0.7225391698312215,7.027917335005495,168.93335312048387,0.3199978918971193,0.032,45.00633880115099,49.03151818923273,0.8813613393427103,0.925358429832374,0.9641651523570217,1.0358212664163466,0.3905375974557575,0.43066346645355225,0.6579630374908447,0.0,0.0,415.01122791930305,0.182509480893063,0.7914342869677113,0.12008449241927702,0.15875154029126246,0.0052849185113723815,0.3667506874226551,0.0007105143037983716,3.0830161885883074e-06,0.0022664316038464283,563.8741481861633,157836.69420964332,5453.295845346669,1090.6591690693338,1870.914288330253,25992.110728098047,0.0,625.5119018554688,0.0,45.543684113294574,0.0,1111.111111111111,0.0,8000.0,202025.84093756753,14.479376611304152,202040.32031417883,8.010501237055268,5.7879009137538855,1.4469752284384714,292347.33864039084,34612245.62731696,273.0408802796635,126765.8000218326
2026-01-02 18:45:00,price_volatile,dynamic_reoptimized,934.8183381172892,0.18510215979776506,278.3560642995595,38.36608986871691,17.568950020380594,0.7160203216639088,6.98632615296328,180.0,0.33424863166237806,0.03111314920744397,55.88537885731341,60.592436123615556,0.8805197322992843,0.9254545492265596,0.9636656684754078,1.0374185594315535,0.39486022985046104,0.44710639119148254,0.6587059497833252,0.0,0.0,458.477814980929,0.1867001777162973,0.8218963652995417,0.12298051788732922,0.15207822422706233,0.005412372592221359,0.3399866374394997,0.000649596011147022,3.101250057595215e-06,0.002236591545564476,533.8303595213619,148594.91787998515,5882.584136430651,1176.5168272861301,2031.417011697646,25906.40408887608,0.0,492.7409973144531,0.0,12.503235860962953,0.0,878.4182577666803,0.0,10134.748015468744,195110.25045068652,14.22718816381703,195124.47763885034,7.615353678713016,5.452747990616525,1.3631869976541313,265991.15084133507,34878236.77815829,274.4040672773176,127105.39287637355
2026-01-02 19:00:00,price_volatile,dynamic_reoptimized,938.2357815157079,0.1848760160818076,290.8189847155194,37.27977649677541,17.317678409685364,0.7184198028844822,6.986585658832146,163.23054783439818,0.3297094739118203,0.030728685235672702,57.187663281432215,52.040440777496805,0.8791180199478933,0.9240369873013216,0.9635095652149929,1.036799303829457,0.3995860354162597,0.41760534048080444,0.6570524573326111,0.0,0.0,419.36614494428557,0.16704372091647918,0.7364678383667629,0.10975648731015553,0.15306698899833426,0.004830383006519945,0.3317268984749744,0.0006357571432199647,2.7414484620293094e-06,0.002136673107693405,574.5241517348693,167082.5305020797,6029.0558564724915,1205.8111712944983,2096.813613941482,26097.424858559127,0.0,564.8924560546875,0.0,0.0,0.0,786.0278645965242,0.0,616.7697819330676,204479.3261049316,14.09572562271247,204493.42183055432,7.633855483943434,5.484312952023265,1.3710782380058162,280376.4804872165,35158613.25864551,275.7751455153234,127490.14488940567
2026-01-02 19:15:00,price_volatile,dynamic_reoptimized,935.6760284595549,0.1864274250252452,285.4906810652432,38.82257200884894,17.7622124913206,0.721881582306922,6.988884006917576,174.97719331373847,0.322691336532766,0.03189465152694041,49.23344619693488,65.12876915235906,0.8801093362403004,0.9251214197499705,0.9641288470665699,1.036021555929883,0.39813090322659034,0.43764784932136536,0.6554635763168335,0.0,0.0,446.818882645397,0.18735273039927433,0.8175711670430881,0.12280289070023188,0.1577946137784635,0.0054045552197172055,0.3483541013448685,0.0007050536658733899,3.1719978639817432e-06,0.0022819817277032026,553.2753889777146,157954.96761588508,5741.28449264334,1148.256898528668,1992.3868749532605,26281.889347626144,0.0,661.7024536132812,0.0,0.0,0.0,1082.0403252052529,0.0,8544.832770610165,203407.36077906517,14.34773410252332,203421.7085131677,7.676913953043202,5.541822791656914,1.3854556979142285,281831.7651390155,35440445.023784526,277.16060121323767,127869.7075581745
2026-01-02 19:30:00,price_volatile,dynamic_reoptimized,961.3566744871597,0.1855885612664581,284.21194531674666,36.493217688318,17.82739893745581,0.7166781826421859,7.053419929064849,168.65008581730234,0.3139188476647726,0.03122332624355179,28.004299170171905,44.99504049641197,0.8815288947383149,0.9260923474087713,0.9642436287067594,1.0373266112620376,0.3909654488533212,0.4208829402923584,0.665307343006134,0.0,0.0,393.43450271945835,0.17597188861221996,0.7721779139281534,0.11707538965636743,0.16109076641316397,0.005152487898776731,0.377169898570339,0.0007330617096914212,2.9266880655659303e-06,0.0022623265297061603,581.915957177694,165387.46620032907,5302.650099016364,1060.5300198032728,1820.4105614207922,25153.23635852161,0.0,395.8447570800781,0.0,0.0,0.0,905.8410073052775,0.0,2497.2378648183644,202523.21686829484,13.300298923620185,202536.51716721847,7.8521234596278795,5.627445570928182,1.4068613927320455,284940.80662097083,35725385.830405496,278.5674626059697,128246.8005997478
2026-01-02 19:45:00,price_volatile,dynamic_reoptimized,942.9011771607788,0.1877113975192764,285.6447831422886,38.68281074961708,17.773909533787858,0.7183919360327952,6.938317833514528,176.8714152890971,0.3243908206087163,0.030191136256742364,40.054529861656754,39.59699182195999,0.8777416619463437,0.9231001742716038,0.9626077753857856,1.0373763869227544,0.4041401545749919,0.42620933055877686,0.6579919457435608,0.0,0.0,415.7072107329012,0.18049857691315813,0.7810404429072523,0.11876660982703267,0.1598913202359368,0.005226918498487708,0.3621184546956714,0.0006938064482962203,2.863642225462464e-06,0.002266229183286436,566.8539263937955,161918.86687811054,5523.054608417634,1104.6109216835268,1933.9134796279213,25988.772086712594,0.0,547.2241821289062,0.0,0.0,0.0,665.4543081519068,0.0,3322.8255559301847,201004.7220207632,14.334644594981107,201019.0566653582,7.789475031223381,5.595896048359682,1.3989740120899206,281220.43620966724,36006606.26661517,279.9664366180596,128610.43881390928
2026-01-02 20:00:00,price_volatile,dynamic_reoptimized,937.8731620037238,0.19033362338030535,283.6982735192858,36.361842104640054,18.32358523039444,0.7187922745937715,6.967365764550966,163.91975366069184,0.33605268221559426,0.030337252342032658,55.31319757933466,48.88441589626423,0.8780794180078728,0.9237294266057984,0.9632467065840682,1.0364331927974149,0.4056633800680435,0.41493234038352966,0.6546811461448669,0.0,0.0,415.64514543091343,0.17036484566188584,0.7246834348801743,0.11153465242071678,0.15726736236952968,0.004908640053035746,0.340119053672256,0.0006291557934447902,2.6794566425331484e-06,0.002187035429511074,574.2671389920042,162918.59587089132,5880.293910047249,1176.0587820094497,2063.65949714513,26373.05624948617,0.0,616.5352172851562,0.0,0.0,0.0,697.2355424756666,0.0,492.9139138518091,200218.3489831919,13.097846313096403,200231.446829505,7.856172164565719,5.646955859768466,1.4117389649421166,282674.5354959479,36289280.80211111,281.37817558300173,128969.77786895343
2026-01-02 20:15:00,price_volatile,dynamic_reoptimized,984.76682010391,0.19096701200395136,286.14731062029267,38.01020480565648,18.319237567433316,0.7200658528552167,6.948216204706071,170.2719820533681,0.3314176860868886,0.03183830562469257,43.75560502204969,44.190057973193916,0.8767564161071975,0.9230603627325774,0.962775327221559,1.037721937835779,0.41072413090522,0.4351750314235687,0.6546553373336792,0.0,0.0,411.462428896643,0.18634182874726288,0.7893969693332741,0.12198967275791406,0.15833355425094978,0.005368765498075798,0.3757826607868072,0.0006724754778430084,3.0736702672685337e-06,0.0022807667527153484,550.650964711569,157567.29264268515,5322.2253411385045,1064.4450682277009,1881.814064174233,26376.067143427103,0.0,641.7799072265625,0.0,0.0,0.0,1066.6499143417918,0.0,6597.574560753909,200517.84864197497,13.774334062021602,200531.62297603698,8.27643157463012,5.959575760383882,1.4898939400959705,298770.84986960737,36588051.65198072,282.8680695230977,129346.70114469428
2026-01-02 20:30:00,price_volatile,dynamic_reoptimized,945.5296688332127,0.18887961431068565,297.2596490587188,38.058475898054205,18.488163349532066,0.7228969504110437,6.963808920075271,176.63781889544202,0.32991876250686336,0.032,51.244217287545524,39.15024856093768,0.8775694299844168,0.9234041434683056,0.9629264858005991,1.037703107303556,0.4065561116134308,0.4498513638973236,0.6564764380455017,0.0,0.0,426.0063217498231,0.19214000740221832,0.8250813344236771,0.1261353876654446,0.15425808010918443,0.005551218411156217,0.37528806986856744,0.0006781349387321137,3.222812089318927e-06,0.0022816463207852673,533.7574298377426,158664.5462760511,5329.239484485706,1065.8478968971413,1872.7436668160208,26164.195852729757,0.0,661.7523193359375,0.0,45.543684113294574,0.0,1111.111111111111,0.0,11054.73908467214,205969.71937621222,13.634662486227986,205983.35403869845,7.859802196206897,5.68182703847199,1.4204567596179976,292590.4476130564,36880642.09959377,284.2885262827157,129729.61864425431
2026-01-02 20:45:00,price_volatile,dynamic_reoptimized,973.7489473842761,0.19208509721048353,277.0016599853393,37.70087377889342,18.960090793974544,0.7231485864698411,6.955690664707923,174.15479026205554,0.3239037440113268,0.029873325450837367,56.13944486780231,34.942843557794255,0.876282464739127,0.9227718012309929,0.9626390721196105,1.0382483202155304,0.41233252329174264,0.4301719665527344,0.6575596332550049,0.0,0.0,421.9763899235021,0.17978316670186906,0.75613309973804,0.11821815316190443,0.1565978793872835,0.005202780920655414,0.3550911711957146,0.0006866876194422434,2.757336287924243e-06,0.002237104594110342,562.4971711228312,155812.65013808172,5632.356313634353,1126.4712627268707,1996.179803165905,26038.730894251457,0.0,645.2865600585938,0.0,0.0,0.0,598.8880529766311,0.0,901.9406500762664,192752.50367497178,13.229301224167248,192765.73297619596,8.231747520156416,5.952776583377733,1.4881941458444332,286872.83533458604,37167514.934928365,285.7767204285601,130057.88182883037
2026-01-02 21:00:00,price_volatile,dynamic_reoptimized,938.1782999083536,0.19708509721048353,284.37225432900385,36.59699521566237,19.022184064797756,0.7184392817084156,6.949148182251917,180.0,0.33422160614625623,0.030625785845218776,64.38765520605652,58.659230805113296,0.8767511403006005,0.9229293412370418,0.9627349942296056,1.0375486357714527,0.41036748914056087,0.43908485770225525,0.6556157469749451,0.0,0.0,465.0468860111698,0.19544662747246483,0.7961983146493312,0.12813788666409384,0.16369154128711536,0.00563934839208677,0.3492405574095125,0.0006901028680638597,2.9974660344235456e-06,0.0023757178127691357,544.1795635775292,154749.56925431546,5726.711739423895,1145.342347884779,2023.7689286397074,26264.184060104333,0.0,592.0194702148438,0.0,12.503235860962953,0.0,762.170799769123,0.0,8546.778055346784,199823.04789155987,12.72824317984208,199835.77613473972,8.13749131289536,5.846293413745014,1.4615733534362536,292074.645461788,37459589.58039015,287.2382937819964,130412.9372416501
2026-01-02 21:15:00,price_volatile,dynamic_reoptimized,969.025652932043,0.1923358294539009,288.1301787921592,38.79281492860211,19.439428144351417,0.719715703778545,6.970298239841881,179.37705514661272,0.3394062642225231,0.030851520774738777,41.743096553964,48.223176930608375,0.875694961956107,0.922808464870963,0.962006468934191,1.0394534038689087,0.41485208040375,0.4439001679420471,0.6567652225494385,0.0,0.0,430.7826782631365,0.1914143046368342,0.8037508658039507,0.12571425838395642,0.15748964074222932,0.005532684511477922,0.3698879318291278,0.0006518015771925995,3.034297837935167e-06,0.002306267887697682,535.2019903873446,154207.84518022506,5407.043128197849,1081.40862563957,1923.4100450418512,26130.705895037274,0.0,594.4146728515625,0.0,0.0,0.0,814.9884883103653,0.0,9313.189795844324,199473.00583114784,13.241484796369493,199486.2473159442,8.202511303154054,5.90347619530099,1.4758690488252475,294415.57807990065,37754005.15847005,288.71416283082164,130766.03097089086
2026-01-02 21:30:00,price_volatile,dynamic_reoptimized,967.4435835389471,0.19037034931628094,292.8926536589602,40.67071500094537,19.55243230539405,0.7179433262415057,6.96671149708337,166.52830263482235,0.342776917912083,0.032,51.334863872447414,56.144085708650124,0.8747248916083863,0.9217456425010115,0.9619036828690667,1.0387590898780648,0.4180431435942316,0.43784502148628235,0.6527025699615479,0.0,0.0,423.88272458726,0.18241852170456763,0.7757690623269508,0.11906503792515769,0.15286917539397818,0.00524005231908619,0.3560265564883039,0.00061491680335472,3.0376461925483643e-06,0.0022146931947579695,540.5762140938359,158330.80185085782,5617.558475769781,1123.511695153956,2007.616724966083,26604.570444614015,0.0,638.453125,0.0,45.543684113294574,0.0,1111.111111111111,0.0,10951.878402964127,206431.04551455023,13.817968383050554,206444.8634829333,8.105434935181997,5.8192429179986656,1.4548107294996664,300338.2024450652,38054343.36091512,290.1689735603213,131145.4594679615
2026-01-02 21:45:00,price_volatile,dynamic_reoptimized,951.7214711688285,0.19537034931628094,292.2254161671883,38.23047210088865,19.51280306119735,0.7251697784411595,6.990539693548797,164.77881582488078,0.32880607540750934,0.03135238910023222,43.05791785058783,32.893295429773566,0.8734171537000737,0.9207751296844868,0.9614678143704765,1.0385983856381997,0.42311942891882853,0.4258071780204773,0.6537113785743713,0.0,0.0,389.0309633476349,0.18150010264702918,0.7474625799540152,0.11864868231277935,0.15999547503647385,0.00522172850858542,0.3865650686340783,0.0006784779890182268,2.8801144932161934e-06,0.002269268661031879,565.0670577169963,165126.95610371785,5173.773220293725,1034.754644058745,1862.6727154107502,26486.354129311832,0.0,765.9454345703125,0.0,0.0,0.0,938.5004423821794,0.0,3195.789024575015,204584.7457143204,13.156182918729517,204597.90189723912,8.183138257621328,5.934164557232634,1.4835411393081586,303529.404480689,38357872.765395805,291.6525146996295,131519.088065811
2026-01-02 22:00:00,price_volatile,dynamic_reoptimized,953.9443177288308,0.19441236205548568,263.00287455046947,40.52430042694197,19.70101136358833,0.7177230796093851,6.973686848954511,171.74808894295757,0.35,0.032,55.32764519047496,30.85579299280838,0.8748527682272347,0.9220070595179919,0.9622651978844481,1.0389759669724417,0.41835173314517876,0.44980430603027344,0.6528792977333069,0.0,0.0,412.5048071749027,0.19210827927082372,0.7959961978074261,0.1254235184590894,0.15341667221406957,0.005519889047384524,0.38538412595339666,0.0006072400720455793,3.13126033699187e-06,0.002271206489432464,522.0354606910815,137296.82677903306,5189.627349212235,1037.925469842447,1855.5144187684034,26583.834368147447,0.0,630.707275390625,0.0,77.34166268065592,0.0,1111.111111111111,0.0,16031.033211714086,189813.9216459001,13.64994799535613,189827.57159389544,8.162031581159903,5.858078442299145,1.4645196105747862,278006.2012270491,38635878.96662285,293.11703431020425,131810.41851608903
2026-01-02 22:15:00,price_volatile,dynamic_reoptimized,958.2233140910007,0.19490292442275894,236.70258709542253,41.42212659507479,20.098459542472067,0.7266132800558408,6.976415851108542,169.66854864794738,0.31607953165098274,0.029978058326810438,63.34244248369564,45.11340976692153,0.872083220038329,0.9196846173744706,0.9606828287380965,1.038922427290474,0.42713664815096797,0.42524123191833496,0.6586611866950989,0.0,0.0,430.8260946817172,0.1781830454886436,0.7359891508789487,0.11736225619049678,0.15862757588918147,0.0051651128949437635,0.3452791119448713,0.0007201128430869004,2.7045894199956218e-06,0.0022487032297388923,575.3060431950425,136176.4287958975,5792.415268721289,1158.4830537442579,2097.4976157626324,25911.562742720896,0.0,692.6231079101562,0.0,0.0,0.0,620.437176367146,0.0,0.0,172449.44776112388,13.924095360596128,172463.37185648447,8.219330756583435,5.972274880904946,1.4930687202262365,257499.6659036628,38893378.63252652,294.6101030304305,132016.44557487968
2026-01-02 22:30:00,price_volatile,dynamic_reoptimized,986.0608344866624,0.19623164708054908,213.03232838588028,38.9367989993703,20.37015459960027,0.7227899269298445,6.976346240166752,173.23475061868518,0.33229364050763277,0.029342677568635622,43.966301246456084,52.26555385968517,0.8690164020782478,0.9181220891149326,0.9591548035599495,1.0411391321501626,0.4390051854866883,0.4259359836578369,0.6555530428886414,0.0,0.0,425.3778812816431,0.17924818257473926,0.734157558637996,0.11750669151912907,0.15837206967406608,0.00517146949375687,0.3501317956905842,0.0006598134868510789,2.642072354657446e-06,0.0022482857691724333,562.8460792221806,119904.41077956476,5712.134757871075,1142.426951574215,2103.6803911321085,26271.47878023577,0.0,678.1201171875,0.0,0.0,0.0,495.55909031948335,0.0,439.07667829136085,156746.8875461763,13.213175354347838,156760.10072153065,8.515773997026022,6.1551156650615075,1.5387789162653769,241219.13790192825,39134597.77042845,296.14888194669584,132145.01271516643
2026-01-02 22:45:00,price_volatile,dynamic_reoptimized,982.7609784098552,0.19592577871957392,191.72909554729225,41.273006939332525,20.89546713982132,0.7166849602953249,6.907249619957795,173.87316852171432,0.32941872210009926,0.03158128816225207,47.18036602909527,37.94796407833857,0.8682813513937594,0.9181725528720851,0.9589117637297735,1.0427064247656426,0.44271678460446173,0.45618492364883423,0.6577473878860474,0.0,0.0,415.487350298691,0.1932519250516795,0.7930487894511455,0.1271109489066924,0.15152813431855883,0.005594152861383532,0.38776536106820986,0.0006769942876102853,3.0844844053634935e-06,0.0022717331653804708,527.6602214023312,101167.81700575295,5157.7582754953455,1031.551655099069,1909.467761506412,26017.02556462656,0.0,521.0452270507812,0.0,0.0,0.0,997.8460104011004,0.0,5384.522551696568,142187.03405162878,13.99658939269134,142201.03064102147,8.474046721666996,6.07322183825864,1.51830545956466,215904.60117798438,39350502.37160643,297.6671874062605,132196.30525785932
2026-01-02 23:00:00,price_volatile,dynamic_reoptimized,964.9125541650387,0.19515929764915416,172.55618599256303,41.36865178827364,20.810096495828788,0.7228233133140813,7.027249619957795,172.8440220285517,0.3284169440131057,0.030885856135528307,58.77998044241723,59.61734263639974,0.868428328044903,0.9177718958353148,0.9592945013814843,1.040366545878894,0.44256883032975625,0.4433784782886505,0.6545394659042358,0.0,0.0,446.80096493306525,0.18715584390082304,0.7717821496144213,0.12250088610770125,0.1537887755631591,0.005391263997599933,0.3475113424478361,0.0006748451172087952,2.9292578509212485e-06,0.0022524250123060795,543.5087928675453,93785.80435064556,5755.207832677329,1151.0415665354658,2130.208407957408,26389.58780113556,0.0,699.4027709960938,0.0,0.0,0.0,823.1773388748754,0.0,1356.5146823710963,132090.94475119337,14.090366289164814,132105.03511748253,8.287595996566454,5.99046759764668,1.49761689941167,197842.733089314,39548345.104695745,299.1648043056722,132195.8483601806
2026-01-02 23:15:00,price_volatile,dynamic_reoptimized,974.9816870951977,0.19955816002736296,155.30056739330672,39.82365517166911,20.857754383644185,0.719369295577,6.9691836694971165,159.4925510706782,0.31126103224260626,0.03082805330359341,46.060974866614046,51.953904894000765,0.8662312242494181,0.9162742244186707,0.9581525404803939,1.0417290109052304,0.44977867678938016,0.42232510447502136,0.6571106314659119,0.0,0.0,401.05072679490337,0.1762543786478104,0.7069201011510176,0.11581862605189464,0.15842181424634663,0.005097177732543883,0.3660352890280047,0.0007350817541444905,2.6910940757794323e-06,0.002235803939082504,583.3771046117184,90598.79535046432,5463.954050198105,1092.790810039621,2042.8899788504953,26090.687938586165,0.0,581.421142578125,0.0,0.0,0.0,809.4151374429315,0.0,893.0957847807869,127573.05019294056,13.630237792705048,127586.68043073326,8.56282992314741,6.15983692996021,1.5399592324900524,196478.28647206558,39744823.39116781,300.70476353816224,132172.24404269812
2026-01-02 23:30:00,price_volatile,dynamic_reoptimized,1023.7307714499576,0.19576828305095206,139.77051065397606,39.464199726610914,20.96558915424065,0.720473243434276,7.052638728078964,171.7629693392606,0.3172992325030867,0.030128584801553004,60.9391413930638,43.415997013783,0.8661982841596678,0.916448767943671,0.9582732797383596,1.0421701785129747,0.45042613987045504,0.4417451024055481,0.658029317855835,0.0,0.0,430.7047801514419,0.18196901324048806,0.747491440837044,0.11974094565353775,0.15132249115986804,0.005269799018212197,0.35237642747114784,0.0007030685158930911,2.765890427074018e-06,0.0022100928551541427,553.3279829832201,77338.93474069925,5675.748557737329,1135.1497115474658,2123.987665226429,25984.45638094548,0.0,584.8863525390625,0.0,0.0,0.0,652.0755498233762,0.0,32.74116497391614,113527.98012349232,13.52704349385232,113541.50716698618,8.820220819214464,6.354733101425972,1.588683275356493,180381.49349496033,39925204.88466277,302.29344681351876,132074.33143362898
2026-01-02 23:45:00,price_volatile,dynamic_reoptimized,1000.4640268972395,0.1997905180734214,137.7387590882218,41.83205171020757,21.66558915424065,0.7190213418100163,7.022010460160778,163.5785987553411,0.32854477791110753,0.030081083628013337,39.54033672098102,70.30394278748874,0.8665369668312065,0.916427477938184,0.9582967007159788,1.0417029491363043,0.44841235499259713,0.41678306460380554,0.6545971632003784,0.0,0.0,420.6436171436178,0.17648120497727238,0.7068023806761384,0.115524096136307,0.16165629458623346,0.005084215470958871,0.3480984843129626,0.0006770196845287915,2.6241492102785743e-06,0.002261228904310565,578.4319635640843,79672.5008782805,5745.500454985818,1149.1000909971635,2144.0738263062535,26382.854694245787,0.0,622.57080078125,0.0,0.0,0.0,642.0065640779833,0.0,0.0,116358.60730967474,14.293997833927092,116372.90130750867,8.796860787157796,6.325130646898114,1.5812826617245286,184018.45113214318,40109223.33579491,303.87472947524327,131992.6253988245
2026-01-01 00:00:00,price_volatile,static_average_condition,1000.0,0.2,85.0,42.68163876002333,22.0,0.72,7.0,163.21239253984314,0.2920158749982231,0.030344340833461745,57.62707572774646,33.2966105684379,0.864267229249079,0.9151958618303451,0.9573564483550596,1.043143472100417,0.4572863258126616,0.4329507350921631,0.6643112301826477,0.0,0.0,401.0272321218863,0.17776664911179213,0.7110153755102295,0.11809238135690171,0.15466932519560744,0.005197245703517244,0.37324317221380965,0.0008145351226419792,2.665475051339604e-06,0.0022257746932177933,585.4976779050053,49767.302621925446,5358.436935731311,1071.6873871462622,2024.357938990886,25265.926162730757,0.0,465.18634033203125,0.0,0.0,0.0,698.7961911654523,0.0,28.117276672240372,84679.8108546944,14.72730858948634,84694.53816328388,8.802,6.337439999999999,1.5843599999999998,134186.63848438044,134186.63848438044,1.5843599999999998,84694.53816328388
2026-01-01 00:15:00,price_volatile,static_average_condition,1031.204649578002,0.20263518392508353,80.0,44.59131271704564,22.19559156011855,0.7204726569652421,7.044406082702809,163.21239253984314,0.2920158749982231,0.030344340833461745,57.62707572774646,33.2966105684379,0.8624192931092564,0.9138970287498452,0.9564570541956522,1.0440365208326718,0.4634816812439503,0.4333611726760864,0.6645469665527344,0.0,0.0,401.0272321218863,0.18008098919187893,0.7085624963214858,0.11967227510127888,0.1564767724986253,0.0052667768272072835,0.37823658962259177,0.0008247791384052424,2.6645612704523615e-06,0.002253767189070937,585.0278053988569,46802.22443190855,5287.695730324821,1057.5391460649641,2014.6674578841257,25239.226896737793,0.0,469.15203857421875,0.0,0.0,0.0,698.7961911654523,0.0,28.117276672240372,81597.41916933218,15.48820175672956,81612.9073710889,9.196256712030467,6.625651507451032,1.656412876862758,135184.67068767917,269371.30917205964,3.2407728768627577,83119.46545073086
2026-01-01 00:30:00,price_volatile,static_average_condition,1010.9822555308032,0.2022403923090752,88.0,42.6738827879369,22.78343220819381,0.7202471293883592,7.013146425528885,163.21239253984314,0.2920158749982231,0.030344340833461745,57.62707572774646,33.2966105684379,0.8609238367465295,0.9130418010454096,0.9559997134139688,1.0443997074798101,0.4698329946664183,0.4330539405345917,0.6631462574005127,0.0,0.0,401.0272321218863,0.1796467105837832,0.708580662410466,0.1191320437779489,0.15596541886255383,0.005243001246667532,0.3765291327101975,0.0008220232686246404,2.6646251580763527e-06,0.002246236580451419,585.7188144263795,51543.25566952139,5311.673988156811,1062.3347976313623,2041.346200546618,25398.148511003485,0.0,489.0767822265625,0.0,0.0,0.0,698.7961911654523,0.0,28.117276672240372,86572.74941692394,14.91466415891144,86587.66408108285,8.998348325426548,6.48103455062502,1.620258637656255,140294.41064185277,409665.7198139124,4.861031514519013,84275.47087286222
2026-01-01 00:45:00,price_volatile,static_average_condition,996.5354745182758,0.20378852178192824,82.31221985708495,45.03605024376163,23.03160719770457,0.7241527985269024,6.980796705549762,163.21239253984314,0.2920158749982231,0.030344340833461745,57.62707572774646,33.2966105684379,0.86174951191339,0.9135769412032402,0.9562167638321342,1.0440199530102754,0.46667786734743955,0.43303680419921875,0.6632499694824219,0.0,0.0,401.0272321218863,0.18098593550745873,0.7070658797692941,0.12003891620206958,0.1571636565077679,0.005282912702053082,0.3793953967018521,0.0008284773309179718,2.6640726584620863e-06,0.0022638727610428144,585.8537400052896,48222.92185141089,5271.545246427173,1054.3090492854346,2017.2753509784504,25386.35853842305,0.0,556.373291015625,0.0,0.0,0.0,698.7961911654523,0.0,28.117276672240372,83235.69679537832,15.734490464402134,83251.43128584271,8.937660440147155,6.4722318200157485,1.6180579550039371,134705.64065752146,544371.3604714338,6.47908946952295,84019.73194414236
2026-01-01 01:00:00,price_volatile,static_average_condition,1003.6114778465625,0.2037028533791913,90.54344184279346,44.15245417814593,23.271861346589287,0.7162502622083203,6.991356245519263,163.21239253984314,0.2920158749982231,0.030344340833461745,57.62707572774646,33.2966105684379,0.8601309618174764,0.9123119713322287,0.9558186588658293,1.043336148943072,0.47328146219493195,0.4278194010257721,0.6595123410224915,0.0,0.0,401.0272321218863,0.18087606258872993,0.7070058642307594,0.11928999547282396,0.15954261179539286,0.0052499527007589825,0.37702835536092494,0.0008335084810369811,2.6640730034996927e-06,0.0022776207337224315,593.1088269257651,53702.11457720047,5304.640809006057,1060.9281618012114,2048.1555556836006,25813.59269559877,0.0,482.87841796875,0.0,0.0,0.0,698.7961911654523,0.0,28.117276672240372,89139.22368509656,15.440602316974871,89154.66428741353,8.997339340961094,6.44434666214062,1.611086665535155,143635.8908037152,688007.251275149,8.090176135058105,85042.30807704259
2026-01-01 01:15:00,price_volatile,static_average_condition,996.499769299769,0.2013298543777351,81.48909765851411,43.85383340243675,23.37665717395135,0.7168589711873222,6.983726004459256,163.21239253984314,0.2920158749982231,0.030344340833461745,57.62707572774646,33.2966105684379,0.8608558107675561,0.9129235721664402,0.9557950777346856,1.044057227751823,0.4699263622625739,0.4331396520137787,0.6627667546272278,0.0,0.0,401.0272321218863,0.17875354018042708,0.7090543037963681,0.11847190370350942,0.1550470401797507,0.00521394848199145,0.3744426918013246,0.0008176926846296664,2.664863097188891e-06,0.0022344029541350946,585.8823715678898,47743.02579309762,5341.27129141882,1068.2542582837639,2052.980158472297,25441.321778613394,0.0,438.8953857421875,0.0,0.0,0.0,698.7961911654523,0.0,28.117276672240372,82812.66213346578,15.291347981611562,82827.95348144739,8.829513002919446,6.329515607357918,1.5823789018394796,131065.20607158422,819072.4573467333,9.672555036897585,84680.05136411672
2026-01-01 01:30:00,price_volatile,static_average_condition,1008.4100029343575,0.2063298543777351,82.56425939018207,43.08053396484444,23.83792094661615,0.7181100633770753,7.049703402373881,163.21239253984314,0.2920158749982231,0.030344340833461745,57.62707572774646,33.2966105684379,0.8612313046640203,0.9134008935483955,0.9563609107654737,1.0436909549356188,0.4700455124284963,0.43005937337875366,0.6601718068122864,0.0,0.0,401.0272321218863,0.1831261163458603,0.7043557954151948,0.12089469910256356,0.1602169486979635,0.005320575707503822,0.38210018697567477,0.0008406999275124626,2.663118192448261e-06,0.002297271868618664,590.2810310347076,48736.11615945371,5234.2293151699605,1046.8458630339921,2012.1616244448019,25737.860181322507,0.0,503.5265808105469,0.0,0.0,0.0,698.7961911654523,0.0,28.117276672240372,83997.65319207322,15.036977995896882,84012.69017006912,9.156944569464471,6.575694045118497,1.6439235112796242,138110.4366164272,957182.8939631605,11.316478548177209,84583.10506118865
2026-01-01 01:45:00,price_volatile,static_average_condition,981.9575817945106,0.20763495611956834,90.82068532920029,45.44821174288196,24.179416666384544,0.7185023969836689,6.971673263617888,163.21239253984314,0.2920158749982231,0.030344340833461745,57.62707572774646,33.2966105684379,0.8598733472172068,0.9126099719806164,0.9558325924124746,1.0447142952018569,0.4750504536843484,0.4313987195491791,0.660706102848053,0.0,0.0,401.0272321218863,0.1842346241439927,0.7030061384780655,0.12172494052785322,0.16043847671031677,0.005357114632630821,0.3847242507782489,0.0008440747314202745,2.6626365907177407e-06,0.0023064937584104956,588.606244715165,53457.622534078255,5198.5285459761135,1039.7057091952227,2011.96693545029,25676.612921341268,0.0,501.06182861328125,0.0,0.0,0.0,698.7961911654523,0.0,28.117276672240372,88612.41194249214,15.947471090344354,88628.35941358248,8.97314254111002,6.44722442426368,1.61180610606592,142851.7308734172,1100034.6248365776,12.928284654243129,85087.4384542222
2026-01-01 02:00:00,price_volatile,static_average_condition,1025.9387569748362,0.20263495611956833,93.09706044619818,46.638561549689314,24.320700315210008,0.7163373580676613,7.040752742213569,163.21239253984314,0.2920158749982231,0.030344340833461745,57.62707572774646,33.2966105684379,0.8591726144604438,0.912250850473268,0.9552823428721919,1.0453515498604675,0.47742665038826027,0.43570610880851746,0.6628562211990356,0.0,0.0,401.0272321218863,0.17977810276269932,0.7073629299302563,0.11916703385161478,0.15433620122129882,0.005244541159809567,0.37663972245308336,0.0008182602984752394,2.6643104982634266e-06,0.002235953999016865,582.8686466255831,54263.35762709564,5310.114363333339,1062.0228726666676,2061.714869972376,25431.139364665498,0.0,429.0351867675781,0.0,0.0,0.0,698.7961911654523,0.0,28.117276672240372,89284.29775233881,16.378701075751767,89300.67645341456,9.149285330592269,6.553974881923675,1.6384937204809187,146318.597603618,1246353.2224401957,14.566778374724047,85561.34996897052
2026-01-01 02:15:00,price_volatile,static_average_condition,1015.4790805852281,0.2070253991736837,93.05657499153995,43.840247856707954,24.324671698609738,0.7153414647813107,6.982095417677635,163.21239253984314,0.2920158749982231,0.030344340833461745,57.62707572774646,33.2966105684379,0.8576790679655252,0.9112278349314858,0.9550682144786977,1.0451597776314203,0.4838608557693247,0.4308050572872162,0.6592918038368225,0.0,0.0,401.0272321218863,0.18367358809832351,0.7034646415808558,0.12109449121452524,0.15999433436278204,0.005329368558351256,0.3827316505874255,0.000840957339962653,2.662825180433677e-06,0.002297975266300884,589.4873655380825,54855.6752377599,5225.593433232797,1045.1186866465594,2046.3823381160155,25838.952811212577,0.0,471.2344055175781,0.0,0.0,0.0,698.7961911654523,0.0,28.117276672240372,90209.87038032312,15.483790964611941,90225.35417128773,9.252220628090122,6.618497056577846,1.6546242641444615,149289.0602528404,1395642.2826930361,16.221402638868508,86037.09024205482
2026-01-01 02:30:00,price_volatile,static_average_condition,1066.2530346144895,0.20391768260029614,83.75091749238595,42.370271679999725,24.706034785271537,0.7195129735206482,7.01863138571909,163.21239253984314,0.2920158749982231,0.030344340833461745,57.62707572774646,33.2966105684379,0.8595106909501342,0.9125711182052373,0.9560528375968252,1.0447607268171208,0.47762175852682687,0.4312138259410858,0.6595950722694397,0.0,0.0,401.0272321218863,0.18086108555707023,0.7060080594567959,0.11929508079874505,0.15735439114971048,0.00525017650595277,0.37704442805889854,0.0008279268730578251,2.6638313243521378e-06,0.0022623685961016844,589.1152986908143,49338.94677415669,5304.414682101012,1060.8829364202022,2060.040067072856,25804.083599301615,0.0,538.523681640625,0.0,0.0,0.0,698.7961911654523,0.0,28.117276672240372,84833.80520853071,14.916278683909884,84848.72148721463,9.568999585380123,6.885019345294703,1.7212548363236757,146046.27221574876,1541688.5549087848,17.942657475192185,85923.08898725559
2026-01-01 02:45:00,price_volatile,static_average_condition,1026.3570887541791,0.20615414352800987,86.38439346900768,44.91248798079971,25.406034785271537,0.7195750915269229,6.931152743795266,163.21239253984314,0.2920158749982231,0.030344340833461745,57.62707572774646,33.2966105684379,0.8575839187733973,0.9110698405530433,0.955178725427637,1.044844359612978,0.48430951664873517,0.4289856255054474,0.6585853695869446,0.0,0.0,401.0272321218863,0.18274343156916203,0.7036322274165425,0.1203521504195631,0.16019840151217854,0.005296698139964972,0.3803854058086195,0.0008400690516640042,2.662992557403408e-06,0.002295547955850475,592.4974233273252,51182.530546080874,5257.825272629532,1051.5650545259064,2060.231242701705,25920.30176947188,0.0,557.9622192382812,0.0,0.0,0.0,698.7961911654523,0.0,28.117276672240372,86757.32957248588,15.917080223191073,86773.24665270907,9.311977607450714,6.700667139178004,1.675166784794501,145359.66060139885,1687048.2155101837,19.617824259986687,85995.68398373085
2026-01-01 03:00:00,price_volatile,static_average_condition,1045.3514382856256,0.2111208955332404,92.57390232221672,46.21848508662818,25.186270787267976,0.7191065558707107,7.051152743795266,163.21239253984314,0.2920158749982231,0.030344340833461745,57.62707572774646,33.2966105684379,0.8586870468751593,0.9122785387204535,0.9555341532508345,1.0457832035138221,0.4808125374388139,0.4330957531929016,0.6611279249191284,0.0,0.0,401.0272321218863,0.18717869533149592,0.6993518337327551,0.12374906243358165,0.16198235266635722,0.005446196237701929,0.39112169718724527,0.0008554329518977503,2.661338798955032e-06,0.0023375308972594065,586.7627695517147,54318.91931479379,5113.497958264693,1022.6995916529385,1994.3793569778063,25628.328671967953,0.0,504.2282409667969,0.0,0.0,0.0,698.7961911654523,0.0,28.117276672240372,89308.96660246167,16.317945814362773,89325.28454827603,9.712810354422153,6.984545601793892,1.746136400448473,155974.13083016232,1843022.346340346,21.363960660435158,86267.821572688
2026-01-01 03:15:00,price_volatile,static_average_condition,1028.3224099560525,0.21148875140035864,83.31651208999506,47.19107892117537,25.0140033736397,0.7196370920489119,7.036319287535573,163.21239253984314,0.2920158749982231,0.030344340833461745,57.62707572774646,33.2966105684379,0.8585329775732466,0.9121617393198669,0.9558714592350592,1.0450576721767402,0.48241807922631297,0.4289677143096924,0.658577024936676,0.0,0.0,401.0272321218863,0.18753109757835373,0.6991208680482567,0.1235036723262617,0.16440534321586944,0.005435396619078777,0.3903461164001225,0.0008618342764720295,2.661234488638472e-06,0.0023550229683125122,592.3244806041115,49350.4097494525,5123.6579947164355,1024.731598943287,2002.6196484405964,25921.263734955886,0.0,559.2498168945312,0.0,0.0,0.0,698.7961911654523,0.0,28.117276672240372,84708.84601124094,16.69410847339698,84725.54011971434,9.57123417704417,6.887815130487227,1.7219537826218068,145893.46429381776,1988915.8106341637,23.085914443056964,86152.78444091807
2026-01-01 03:30:00,price_volatile,static_average_condition,1043.1780211195921,0.21648875140035864,80.0,46.383658033733745,25.7140033736397,0.7202767671072493,7.037876360959037,163.21239253984314,0.2920158749982231,0.030344340833461745,57.62707572774646,33.2966105684379,0.8595968553113743,0.9125361695081922,0.9563162279692948,1.043557532887138,0.47819189697508885,0.42305123805999756,0.6574753522872925,0.0,0.0,401.0272321218863,0.19185759243599373,0.6943011287585633,0.12614163817584675,0.17202942676252655,0.005551493496119016,0.3986836800141133,0.0008930497634683807,2.659461044526337e-06,0.0024403214889798484,600.9249071128221,48073.992569025766,5016.508325420295,1003.3016650840589,1949.7150543673506,26048.478206909032,0.0,591.602783203125,0.0,0.0,0.0,698.7961911654523,0.0,28.117276672240372,83410.51207184732,16.34728740228339,83426.8593592496,9.939055883413813,7.037876360959037,1.7594690902397592,146786.98033837925,2135702.790972543,24.845383533296726,85959.74331047718
2026-01-01 03:45:00,price_volatile,static_average_condition,1062.264015492698,0.21148875140035864,80.0,46.076201948672384,25.555905355317673,0.7207483392440946,6.9734059865700475,163.21239253984314,0.2920158749982231,0.030344340833461745,57.62707572774646,33.2966105684379,0.8584091686223703,0.9117144647985174,0.9558136066707312,1.044059954793542,0.482365116030328,0.4250124394893646,0.6574258208274841,0.0,0.0,401.0272321218863,0.18745025357472328,0.6988198210197928,0.12323463682068249,0.16672071906505484,0.005423556366478236,0.38949580188883276,0.0008683338456719707,2.661170640236318e-06,0.002372783499737019,598.090680148229,47847.25441185832,5134.8435343876345,1026.968706877527,2006.8501813907537,26054.207814755973,0.0,601.461669921875,0.0,0.0,0.0,698.7961911654523,0.0,28.117276672240372,83398.49978702978,16.31166089276151,83414.81144792255,9.887149741842546,6.9734059865700475,1.7433514966425119,145421.3363798887,2281124.127352432,26.588735029939237,85792.87900623548
2026-01-01 04:00:00,price_volatile,static_average_condition,1031.8340122307866,0.21301682588658144,88.0,47.249784717905186,25.98733855228516,0.7165846761747159,7.010211566434752,163.21239253984314,0.2920158749982231,0.030344340833461745,57.62707572774646,33.2966105684379,0.8596754417647876,0.9128302768839334,0.9568282169098723,1.0439766768466305,0.4789583298812104,0.4233575463294983,0.6571967005729675,0.0,0.0,401.0272321218863,0.1887398707255909,0.697226397911288,0.12403922030742676,0.16895005408450128,0.005458966085729852,0.3920387711257364,0.000877720444156889,2.660603005944564e-06,0.0023984330423808794,600.6291371024963,52855.364065019676,5101.536244124567,1020.3072488249135,1984.7951794209093,26080.722797920647,0.0,529.0398559570312,0.0,0.0,0.0,698.7961911654523,0.0,28.117276672240372,88298.67885910545,16.62160413544792,88315.3004632409,9.673310249658874,6.9317458927893645,1.7329364731973411,153044.8053141322,2434168.932666564,28.321671503136578,85947.22004303255
2026-01-01 04:15:00,price_volatile,static_average_condition,1042.896619811074,0.20801682588658144,91.6688674925662,45.160586234237904,25.811229998102817,0.7220329951122507,7.003050682490885,163.21239253984314,0.2920158749982231,0.030344340833461745,57.62707572774646,33.2966105684379,0.8591091127836503,0.9126118595364355,0.956467723559523,1.0445779210000705,0.48116884387292586,0.42756929993629456,0.6576980352401733,0.0,0.0,401.0272321218863,0.18433578523475788,0.7017544700885907,0.12123728377335481,0.1623127452034008,0.005335652858865345,0.3831829612224867,0.000849324035980082,2.662314741129193e-06,0.0023208378534917682,594.6459202159747,54510.51806527328,5219.4387600620485,1043.8877520124097,2036.6657096078754,26022.72976494657,0.0,620.8486328125,0.0,0.0,0.0,698.7961911654523,0.0,28.117276672240372,90181.00215255239,15.983114739537292,90196.98526729192,9.547531362007367,6.893632665238326,1.7234081663095815,155446.2209861559,2589615.1536527197,30.04507966944616,86190.98974419381
2026-01-01 04:30:00,price_volatile,static_average_condition,1095.041450801628,0.21301682588658144,83.39425003657801,44.15206319912731,26.3914179385039,0.7207963124894923,7.0448017231079465,163.21239253984314,0.2920158749982231,0.030344340833461745,57.62707572774646,33.2966105684379,0.8606113127853708,0.9136937469984497,0.9570069444725863,1.0440569201444851,0.4758508509816344,0.4267471134662628,0.6580446362495422,0.0,0.0,401.0272321218863,0.18867931932826776,0.6970025941486468,0.12415941405518117,0.16678436467815919,0.005464255812568523,0.39241865588355607,0.0008718724974155067,2.660555397254584e-06,0.0023824531153004667,596.0530179831117,49707.39441674054,5096.597651548625,1019.3195303097251,1974.638242609022,25982.68756504098,0.0,590.6654663085938,0.0,0.0,0.0,698.7961911654523,0.0,28.117276672240372,85098.21634039519,15.530350297744004,85113.74669069293,10.265871801356637,7.0448017231079465,1.7612004307769866,149902.3673366917,2739517.5209894115,31.806280100223145,86131.33985983452
2026-01-01 04:45:00,price_volatile,static_average_condition,1052.3116888575637,0.21146741062314012,85.86474570027386,46.80118699107495,26.502612185543406,0.7138451918207379,6.983566567652024,163.21239253984314,0.2920158749982231,0.030344340833461745,57.62707572774646,33.2966105684379,0.86146040622591,0.9142423680984865,0.9577859291241732,1.042924156578523,0.4738271888866563,0.42234861850738525,0.6564913392066956,0.0,0.0,401.0272321218863,0.1872906890567322,0.6983130078137418,0.12295471527979893,0.16816667092084972,0.005411237019463951,0.38861108093825264,0.0008724817853643079,2.6610662927830294e-06,0.00238411803760968,602.3134594813296,51717.49203021656,5146.533637618493,1029.3067275236986,1988.5698435987506,26162.467063800148,0.0,493.4197082519531,0.0,0.0,0.0,698.7961911654523,0.0,28.117276672240372,87264.7024788473,16.34769271521483,87281.05017156251,9.793528928771702,6.983566567652024,1.745891641913006,152383.2559919207,2891900.7769813323,33.55217174213615,86191.16518617388
2026-01-01 05:00:00,price_volatile,static_average_condition,1032.574538973341,0.21441712594937914,94.10440428011378,44.775872802573446,26.419665244955404,0.7222879173858882,6.962343096093005,163.21239253984314,0.2920158749982231,0.030344340833461745,57.62707572774646,33.2966105684379,0.860988174720942,0.9136534326777277,0.9575756625184811,1.0425663096703723,0.4749533822141925,0.4189050495624542,0.6558427810668945,0.0,0.0,401.0272321218863,0.18991553431912572,0.6957465080397126,0.12455473219566067,0.17277932008606334,0.0054816537639310265,0.39366809970957484,0.0008910422495593581,2.6600783512579347e-06,0.0024348358155806557,607.2142252750193,57141.532939916506,5080.421810848993,1016.0843621697985,1966.0000850303495,26237.78357163942,0.0,662.242919921875,0.0,0.0,0.0,698.7961911654523,0.0,28.117276672240372,92830.97915736464,15.752405623150572,92846.73156298778,9.743887275557187,6.962343096093005,1.7405857740232513,161607.70012309213,3053508.4771044245,35.292757516159405,86519.40772002081
2026-01-01 05:15:00,price_volatile,static_average_condition,1037.082319885413,0.21079017376941447,92.1955508796251,47.362011838804804,26.02996891553548,0.7243705837800561,7.020697160763119,163.21239253984314,0.2920158749982231,0.030344340833461745,57.62707572774646,33.2966105684379,0.861652893156302,0.9141961430252474,0.9582756936396183,1.0417463242540925,0.4738388638830114,0.4161953330039978,0.6544192433357239,0.0,0.0,401.0272321218863,0.18676131947616847,0.699174941084634,0.12222020137597557,0.17144047111119423,0.005378911062556685,0.38628957385754065,0.0008797615779379211,2.6613508531909305e-06,0.0024040105844524325,610.984914050884,56330.090730061645,5177.463062302526,1035.4926124605051,2000.5521006459498,26403.62124001521,0.0,733.9788208007812,0.0,0.0,0.0,698.7961911654523,0.0,28.117276672240372,92408.11203412432,16.668408758681817,92424.780442883,9.6208836141849,6.969085080087092,1.742271270021773,161029.03960370529,3214537.5167081296,37.03502878618118,86797.21933705003
2026-01-01 05:30:00,price_volatile,static_average_condition,1029.7922648277718,0.21575086469452778,88.93906581422716,46.72049163706956,26.72996891553548,0.7174593266986111,6.940553142993517,163.21239253984314,0.2920158749982231,0.030344340833461745,57.62707572774646,33.2966105684379,0.8603744891904482,0.9133722080289031,0.9576488732292183,1.0426449492117318,0.478165041280408,0.4167586863040924,0.6548087000846863,0.0,0.0,401.0272321218863,0.19105040523653155,0.6943934066430673,0.12510146750358578,0.17507577017159595,0.00550571558483281,0.3953961131372533,0.0008997843371231989,2.659590387552672e-06,0.002458724186658355,610.4870588354545,54296.148704500454,5058.218666165145,1011.6437332330289,1965.8555486654573,26358.17910411622,0.0,588.7650756835938,0.0,0.0,0.0,698.7961911654523,0.0,28.117276672240372,90005.7243002016,16.432652610723466,90022.15695281232,9.778078935778352,6.940553142993517,1.7351382857483792,156200.89109447433,3370738.407802604,38.770167071929556,86941.54971137826
2026-01-01 05:45:00,price_volatile,static_average_condition,1071.9268967394087,0.21433335053995106,90.55550439681322,46.49280751297255,26.58811821785443,0.7251592336498188,6.963799085029186,163.21239253984314,0.2920158749982231,0.030344340833461745,57.62707572774646,33.2966105684379,0.861728282592958,0.9140136111863423,0.9583203825376417,1.0411051768035207,0.47321382290342184,0.4118432402610779,0.6535828709602356,0.0,0.0,401.0272321218863,0.18981627422350308,0.6957272851208749,0.12406066546197252,0.177172069069077,0.005459909886981411,0.3921065507523245,0.0009028464918133681,2.660086712724962e-06,0.0024670917404036007,617.7021944943275,55936.33378945225,5100.654391421548,1020.1308782843097,1969.2157000133495,26501.392893820237,0.0,768.4761962890625,0.0,0.0,0.0,698.7961911654523,0.0,28.117276672240372,92023.11731711846,16.361499917403126,92039.47881703587,10.111283562563303,6.963799085029186,1.7409497712572966,160236.10959315937,3530974.517395763,40.511116843186855,87160.6312673061
2026-01-01 06:00:00,price_volatile,static_average_condition,1035.615036363906,0.2122336182753404,99.61105483649455,45.070044298962245,26.40746270896306,0.7221773398069573,6.981867992595716,163.21239253984314,0.2920158749982231,0.030344340833461745,57.62707572774646,33.2966105684379,0.8611594293938418,0.9135605975697492,0.9584935851943438,1.040848239351339,0.4758549360633955,0.40810221433639526,0.6520261168479919,0.0,0.0,401.0272321218863,0.18798401059188724,0.6976866157692461,0.12257048445574002,0.17777212616951424,0.005394327020897118,0.387396679721288,0.0009000494883724706,2.660818120698787e-06,0.0024594487311550856,623.2768285318198,62085.26234519951,5162.666859816396,1032.5333719632793,2000.2472247914573,26684.04486879871,0.0,738.1788330078125,0.0,0.0,0.0,698.7961911654523,0.0,28.117276672240372,98429.84697141487,15.86887246258636,98445.71584387745,9.673060280808919,6.981867992595716,1.745466998148929,171833.74811463524,3702808.2655103984,42.25658384133578,87626.77738961655
2026-01-01 06:15:00,price_volatile,static_average_condition,1037.7017341720036,0.21264436557561073,109.57216032014401,46.97875527038396,26.433122884752272,0.719815494688964,6.9911478071833315,163.21239253984314,0.2920158749982231,0.030344340833461745,57.62707572774646,33.2966105684379,0.8640025977384791,0.9156199969970654,0.9597505275140421,1.0391444800861986,0.4666959366387991,0.40538161993026733,0.6512050628662109,0.0,0.0,401.0272321218863,0.18834407896471786,0.6973084966687967,0.12265061778269769,0.17990532395880438,0.005397853688616525,0.38764994938026226,0.0009067007513009048,2.6606761274368133e-06,0.002477623776395649,627.4688791522392,68753.12062237022,5159.293850540698,1031.8587701081397,1974.3683065815992,26780.729836359435,0.0,706.108642578125,0.0,0.0,0.0,698.7961911654523,0.0,28.117276672240372,105132.39349637591,16.362580735120588,105148.75607711103,9.711309398736736,6.9903509789292695,1.7475877447323174,183756.67749420702,3886564.9430046054,44.0041715860681,88322.64766995654
2026-01-01 06:30:00,price_volatile,static_average_condition,1059.3301372816838,0.21024499389525392,120.52937635215842,44.16002995416092,26.45376291859636,0.722040735100774,6.9705050567337965,163.21239253984314,0.2920158749982231,0.030344340833461745,57.62707572774646,33.2966105684379,0.8616927767413357,0.9142516655427788,0.9583896734795697,1.0414279023457205,0.47416417733365906,0.414966344833374,0.653724730014801,0.0,0.0,401.0272321218863,0.186215897115712,0.6994221597580218,0.12173393706643279,0.17162464148362758,0.0053575105702937074,0.3847526852679239,0.0008791524718969831,2.6614852851978505e-06,0.00240234615921929,613.0011454595092,73884.64576539339,5198.144357608038,1039.6288715216076,2009.4226084182703,26484.79199932966,0.0,700.06103515625,0.0,0.0,0.0,698.7961911654523,0.0,28.117276672240372,110043.60810526492,15.520821768300003,110059.12892703322,9.801856951399689,6.9705050567337965,1.7426262641834491,191791.9286814005,4078356.871686006,45.746797850251546,89150.65235901708
2026-01-01 06:45:00,price_volatile,static_average_condition,1072.4091414426862,0.21468501627360861,132.58231398737428,46.59662997103633,26.48136952449778,0.7216033508923324,7.072754149848019,163.21239253984314,0.2920158749982231,0.030344340833461745,57.62707572774646,33.2966105684379,0.8641011377904257,0.9156665757473614,0.9595223396868736,1.0399114121120585,0.4652931351526687,0.40876784920692444,0.6531404256820679,0.0,0.0,401.0272321218863,0.1901435137998237,0.6954751245824614,0.12419041554390099,0.17962608931579685,0.005465620188087082,0.39251663929163183,0.0009105133013451574,2.659980456761223e-06,0.00248804183839106,622.2926224559657,82504.9958624834,5095.325394636432,1019.0650789272864,1946.1719175456656,26553.215868984855,0.0,703.0755004882812,0.0,0.0,0.0,698.7961911654523,0.0,28.117276672240372,118548.76309090362,16.227436448072957,118564.99052735169,10.132429956973773,7.072754149848019,1.7681885374620048,209645.25719475443,4288002.128880761,47.51498638771355,90245.25638903592
2026-01-01 07:00:00,price_volatile,static_average_condition,1064.0028421822003,0.2096850162736086,145.84054538611173,46.90103940100793,25.935074683939927,0.7206618764320826,6.952754149848019,163.21239253984314,0.2920158749982231,0.030344340833461745,57.62707572774646,33.2966105684379,0.863288673595703,0.9151209138596277,0.9590675880734263,1.040583159527396,0.4678131931161938,0.41266611218452454,0.6538659334182739,0.0,0.0,401.0272321218863,0.18579564934763138,0.7002074112908004,0.1214854456857433,0.17290618405866676,0.005346574464629563,0.3839673025859028,0.0008818849172825691,2.661736007623729e-06,0.0024098127590266877,616.1626353679019,89861.4947885987,5208.7768581611235,1041.7553716322248,1996.3307179505246,26468.274985072996,0.0,669.2547607421875,0.0,0.0,0.0,698.7961911654523,0.0,28.117276672240372,125972.80094999546,16.36377671327027,125989.16472670874,9.818870998770963,6.952754149848019,1.7381885374620047,218992.92197237746,4506995.050853138,49.25317492517556,91506.69084175944
2026-01-01 07:15:00,price_volatile,static_average_condition,1067.2375107031075,0.21296124600226546,131.25649084750057,45.58907587089794,26.60477472545239,0.7196766093121293,6.916347181103613,163.21239253984314,0.2920158749982231,0.030344340833461745,57.62707572774646,33.2966105684379,0.8633768931960131,0.9156001314935615,0.95919317652295,1.040876747671169,0.468902598564202,0.41418516635894775,0.6536868810653687,0.0,0.0,401.0272321218863,0.1885990944211645,0.6969327511310484,0.12328475380392398,0.1743713763943289,0.005425762014910695,0.3896542017922974,0.0008921385924113551,2.6605487088134755e-06,0.0024378316497776515,614.2235471698391,80620.82739741732,5132.756148401773,1026.5512296803547,1970.1024625828763,26489.22052483413,0.0,653.19677734375,0.0,0.0,0.0,698.7961911654523,0.0,28.117276672240372,116619.56800809791,15.912185915166413,116635.48019401307,10.002602924926952,6.916347181103613,1.7290867952759033,201672.86866413214,4708667.91951727,50.98226172045146,92358.94526092385
2026-01-01 07:30:00,price_volatile,static_average_condition,1075.433646444091,0.20928635565783046,140.59146547857873,46.06841527728898,25.973243044521013,0.7156395754939101,6.989877235374551,163.21239253984314,0.2920158749982231,0.030344340833461745,57.62707572774646,33.2966105684379,0.86456360880315,0.916267936922121,0.9600618582835263,1.039611531131714,0.46519317632246426,0.40925803780555725,0.6521483063697815,0.0,0.0,401.0272321218863,0.1854375341019852,0.7005386569962896,0.12093277380199825,0.17455996240549976,0.0053222513750259435,0.38222052599699696,0.0008852102573155015,2.661866069368469e-06,0.002418899485290422,621.3106776940186,87350.97869449097,5232.5813606768825,1046.5162721353765,1998.325185135044,26669.676991615113,0.0,604.6714477539062,0.0,0.0,0.0,698.7961911654523,0.0,28.117276672240372,123629.66341964499,15.973186715410046,123645.6366063604,9.905488634994365,6.989877235374551,1.7474693088436377,216066.9551420482,4924734.8746593185,52.729731029295095,93395.78978552498
2026-01-01 07:45:00,price_volatile,static_average_condition,1065.5456651822506,0.21280337793928647,129.88083654996518,44.97385832042282,25.722615473236967,0.7177013199816382,6.985640009280339,163.21239253984314,0.2920158749982231,0.030344340833461745,57.62707572774646,33.2966105684379,0.864671243648528,0.9161605764187624,0.9598810954212634,1.0397850822230061,0.46369684596899713,0.4092417359352112,0.6530386209487915,0.0,0.0,401.0272321218863,0.18859066340403677,0.6975619928219089,0.1231569867531899,0.17778247259043728,0.0054201389870078874,0.3892503808279605,0.0009013475282548451,2.660706302093279e-06,0.0024629957167185876,621.2025114754914,80682.30185737617,5138.08103603103,1027.616207206206,1958.2375698295111,26565.15004787256,0.0,627.1895751953125,0.0,0.0,0.0,698.7961911654523,0.0,28.117276672240372,116725.48976134848,15.593301350893583,116741.08306269937,9.979343060740256,6.985640009280339,1.7464100023200848,203877.79514237802,5128612.669801696,54.476141031615185,94144.1991426175
2026-01-01 08:00:00,price_volatile,static_average_condition,1022.9277635242653,0.21195214849379374,138.72061683449274,42.76522464462142,25.563716494985197,0.7173658612028719,7.016917103621704,163.21239253984314,0.2920158749982231,0.030344340833461745,57.62707572774646,33.2966105684379,0.8650846812065367,0.9164373191672258,0.9600648901609854,1.03965203639602,0.4621831023237753,0.4093818664550781,0.6531405448913574,0.0,0.0,401.0272321218863,0.1878598673839361,0.6984047049224078,0.12269889614636216,0.1770185710898815,0.005399978419401399,0.3878025381365933,0.0008975741658996633,2.6610129768727875e-06,0.002452684737848502,620.91357711328,86133.51441806558,5157.263821970016,1031.4527643940032,1961.4890353007436,26553.201896717248,0.0,618.733642578125,0.0,0.0,0.0,698.7961911654523,0.0,28.117276672240372,122182.56904686343,14.801281644142394,122197.37032850758,9.541884555620783,6.845022231741286,1.7112555579353215,209110.92913973934,5337723.598941436,56.1873965895505,94998.59261915195
2026-01-01 08:15:00,price_volatile,static_average_condition,1074.0741517004785,0.20944664703713864,136.89035875763224,45.33113812329871,25.2612488974556,0.7181394692277038,6.974756537370736,163.21239253984314,0.2920158749982231,0.030344340833461745,57.62707572774646,33.2966105684379,0.8637898158012884,0.9157011122061528,0.9592283699276193,1.0406128641921153,0.4666768982276741,0.41489487886428833,0.6541616320610046,0.0,0.0,401.0272321218863,0.18568418141302295,0.7007935036799625,0.12146746716105476,0.171299383790573,0.0053457832297580206,0.3839104796011398,0.0008765481408641158,2.6618958092817852e-06,0.002395229640919974,612.5275823691771,83849.12049946179,5209.5478145787565,1041.9095629157514,1993.5480139847396,26433.709269175215,0.0,613.9745483398438,0.0,0.0,0.0,698.7961911654523,0.0,28.117276672240372,119868.7231762938,15.769423784833819,119884.49260007864,9.900543720986095,6.974756537370736,1.743689134342684,209041.287122943,5546764.886064379,57.93108572389319,95747.64250925582
2026-01-01 08:30:00,price_volatile,static_average_condition,1058.3237816233911,0.20972517374710917,139.68712417118286,43.297965871355316,25.599791410464707,0.7259015691196327,6.962816839117044,163.21239253984314,0.2920158749982231,0.030344340833461745,57.62707572774646,33.2966105684379,0.8646954628329853,0.916098084041811,0.9599155608378351,1.0399028830956536,0.4632295594822875,0.41003867983818054,0.6533704400062561,0.0,0.0,401.0272321218863,0.18588052363015597,0.7003586378314584,0.1214488395128283,0.1747398906364833,0.005344963426959573,0.38385160499436966,0.0008870319689165913,2.6617619676556152e-06,0.002423877440773662,619.9427212063824,86598.01587617694,5210.346847525455,1042.069369505091,1984.5136296167173,26526.26586461617,0.0,789.1141357421875,0.0,0.0,0.0,698.7961911654523,0.0,28.117276672240372,122877.23919102026,15.093919350756524,122892.33311037101,9.768333686583002,6.962816839117044,1.740704209779261,213919.2015948181,5760684.087659197,59.67178993367245,96539.4886605953
2026-01-01 08:45:00,price_volatile,static_average_condition,1033.8166512789055,0.20644110894920728,125.71841175406458,42.36818762815697,25.520170810559527,0.7226511265504209,7.013225901085154,163.21239253984314,0.2920158749982231,0.030344340833461745,57.62707572774646,33.2966105684379,0.8657527351195595,0.9168817814964926,0.9601898369942401,1.0396992086418657,0.45931953388119884,0.41289907693862915,0.6541582345962524,0.0,0.0,401.0272321218863,0.18298118457167378,0.7033140628627531,0.11969864866373714,0.17019942897601606,0.005267937527691072,0.37831994599157504,0.0008681376557890574,2.6628821013893337e-06,0.0023722473970395233,615.6200444448689,77394.77423157556,5286.530676456955,1057.306135291391,2002.781833906585,26434.10623862296,0.0,703.6913452148438,0.0,0.0,0.0,698.7961911654523,0.0,28.117276672240372,113606.103928906,14.677383235452275,113620.78131214145,9.392713483927022,6.787654980525191,1.6969137451312977,192804.66554113012,5953488.753200327,61.36870367880375,97011.80563239784
2026-01-01 09:00:00,price_volatile,static_average_condition,1060.7201401590319,0.2034024113346516,138.29025292947105,43.82843760419316,25.113019837385878,0.7189808932374434,7.006843290209379,163.21239253984314,0.2920158749982231,0.030344340833461745,57.62707572774646,33.2966105684379,0.864634993349606,0.9163120955396273,0.959495869942104,1.0410770680312549,0.46301476409518205,0.4196757376194,0.6555919051170349,0.0,0.0,401.0272321218863,0.18034621423063826,0.7062359476006506,0.11823351816810905,0.16349237421351664,0.005203457134578479,0.37368924968744416,0.0008433919540984816,2.6639575627539748e-06,0.0023046280212044436,605.4982007881783,83734.49933533683,5352.040503366932,1070.4081006733866,2037.8840314404063,26266.957553531884,0.0,602.724853515625,0.0,0.0,0.0,698.7961911654523,0.0,28.117276672240372,119791.42784570278,15.19971928677512,119806.62756498955,9.49529103776397,6.82693283188103,1.7067332079702575,204477.9498000925,6157966.70300042,63.07543688677401,97628.6016703224
2026-01-01 09:15:00,price_volatile,static_average_condition,1033.6537559286344,0.20586774096459368,141.35736562710719,43.894138598016504,24.97046427232526,0.7201636512574249,7.006656029945899,163.21239253984314,0.2920158749982231,0.030344340833461745,57.62707572774646,33.2966105684379,0.8654457914382455,0.9167107793185365,0.9596246116763972,1.0407377025711528,0.4593167365153984,0.41928794980049133,0.656196653842926,0.0,0.0,401.0272321218863,0.18255226367565702,0.7041303992604552,0.11979018457541767,0.16590891124272547,0.0052719660231641315,0.37860925469764534,0.0008551894377179175,2.6631408089459704e-06,0.0023368654775815503,605.9822923879555,85660.06046863679,5282.491051617811,1056.498210323562,2001.243753486955,26196.670170720678,0.0,613.7664184570312,0.0,0.0,0.0,698.7961911654523,0.0,28.117276672240372,121537.64354108053,15.178670845925275,121552.82221192645,9.365150361230926,6.744440878718855,1.6861102196797138,204951.4557624405,6362918.15876286,64.76154710645372,98251.48476307436
2026-01-01 09:30:00,price_volatile,static_average_condition,1030.839054218076,0.20771719725753005,134.06883178602962,44.10372464539936,24.56110823078375,0.721157371919361,7.010034536846785,163.21239253984314,0.2920158749982231,0.030344340833461745,57.62707572774646,33.2966105684379,0.8654560821098594,0.9163455933879024,0.9594757844627853,1.0405215032687551,0.45788421118175643,0.41706225275993347,0.6564055681228638,0.0,0.0,401.0272321218863,0.18425153696843022,0.7027198470413986,0.12094373480127327,0.1690459019891986,0.005322733768604037,0.38225516936766174,0.000867749852951982,2.662563851982457e-06,0.0023711876984252745,609.0103800324763,81649.31019652003,5232.107137513566,1046.4214275027132,1978.2586089808945,26172.419047245457,0.0,628.91943359375,0.0,0.0,0.0,698.7961911654523,0.0,28.117276672240372,117434.34931919412,15.239989871812465,117449.58930906594,9.423553193286056,6.795864855012474,1.6989662137531185,199542.8840552825,6562461.042818142,66.46051332020684,98742.25634099748
2026-01-01 09:45:00,price_volatile,static_average_condition,1035.2149104451114,0.205091345791398,136.99041106166882,45.10602269849958,24.89992760414408,0.7225881946835648,7.003603551991718,163.21239253984314,0.2920158749982231,0.030344340833461745,57.62707572774646,33.2966105684379,0.8633397486768397,0.9151083040576913,0.9582938895827083,1.0421841019290246,0.46522219165076695,0.4235941469669342,0.6575489044189453,0.0,0.0,401.0272321218863,0.1818736807206531,0.7048587187119826,0.1195908395005065,0.16273327645080887,0.005263192846417291,0.3779792039926792,0.0008450396350329335,2.6634117730675526e-06,0.002309130425612132,599.7943766333816,82166.07820748436,5291.296396398402,1058.2592792796804,2020.8283187230368,26039.97157319178,0.0,634.5161743164062,0.0,0.0,0.0,698.7961911654523,0.0,28.117276672240372,117937.86341723138,15.7183129490145,117953.58173018039,9.343922379518082,6.75180800347933,1.6879520008698325,199099.9842912213,6761561.027109364,68.14846532107667,99218.09677228604
2026-01-01 10:00:00,price_volatile,static_average_condition,1044.0210394354394,0.20623736721821476,136.0510179787395,44.08741383037727,24.483635421616935,0.7149105265755832,7.0142242110579724,163.21239253984314,0.2920158749982231,0.030344340833461745,57.62707572774646,33.2966105684379,0.8650954124284677,0.9160246540547508,0.9590120068045666,1.0409212255766542,0.4583362355459436,0.4200606644153595,0.6572191119194031,0.0,0.0,401.0272321218863,0.18294992101983254,0.7040761261506908,0.12023818461837928,0.16600187161041316,0.005291682505054872,0.3800252051193881,0.000856477019967288,2.6630734502061805e-06,0.002340383886925017,604.6326432634934,82260.88661917433,5262.808816514376,1052.5617633028753,1991.1039446187976,26078.12842504748,0.0,499.24456787109375,0.0,0.0,0.0,698.7961911654523,0.0,28.117276672240372,117871.64760436665,15.172476879849503,117886.8200812465,9.476063783222852,6.774537749127662,1.6936344372819154,199657.1781912563,6961218.20530062,69.84209975835859,99670.80356096414
2026-01-01 10:15:00,price_volatile,static_average_condition,1036.945776804759,0.20337541520339386,129.42638333906547,43.01150274338371,23.923633041118194,0.7190236518209623,7.040099843532454,163.21239253984314,0.2920158749982231,0.030344340833461745,57.62707572774646,33.2966105684379,0.8630340619927683,0.914653232384784,0.9581710149841632,1.0412981140326176,0.4662388198509309,0.42029961943626404,0.6564127206802368,0.0,0.0,401.0272321218863,0.18049234774941925,0.7069290256091024,0.11847747304815971,0.16341064685108342,0.005214193588849509,0.3744602942904991,0.0008430795750595665,2.6641067157315747e-06,0.0023037744234402934,604.0278427618796,78177.13912476778,5341.020210939744,1068.2040421879487,2042.6421287047926,26171.589039568396,0.0,588.0191650390625,0.0,0.0,0.0,698.7961911654523,0.0,28.117276672240372,114115.52717904544,14.965400754612295,114130.49257980005,9.281237120426251,6.673429007745155,1.6683572519362888,190410.4349625702,7151628.6402631905,71.51045701029487,100008.1518040588
2026-01-01 10:30:00,price_volatile,static_average_condition,1031.0559190482395,0.2016333428572604,140.00316878628982,42.373063180971094,23.716042115489863,0.7210057770265527,7.037268724209529,163.21239253984314,0.2920158749982231,0.030344340833461745,57.62707572774646,33.2966105684379,0.863458355907129,0.9146947307615898,0.9582126842236116,1.0411351794343833,0.463630521807698,0.4201568365097046,0.656798243522644,0.0,0.0,401.0272321218863,0.17897522008572653,0.7085927888470792,0.11755061018638382,0.162227320271422,0.005173402354302753,0.37153084845528583,0.0008366301132664697,2.664720360824403e-06,0.0022861508140403835,604.1373613765463,84581.14497490438,5383.13307849241,1076.626615698482,2051.4467260226297,26126.878372621864,0.0,618.3915405273438,0.0,0.0,0.0,698.7961911654523,0.0,28.117276672240372,120564.5347761048,14.725577039467138,120579.26035314427,9.149470024256606,6.596820744220286,1.6492051860550716,198859.94150509022,7350488.581768281,73.15966219634994,100471.8770029396
2026-01-01 10:45:00,price_volatile,static_average_condition,1002.7457829690818,0.2015839179271025,137.31936611639142,42.144904942157964,23.30876411115411,0.7167893861488994,7.004102613734732,163.21239253984314,0.2920158749982231,0.030344340833461745,57.62707572774646,33.2966105684379,0.8649562668215566,0.9161078218316451,0.9581902536149989,1.042509925650598,0.4573881366007762,0.43087267875671387,0.6609945893287659,0.0,0.0,401.0272321218863,0.1789886827629947,0.7088671551409278,0.11831055085742244,0.15627300175679382,0.005206847343235161,0.3739327194607955,0.0008208309895667286,2.6647852342300854e-06,0.0022429785938028555,588.9311067642185,80871.64626708733,5348.5557585973365,1069.7111517194674,2020.908101207324,25643.584391174147,0.0,466.95855712890625,0.0,0.0,0.0,698.7961911654523,0.0,28.117276672240372,116148.27769475224,14.509782498957735,116162.7874772512,8.89606801333081,6.37660713041425,1.5941517826035625,185181.11472905878,7535669.696497339,74.7538139789535,100806.49127306016
2026-01-01 11:00:00,price_volatile,static_average_condition,1017.6502586497593,0.2057978058353653,131.89443249465666,44.41672430775933,22.66542059008821,0.7207382761739306,6.993568815258365,163.21239253984314,0.2920158749982231,0.030344340833461745,57.62707572774646,33.2966105684379,0.8628350552327269,0.9144397705026341,0.9573083521747794,1.042518732575471,0.4648501514756036,0.42694124579429626,0.6590870022773743,0.0,0.0,401.0272321218863,0.18282439637614778,0.705486481785864,0.12049718335072569,0.16173645171410075,0.0053030810392654375,0.38084379737190754,0.0008432677048669922,2.663436372845403e-06,0.0023042885014128308,594.0357349487203,78350.00614260774,5251.49684411672,1050.299368823344,2004.6122919762227,25862.51864660151,0.0,570.1322631835938,0.0,0.0,0.0,698.7961911654523,0.0,28.117276672240372,113815.97902514684,15.451784307134806,113831.43080945397,9.217022676771528,6.643061035512338,1.6607652588780846,189047.2856567256,7724716.982154065,76.41457923783159,101089.57033070577
2026-01-01 11:15:00,price_volatile,static_average_condition,976.2056479152141,0.2012279006698968,131.98810721564894,41.75172084929377,22.808462496173107,0.7256212057140493,6.972040290012964,163.21239253984314,0.2920158749982231,0.030344340833461745,57.62707572774646,33.2966105684379,0.8651451146423665,0.9160272166230183,0.9581400691741163,1.0422418351338356,0.4559430547315582,0.4301583766937256,0.6609826683998108,0.0,0.0,401.0272321218863,0.17874344789305618,0.7094662156563379,0.11814632114733481,0.1565114038874038,0.005199619593694205,0.3734136544943638,0.000820725645024821,2.6649645872555175e-06,0.00224269073240937,589.6741649600311,77829.97690704284,5355.9905373792035,1071.1981074758407,2019.6925523306056,25644.94863541011,0.0,626.7213745117188,0.0,0.0,0.0,698.7961911654523,0.0,28.117276672240372,113275.44158198802,14.445484610585908,113289.8870665986,8.645316176822819,6.273224748005349,1.5683061870013373,177673.23081122938,7902390.212965294,77.98288542483293,101334.92970816453
2026-01-01 11:30:00,price_volatile,static_average_condition,1025.015930310975,0.20068899440417898,139.6792799447738,39.80334670190595,22.404498272675625,0.7264703207815377,7.002249901370811,163.21239253984314,0.2920158749982231,0.030344340833461745,57.62707572774646,33.2966105684379,0.8639671082790911,0.9156246218097603,0.9577519840217514,1.0437130022399306,0.46094127040047184,0.4341515600681305,0.6632044911384583,0.0,0.0,401.0272321218863,0.17832253818206314,0.7101730246828574,0.11826430819355348,0.15413897811398747,0.005204812203598289,0.37378656474399036,0.0008137270604841724,2.665194159551557e-06,0.0022235666063576964,584.066963818556,81582.05294570616,5350.647103567827,1070.1294207135654,2031.5843126587383,25391.52805520043,0.0,600.3842163085938,0.0,0.0,0.0,698.7961911654523,0.0,28.117276672240372,116753.23952199302,13.84945606342606,116767.08897805645,9.05327141146746,6.57693298641109,1.6442332466027725,191992.32980674456,8094382.542772039,79.6271186714357,101653.59085981474
2026-01-01 11:45:00,price_volatile,static_average_condition,1003.3171074040131,0.20439488784121246,141.24340965731864,42.19154750402031,22.303673516737526,0.7202740328625841,6.913404875582608,163.21239253984314,0.2920158749982231,0.030344340833461745,57.62707572774646,33.2966105684379,0.8621861610319773,0.9141403691421669,0.9569217683617468,1.0435819044332848,0.4669091238148611,0.4305948317050934,0.660512387752533,0.0,0.0,401.0272321218863,0.18163034609141485,0.7069366026098601,0.11996909358515936,0.1586433939021072,0.0052798398086828634,0.37917471510725304,0.0008322084131289125,2.6639533029344595e-06,0.0022740682064356305,588.8323671780205,83168.6912568138,5274.613312320368,1054.9226624640737,2019.0837053860585,25698.807360949842,0.0,535.7180786132812,0.0,0.0,0.0,698.7961911654523,0.0,28.117276672240372,118478.74984438512,14.703193223001929,118493.45303760812,9.025257784904941,6.500658822357914,1.6251647055894785,192571.3777201451,8286953.920492183,81.25228337702518,101990.4127744845
2026-01-01 12:00:00,price_volatile,static_average_condition,996.6559576308088,0.2011459055896284,155.3677506230505,43.75982510437438,22.208472410565783,0.7190334832544801,6.983186768998907,163.21239253984314,0.2920158749982231,0.030344340833461745,57.62707572774646,33.2966105684379,0.8631496041423421,0.9147208799811629,0.9567004942272426,1.0440796494199847,0.4617537049959644,0.4365245997905731,0.6654564738273621,0.0,0.0,401.0272321218863,0.17875594045986604,0.7098784229571076,0.11895429781411633,0.15354877377926343,0.00523517864679926,0.37596734822734784,0.0008138979936033087,2.6650630063754774e-06,0.002224033693166148,580.8009534946481,90237.73770418644,5319.61089022709,1063.922178045418,2022.0475442353966,25136.394289510503,0.0,430.5743408203125,0.0,0.0,0.0,698.7961911654523,0.0,28.117276672240372,124937.20041486286,15.15718547354526,124952.35760033641,8.822828399645273,6.343909036353491,1.5859772590883727,198171.59762361174,8485125.518115796,82.83826063611355,102430.0299518443
2026-01-01 12:15:00,price_volatile,static_average_condition,1004.8271052990515,0.19742070925513241,170.90452568535557,41.212630291457366,21.54239506455804,0.7203953475826314,7.047599985724436,163.21239253984314,0.2920158749982231,0.030344340833461745,57.62707572774646,33.2966105684379,0.8626413705343909,0.9140963010515503,0.9566659469465791,1.043723884313192,0.46318305044768665,0.4337817430496216,0.6644160151481628,0.0,0.0,401.0272321218863,0.17553845787173797,0.7135678608994963,0.1166305626843938,0.15223866603059175,0.0051329110637401715,0.36862294326881734,0.0008026183487038675,2.666400530016426e-06,0.0021932112676282195,584.1706547467832,99837.40866880259,5425.598261097669,1085.1196522195337,2066.3672361546924,25254.05598305776,0.0,470.052490234375,0.0,0.0,0.0,698.7961911654523,0.0,28.117276672240372,134865.5157594043,14.309557067738996,134879.82531647204,8.730425648302566,6.289358019453246,1.5723395048633115,212076.8777541516,8697202.395869948,84.41060014097687,103034.48123037236
2026-01-01 12:30:00,price_volatile,static_average_condition,965.9586354144014,0.20014465579244983,187.99497825389113,42.75990034707014,21.428878047392864,0.7151742962547198,7.004282890057579,163.21239253984314,0.2920158749982231,0.030344340833461745,57.62707572774646,33.2966105684379,0.8653010270252356,0.9158445832706986,0.9574451388098614,1.0429384174369285,0.45282900138639653,0.43491023778915405,0.6659799814224243,0.0,0.0,401.0272321218863,0.17797586921674372,0.7112109331055607,0.1185283660746068,0.15400687401801605,0.0052164333909434455,0.3746211469586934,0.0008134883500533102,2.665493614729392e-06,0.002222914313262836,582.5950278991733,109524.93960073017,5338.7269144753445,1067.745382895069,2004.5375642519534,25077.331743828356,0.0,363.01239013671875,0.0,0.0,0.0,698.7961911654523,0.0,28.117276672240372,144103.20706415531,14.636017952135772,144117.84308210746,8.508517492755384,6.085073010052305,1.5212682525130763,219241.89930147136,8916444.29517142,85.93186839348994,103761.78781941759
2026-01-01 12:45:00,price_volatile,static_average_condition,994.9516585590499,0.198228636601796,206.79447607928026,40.19430632624593,21.250891437950383,0.7210283226241893,7.064831276713432,163.21239253984314,0.2920158749982231,0.030344340833461745,57.62707572774646,33.2966105684379,0.8648309676071795,0.9151354036817239,0.9570032136076821,1.0435121213735195,0.4524473436330124,0.43556708097457886,0.6676142811775208,0.0,0.0,401.0272321218863,0.17629633456466634,0.7130166895796958,0.11769795067462142,0.15251978573298985,0.005179886809190089,0.37199653329111887,0.0008064563729857885,2.666162387917238e-06,0.002203698939775428,581.638477080971,120279.62413550986,5376.394189229796,1075.2788378459593,2017.6135264974837,24893.54468543018,0.0,427.95904541015625,0.0,0.0,0.0,698.7961911654523,0.0,28.117276672240372,154797.32788776114,13.81131234326376,154811.1392001044,8.680000352585278,6.258526094601934,1.5646315236504835,242222.38860472644,9158666.683776146,87.49649991714043,104674.66347167536
2026-01-01 13:00:00,price_volatile,static_average_condition,978.6872917976294,0.198803657799284,201.73661267762606,39.52708235592074,20.55251726808659,0.7188845235419795,6.984890946058449,163.21239253984314,0.2920158749982231,0.030344340833461745,57.62707572774646,33.2966105684379,0.8665326349481708,0.9164618284500414,0.9577523772511274,1.043130446253799,0.4467784428880256,0.4365103244781494,0.6676293611526489,0.0,0.0,401.0272321218863,0.1769061257884074,0.7129025070200461,0.11810772374410458,0.15246485408736604,0.0051979209219780425,0.37329166341369174,0.0008070656134148545,2.666050482820693e-06,0.002205363732233612,580.0579580544885,117018.927614613,5357.740865976819,1071.5481731953637,1994.8197444160603,24891.85303905147,0.0,394.0638122558594,0.0,0.0,0.0,698.7961911654523,0.0,28.117276672240372,151455.86671734627,13.482434260799526,151469.34915160708,8.562876657980445,6.1557195064210095,1.5389298766052524,233100.70679936057,9391767.390575506,89.03542979374568,105483.48463450932
2026-01-01 13:15:00,price_volatile,static_average_condition,992.7371877330988,0.19662738430612078,209.33674416931785,41.79344339261772,20.70119708544963,0.7265431655109943,6.990232250086251,163.21239253984314,0.2920158749982231,0.030344340833461745,57.62707572774646,33.2966105684379,0.8650146107995608,0.9153084247931641,0.9566552293464462,1.043277357296612,0.45164921965302784,0.43845605850219727,0.6683145761489868,0.0,0.0,401.0272321218863,0.17494909306403755,0.7147539812519149,0.1169210289787419,0.1497442997617343,0.005145694485354431,0.36954099200217316,0.0007955054171186452,2.6667681978997656e-06,0.002173774680209342,577.5599142126646,120904.51200398973,5412.11947601266,1082.423895202532,2028.7740864070097,24815.067311734856,0.0,508.585693359375,0.0,0.0,0.0,698.7961911654523,0.0,28.117276672240372,155478.39593454386,14.406744015193418,155492.80267855906,8.590721920369713,6.241530298050099,1.5603825745125248,242628.259761738,9634395.650337243,90.59581236825821,106344.82321517124
2026-01-01 13:30:00,price_volatile,static_average_condition,955.7383578181968,0.19473447707356842,214.90189328590836,39.92661648103229,20.00119708544963,0.7183450318114831,7.020057997079955,163.21239253984314,0.2920158749982231,0.030344340833461745,57.62707572774646,33.2966105684379,0.8664787323994487,0.9162930605239377,0.9573912737956072,1.0434094036178563,0.4458881620965622,0.4393607974052429,0.6692662835121155,0.0,0.0,401.0272321218863,0.17336112217736327,0.7168391512099861,0.1160247539451337,0.1480515009923742,0.0051062494211253345,0.36670822215812243,0.0007873417991891568,2.667490489874219e-06,0.0021514670182221974,576.0541770113875,123795.13327500297,5453.927343733274,1090.7854687466547,2028.107480665474,24708.679089008474,0.0,361.3087463378906,0.0,0.0,0.0,698.7961911654523,0.0,28.117276672240372,158164.85487133244,13.600886703464797,158178.4557580359,8.190930362563902,5.8839141318616095,1.4709785329654024,232677.11279768846,9867072.763134932,92.0667909012236,107172.984596814
2026-01-01 13:45:00,price_volatile,static_average_condition,1002.4879732233429,0.1944605272475818,200.52380571446858,42.32221346989423,19.954740871737876,0.7170863470039114,6.95849420358656,163.21239253984314,0.2920158749982231,0.030344340833461745,57.62707572774646,33.2966105684379,0.8663340074541285,0.9161567452569127,0.9570911233370074,1.043984735919165,0.4455672114735275,0.4417230784893036,0.6703020930290222,0.0,0.0,401.0272321218863,0.17312340410934282,0.7171098860658539,0.11604498012680171,0.1466648086966995,0.005107139575380544,0.36677214909499,0.000783238638846361,2.667588618183662e-06,0.0021402548430816248,572.9549833828725,114891.11377100369,5452.976745739824,1090.5953491479647,2026.843918674803,24593.232693121157,0.0,328.3153381347656,0.0,0.0,0.0,698.7961911654523,0.0,28.117276672240372,149109.9912836599,14.437177484375281,149124.4284611443,8.579500396022645,6.1522425981024895,1.5380606495256224,229362.41529908482,10096435.178434016,93.60485155074923,107862.30639936529
2026-01-01 14:00:00,price_volatile,static_average_condition,965.4734565448367,0.1959165867301128,212.76787459252813,42.14576424794982,19.929490341144184,0.7259708957496481,6.963959870758068,163.21239253984314,0.2920158749982231,0.030344340833461745,57.62707572774646,33.2966105684379,0.8665463402800568,0.9162781367549482,0.9578453683222061,1.0420307279933612,0.44701729441225274,0.433367520570755,0.6666415929794312,0.0,0.0,401.0272321218863,0.17442399069723058,0.7158272462513575,0.11627828701223128,0.15203506126189203,0.005117407411408299,0.3675095396109275,0.0007999288724593072,2.6670993639223958e-06,0.0021858620840304187,583.9789204962345,124251.95372082278,5442.03560570794,1088.4071211415878,2026.8806817296397,25002.820895909383,0.0,527.9954223632812,0.0,0.0,0.0,698.7961911654523,0.0,28.117276672240372,159067.00691551232,14.513271972980279,159081.5201874853,8.324591146772534,6.043410891572047,1.5108527228930118,240348.74793722178,10336783.92637124,95.11570427364224,108675.89117179772
2026-01-01 14:15:00,price_volatile,static_average_condition,973.1034698135888,0.19695939307742383,206.52790028693855,41.721728312523226,19.582894418450124,0.7182714131738415,6.963454581929328,163.21239253984314,0.2920158749982231,0.030344340833461745,57.62707572774646,33.2966105684379,0.8681519988157997,0.9174396102995118,0.9580902837398146,1.0428388170900411,0.4398408712590263,0.43877366185188293,0.6688786149024963,0.0,0.0,401.0272321218863,0.17540013795385256,0.7150975146343957,0.11732140132827969,0.1500633918463256,0.005163314872457589,0.37080641017810567,0.0007969399616853973,2.6667882592407423e-06,0.002177694674454174,576.6259656718751,119089.34994114067,5393.650015487489,1078.730003097498,1988.7318176489532,24751.97873875604,0.0,365.9476013183594,0.0,0.0,0.0,698.7961911654523,0.0,28.117276672240372,153395.3015852867,14.471359611351026,153409.77294489805,8.435038846593025,6.0586472725186225,1.5146618181296556,232363.92560757694,10569147.851978816,96.63036609177189,109377.08589390083
2026-01-01 14:30:00,price_volatile,static_average_condition,925.1847137422158,0.19541296868173688,207.14899247749122,42.959209026050715,19.33855602856855,0.7222994755087109,7.019971596395038,163.21239253984314,0.2920158749982231,0.030344340833461745,57.62707572774646,33.2966105684379,0.8682746573867892,0.9176142184967938,0.9578714135462192,1.0434972880260416,0.4388570732045791,0.4427267909049988,0.6703821420669556,0.0,0.0,401.0272321218863,0.17405676346287938,0.7166146858037913,0.11668454593148649,0.14687426353871993,0.00513528686644472,0.36879356289863385,0.000785383341458935,2.6673395941845995e-06,0.002146115394292801,571.3733529705056,118359.4143963262,5423.088147961296,1084.6176295922592,1996.8118487338443,24584.325659149443,0.0,404.3111267089844,0.0,0.0,0.0,698.7961911654523,0.0,28.117276672240372,152579.48227630975,15.138985237756252,152594.6212615475,7.956703956533403,5.747123094582162,1.4367807736455405,219245.01799031446,10788392.86996913,98.06714686541743,110010.26556604725
2026-01-01 14:45:00,price_volatile,static_average_condition,942.1440317638595,0.1909247742635789,213.89386410220962,40.38165648448767,19.15593514484325,0.7202971721815618,6.9590488130459,163.21239253984314,0.2920158749982231,0.030344340833461745,57.62707572774646,33.2966105684379,0.8684352217510162,0.9171219235698869,0.9579966994043891,1.0424010606478658,0.43693868592143215,0.43771737813949585,0.6701393127441406,0.0,0.0,401.0272321218863,0.1700834773275156,0.7207179135696337,0.11397962460539493,0.14641585041518065,0.005016243278883431,0.360244379583514,0.000775843678576202,2.6688774459385275e-06,0.002120047592382252,577.8348431796126,123595.32742058166,5551.786824022741,1110.357364804548,2038.661183853481,24611.351772896236,0.0,377.37139892578125,0.0,0.0,0.0,698.7961911654523,0.0,28.117276672240372,158011.76943292216,14.330809038381688,158026.10024196055,7.916458796250774,5.702202884631283,1.4255507211578207,225274.22116168492,11013667.091130815,99.49269758657526,110698.24578378817
2026-01-01 15:00:00,price_volatile,static_average_condition,972.4956784918429,0.19184732260442158,223.15005848379909,39.92429571333369,18.460965106891756,0.7213757899630414,6.942197539316218,163.21239253984314,0.2920158749982231,0.030344340833461745,57.62707572774646,33.2966105684379,0.870440782239567,0.9189001438175156,0.9589852816888236,1.041702470719833,0.43139559479074935,0.4377273619174957,0.6696180105209351,0.0,0.0,401.0272321218863,0.1710004976503159,0.7202957374580314,0.11450501303469438,0.14708479470684674,0.005039365623656899,0.36190492399580343,0.0007789694505785475,2.668647653580803e-06,0.0021285889849216224,577.4986973542706,128868.86808892326,5526.313314331119,1105.2626628662238,2013.3780180090298,24669.437223025212,0.0,401.82977294921875,0.0,0.0,0.0,698.7961911654523,0.0,28.117276672240372,163312.00254794178,14.65673210555893,163326.65928004734,8.210976162094969,5.92319941529896,1.48079985382474,241854.09318757724,11255521.184318392,100.9734974404,111470.05372337437
2026-01-01 15:15:00,price_volatile,static_average_condition,963.0195832680317,0.1899525290322456,212.75768085289994,38.695398067946066,18.441549593718708,0.7161618041736708,7.002338069847465,163.21239253984314,0.2920158749982231,0.030344340833461745,57.62707572774646,33.2966105684379,0.869804890443501,0.9177836194040184,0.9587719423747461,1.0410464858092763,0.43190952001587823,0.432254821062088,0.6690968871116638,0.0,0.0,401.0272321218863,0.16931378238521821,0.7219962851764155,0.11328732473905116,0.14879726656040418,0.004985775161765642,0.35805629432967867,0.0007804307190265315,2.6692901034698668e-06,0.002132582004057459,584.800140116008,124420.7215735328,5585.713843529055,1117.142768705811,2036.5118903485015,24727.593212753403,0.0,332.2657165527344,0.0,0.0,0.0,698.7961911654523,0.0,28.117276672240372,158946.86247326,14.177134472756,158961.03960773276,8.050661515424537,5.765576275677975,1.4413940689194937,229125.49967986273,11484646.683998255,102.41489150931949,112138.44505174506
2026-01-01 15:30:00,price_volatile,static_average_condition,968.6260809748084,0.1949525290322456,213.45646184010297,38.55973862241734,18.392229442325995,0.7215673048500373,7.058763231014548,163.21239253984314,0.2920158749982231,0.030344340833461745,57.62707572774646,33.2966105684379,0.8710620404434085,0.9191723221460223,0.9595572313978589,1.0407037056533266,0.4295712811210736,0.4327590763568878,0.6675245761871338,0.0,0.0,401.0272321218863,0.17377784287828615,0.7175673644279721,0.11600098091804228,0.1520488202592696,0.005105203170203041,0.3666330850498452,0.0007981623448627115,2.667606943189585e-06,0.00218103492273304,584.0834879878734,124676.39476511773,5455.045061544547,1091.0090123089094,1982.2382703598926,24903.609220798193,0.0,438.0929260253906,0.0,0.0,0.0,698.7961911654523,0.0,28.117276672240372,159273.30272399235,14.18601932276548,159287.48874331513,8.310676944637517,5.996712764421436,1.499178191105359,238800.3292399184,11723447.013238173,103.91406970042485,112818.66880044101
2026-01-01 15:45:00,price_volatile,static_average_condition,945.7235926899947,0.19349522941273492,223.87550659943363,40.39475761404857,18.634671688839813,0.7203656702697833,7.03244444071709,163.21239253984314,0.2920158749982231,0.030344340833461745,57.62707572774646,33.2966105684379,0.8711935703152931,0.9190944894875825,0.9595372887405907,1.0407488818451238,0.4283028879416106,0.43264561891555786,0.6681938767433167,0.0,0.0,401.0272321218863,0.17244512875908208,0.7187273693509173,0.11522677911103146,0.151103848250576,0.005071130548676495,0.36418614025067936,0.0007931969139760672,2.6680706434043484e-06,0.0021674665324927667,584.3532302448085,130822.375454072,5491.697181620763,1098.3394363241528,1991.934681973175,24828.581554343175,0.0,408.2839660644531,0.0,0.0,0.0,698.7961911654523,0.0,28.117276672240372,165368.1257422354,14.635182043265335,165382.76092427867,8.053522085293087,5.801480835004657,1.4503702087511643,239866.22948558995,11963313.242723763,105.36443990917601,113542.22784305712
2026-01-01 16:00:00,price_volatile,static_average_condition,959.7514389007775,0.18979361666008163,224.3701644779233,40.03214089422715,18.07955874084011,0.7178295074368827,7.02300815785194,163.21239253984314,0.2920158749982231,0.030344340833461745,57.62707572774646,33.2966105684379,0.8752533766771304,0.9218191967517817,0.961187515490257,1.0397930098050532,0.4130025416062621,0.43154704570770264,0.6693415641784668,0.0,0.0,401.0272321218863,0.1692205075664523,0.7223475366201935,0.11326631922560325,0.1491994312694686,0.004984850709118799,0.35798990423420257,0.0007813395806512916,2.6693866752879335e-06,0.002135065532573045,585.5891520602121,131388.73436423743,5586.749727700614,1117.3499455401227,1981.962717044478,24700.276623891958,0.0,352.662353515625,0.0,0.0,0.0,698.7961911654523,0.0,28.117276672240372,165854.64919976794,14.708492778062917,165869.357692546,8.016628201049459,5.754572272863956,1.438643068215989,238626.80167381975,12201940.044397583,106.803082977392,114247.07699664889
2026-01-01 16:15:00,price_volatile,static_average_condition,946.4378719517506,0.1884100190498051,232.23596870043778,37.630212440573516,18.15114159100475,0.7203000514235784,7.048175834028366,163.21239253984314,0.2920158749982231,0.030344340833461745,57.62707572774646,33.2966105684379,0.8742006633469093,0.9207726998729514,0.9605176219834285,1.0397646314945896,0.4156545330105673,0.43066632747650146,0.669751763343811,0.0,0.0,401.0272321218863,0.16797717780996846,0.7235398402535773,0.11250301103974326,0.148727096498399,0.004951257515859101,0.3555773898501788,0.0007777056798027458,2.66984557202257e-06,0.0021251356421097324,586.8228744269546,136281.37869811917,5624.654595846751,1124.9309191693503,2003.166496697405,24654.525357827162,0.0,383.26983642578125,0.0,0.0,0.0,698.7961911654523,0.0,28.117276672240372,170798.83937192333,13.830279677946086,170812.66965160126,7.847791793065837,5.652764832106859,1.4131912080267148,241390.96297121455,12443331.007368797,108.21627418541871,114985.76439665891
2026-01-01 16:30:00,price_volatile,static_average_condition,916.3309089136184,0.19064026663626685,230.73260908091336,37.336640940234695,17.895678838166752,0.7214591244054331,7.023536420711115,163.21239253984314,0.2920158749982231,0.030344340833461745,57.62707572774646,33.2966105684379,0.8740671984888455,0.92142816291457,0.9604846474440986,1.0414425372599938,0.4176106879167704,0.4387053847312927,0.6711344718933105,0.0,0.0,401.0272321218863,0.17000058717345204,0.7216985581820873,0.11409325429420744,0.14597479653240736,0.00502124412148807,0.36060351795486983,0.0007740879939578632,2.669122344406436e-06,0.0021152500602880002,575.954306665578,132891.4398883373,5546.25759433191,1109.251518866382,1980.8878168593992,24500.717954401898,0.0,379.885986328125,0.0,0.0,0.0,698.7961911654523,0.0,28.117276672240372,167135.35422696272,13.949527055436228,167149.30375401815,7.688087922991201,5.546641181273217,1.3866602953183043,231779.30290579575,12675110.310274594,109.60293448073702,115645.72034795542
2026-01-01 16:45:00,price_volatile,static_average_condition,954.6237223130045,0.19403671762729957,240.0694948099832,38.64294560875727,17.651060989657,0.7212285192340008,6.916647835280285,163.21239253984314,0.2920158749982231,0.030344340833461745,57.62707572774646,33.2966105684379,0.8745723158007557,0.9212134066465092,0.9608273931981894,1.0390901836096589,0.4156456401983287,0.4286120533943176,0.6673782467842102,0.0,0.0,401.0272321218863,0.17306322237109478,0.7188103883644476,0.11549862992884714,0.15397262972000336,0.005083094703168563,0.3650453528471617,0.0008019195806059968,2.6680041715210143e-06,0.0021913018344982844,589.3829633762882,141492.87026735634,5478.771293487376,1095.7542586974753,1951.1862300147616,24920.032591603147,0.0,434.97808837890625,0.0,0.0,0.0,698.7961911654523,0.0,28.117276672240372,176100.50619737568,14.597831939749637,176115.10402931544,8.152062680994351,5.879500096116314,1.4698750240290785,258867.1927669737,12933977.503041567,111.0728095047661,116445.9381257172
2026-01-01 17:00:00,price_volatile,static_average_condition,948.9855812091585,0.18903671762729957,239.47873355576232,39.13731883605391,17.701847787485047,0.7215499794752017,6.992258909700603,163.21239253984314,0.2920158749982231,0.030344340833461745,57.62707572774646,33.2966105684379,0.8762408161391543,0.9220878394243264,0.9619662815076673,1.0381481326978867,0.40938981272684877,0.4231175184249878,0.6663858890533447,0.0,0.0,401.0272321218863,0.16859643010760134,0.7232409530523065,0.112350281968474,0.15317945167783442,0.004944535909432541,0.35509467384094257,0.0007902220910403628,2.6696868976560324e-06,0.0021593376189284036,597.0690578330201,142985.34181518387,5632.300756208637,1126.4601512417273,1987.5415128080915,25031.600790690605,0.0,456.461669921875,0.0,0.0,0.0,698.7961911654523,0.0,28.117276672240372,177946.62016389248,14.662286682520238,177961.282450575,7.89509118247971,5.696702880673081,1.4241757201682703,253448.13759611663,13187425.640637683,112.49698522493436,117224.70263776241
2026-01-01 17:15:00,price_volatile,static_average_condition,937.439047383671,0.18708788291824047,251.26912039950122,39.412112749847545,17.865484340489246,0.7239814390380274,7.055251372651693,163.21239253984314,0.2920158749982231,0.030344340833461745,57.62707572774646,33.2966105684379,0.8775241479631672,0.9232845871337865,0.9621840893606872,1.0396112928531,0.40400376748904704,0.4311935305595398,0.6704660654067993,0.0,0.0,401.0272321218863,0.1668360686816459,0.7248846081820484,0.11185792253692167,0.14755673610085715,0.004922867170849923,0.3535385209884856,0.0007721245393753716,2.6703259294926306e-06,0.0021098847821072173,585.975519407331,147237.55333712092,5657.092173175489,1131.4184346350976,1980.4459107623313,24574.989816468857,0.0,429.5843200683594,0.0,0.0,0.0,698.7961911654523,0.0,28.117276672240372,181737.99746006873,14.585910239043733,181752.58337030778,7.718627251423135,5.588142864883455,1.3970357162208638,253914.85048373017,13441340.491121413,113.89402094115523,118016.2082262953
2026-01-01 17:30:00,price_volatile,static_average_condition,933.1111696544083,0.1891424570577413,239.23435588990372,39.74938303038353,17.498944722274114,0.7257536241738964,7.073215144905479,163.21239253984314,0.2920158749982231,0.030344340833461745,57.62707572774646,33.2966105684379,0.8773831448677931,0.9229650471776732,0.9621801962697534,1.0383076852373143,0.4048707924177594,0.42565011978149414,0.6679210066795349,0.0,0.0,401.0272321218863,0.16871789935754117,0.7232642375752397,0.11269022918374536,0.15205826716718823,0.004959496986376633,0.3561691121370902,0.0007877692498468638,2.6696752059696496e-06,0.0021526350573037264,593.4218712988361,141966.8991511584,5615.310064366829,1123.0620128733656,1968.350427435797,24859.15175593473,0.0,501.69140625,0.0,0.0,0.0,698.7961911654523,0.0,28.117276672240372,176761.3782858568,15.031797169655938,176776.41008302645,7.767366240197502,5.637194199109309,1.4092985497773272,249130.73836485125,13690471.229486264,115.30331949093257,118734.40669297366
2026-01-01 17:45:00,price_volatile,static_average_condition,956.9252859416847,0.18482133332524797,246.62537407920377,37.57560477847592,17.33729598515245,0.7217489768754664,7.0267820625753625,163.21239253984314,0.2920158749982231,0.030344340833461745,57.62707572774646,33.2966105684379,0.8804810160519639,0.9252195117862232,0.9634998640321024,1.0377557293195465,0.3937751480462223,0.42599159479141235,0.669391393661499,0.0,0.0,401.0272321218863,0.16488433838616667,0.7272131545620185,0.11037215706527032,0.14872252558759813,0.004857478632442546,0.3488426057106919,0.000770846421439708,2.671153636167152e-06,0.002106392234668722,592.8816218583047,146219.65177548942,5733.244641735861,1146.6489283471722,1976.6110637870902,24694.71593667402,0.0,411.197021484375,0.0,0.0,0.0,698.7961911654523,0.0,28.117276672240372,180908.98283535562,14.147689641157042,180923.13052499678,7.783617720649403,5.617818126268456,1.404454531567114,254098.3105311402,13944569.540017406,116.70777402249968,119482.78216093026
2026-01-01 18:00:00,price_volatile,static_average_condition,946.9674211869713,0.18919656300992374,271.2879114871242,38.093567870561884,17.65491178943297,0.7192997172269828,7.003743813815608,163.21239253984314,0.2920158749982231,0.030344340833461745,57.62707572774646,33.2966105684379,0.879360968203134,0.9237463408925833,0.9631956282393324,1.036054677282352,0.39708748652708215,0.41501981019973755,0.6645748019218445,0.0,0.0,401.0272321218863,0.16874477517021982,0.7231260885841525,0.11214352553409503,0.15806893849291964,0.004935436558755522,0.3544411987686599,0.0008041278076003755,2.6696386604580956e-06,0.0021973359705647886,608.686461888818,165129.27899630446,5642.6848993516105,1128.536979870322,1955.1084591621088,25236.07554094431,0.0,449.22271728515625,0.0,0.0,0.0,698.7961911654523,0.0,28.117276672240372,200267.8210607557,14.121564218451693,200281.94262497415,7.884962810135325,5.671651519675615,1.4179128799189038,283982.3460631298,14228551.886080535,118.12568690241858,120452.64886234673
2026-01-01 18:15:00,price_volatile,static_average_condition,932.4359487577577,0.1911137448495973,298.4167026358366,35.80795379832817,17.78414430100529,0.7193079976251489,7.032786395810408,163.21239253984314,0.2920158749982231,0.030344340833461745,57.62707572774646,33.2966105684379,0.8809809938770334,0.9255712453465692,0.9641438880801501,1.0367125767601777,0.39321016001483083,0.41999688744544983,0.6660141944885254,0.0,0.0,401.0272321218863,0.17043726288618966,0.7213414222267257,0.11351363635197464,0.1567589373934392,0.004995735135850404,0.35877157556413103,0.0008043898257801388,2.6689758847537996e-06,0.00219805195372803,601.5352442982097,179508.16412271417,5574.577631617577,1114.9155263235152,1920.270760949052,25073.475030660833,0.0,426.0347595214844,0.0,0.0,0.0,698.7961911654523,0.0,28.117276672240372,214344.35129962434,13.133199760286756,214357.48449938462,7.842640357237216,5.641273931458484,1.410318482864621,302312.3223298486,14530864.208410384,119.5360053852832,121560.56379477581
2026-01-01 18:30:00,price_volatile,static_average_condition,934.1864783620211,0.19004141261527677,300.0,37.95643102622786,17.17189520010616,0.7245964473845207,6.9743834095251955,163.21239253984314,0.2920158749982231,0.030344340833461745,57.62707572774646,33.2966105684379,0.8791184487433562,0.9244649476642894,0.9632904489574521,1.0377510074744438,0.40016295253759154,0.42410168051719666,0.6668614149093628,0.0,0.0,401.0272321218863,0.1695642493452124,0.7226513080483634,0.11307585523639233,0.15354853476501487,0.004976468388953627,0.3573879231181581,0.0007931434873263029,2.669410201252421e-06,0.0021673205404026986,595.4289681629616,178628.6904488885,5596.160000456334,1119.2320000912669,1947.9378725646827,24978.097220988264,0.0,499.9999694824219,0.0,0.0,0.0,698.7961911654523,0.0,28.117276672240372,213497.03098030915,14.528516347359183,213511.5594966565,7.813276532916345,5.661472418184029,1.4153681045460071,302197.45126344473,14833061.659673829,120.95137348982921,122636.57064564992
2026-01-01 18:45:00,price_volatile,static_average_condition,944.6751985789566,0.18568715824774484,300.0,36.94798349451524,17.44213667030463,0.7209248569058124,6.994000643009951,163.21239253984314,0.2920158749982231,0.030344340833461745,57.62707572774646,33.2966105684379,0.8794638513822924,0.9244933788487273,0.9638321471335711,1.0364288295675785,0.39957291116152266,0.4176536202430725,0.6648067831993103,0.0,0.0,401.0272321218863,0.16564347466688376,0.7263791983135264,0.11012090555124744,0.15354472600046176,0.0048464210533103996,0.3480484993421024,0.0007845114922764976,2.670848675561234e-06,0.0021437330048873233,604.7587103141583,181427.6130942475,5746.325594796397,1149.2651189592793,1998.4451273967732,25209.8222574993,0.0,472.38568115234375,0.0,0.0,0.0,698.7961911654523,0.0,28.117276672240372,216730.7703418893,13.901272351902184,216744.6716142412,7.7199724765459345,5.5655200529706885,1.3913800132426721,301574.20406090154,15134635.86373473,122.34275350307188,123706.84352265063
2026-01-01 19:00:00,price_volatile,static_average_condition,952.2513713467799,0.18913767688599015,300.0,39.16486250418616,17.858092949201467,0.7206081504847299,6.9863560200067685,163.21239253984314,0.2920158749982231,0.030344340833461745,57.62707572774646,33.2966105684379,0.8794757937714426,0.9244091652080274,0.9636604397643097,1.0366024813102201,0.39883884035692624,0.4181913137435913,0.6648905277252197,0.0,0.0,401.0272321218863,0.16866525009861177,0.7230606976785816,0.11214392714697215,0.15602024427752514,0.004935454233738245,0.3544424681076515,0.0007981619640725359,2.6696344305492644e-06,0.002181033882197018,604.1724508995312,181251.73526985937,5642.664691615223,1128.5329383230446,1960.2402547320612,25200.3494034789,0.0,465.6684265136719,0.0,0.0,0.0,698.7961911654523,0.0,28.117276672240372,216376.10445235996,14.396367918996768,216390.50082027895,7.926492002395124,5.711894741677954,1.4279736854194884,308999.94094610255,15443635.804680832,123.77072718849136,124776.15794534037
2026-01-01 19:15:00,price_volatile,static_average_condition,936.7900972441786,0.18947419400382506,300.0,36.814970753934986,17.956048118838847,0.7183474316901656,7.026610457960503,163.21239253984314,0.2920158749982231,0.030344340833461745,57.62707572774646,33.2966105684379,0.8826717667809205,0.926910508498301,0.9648189207648157,1.0368536542110032,0.3871437685639786,0.42211419343948364,0.6674858331680298,0.0,0.0,401.0272321218863,0.16895163606265656,0.7227044634525447,0.11277282356238406,0.1543890613377306,0.0049631319649805225,0.35643016020417057,0.0007952410561409178,2.6695094069916507e-06,0.0021730522951853644,598.6064609396162,179581.93828188488,5611.197433052126,1122.2394866104253,1915.1845032292258,24907.956866574026,0.0,388.0353088378906,0.0,0.0,0.0,698.7961911654523,0.0,28.117276672240372,214253.46534802628,13.288960631564946,214266.75430865784,7.8116671150349095,5.611491009303853,1.4028727523259632,300588.99134893774,15744224.79602977,125.17359994081733,125779.11639094597
2026-01-01 19:30:00,price_volatile,static_average_condition,946.8582499109409,0.18590407357880462,300.0,37.24867217161688,18.060180880024433,0.7251068778939147,6.984757817762538,163.21239253984314,0.2920158749982231,0.030344340833461745,57.62707572774646,33.2966105684379,0.8807880870139997,0.9253979672841831,0.964330912491997,1.0364470887494286,0.3943206200005493,0.4183043837547302,0.6655651330947876,0.0,0.0,401.0272321218863,0.16575471321965554,0.7258271450163477,0.11032055776512839,0.1534121738282705,0.0048552077472433005,0.3486795207915152,0.0007850991178006996,2.6707027704231203e-06,0.0021453387330928986,604.1159732720782,181234.79198162348,5735.92620369538,1147.1852407390759,1979.162536515004,25124.127622952212,0.0,531.783203125,0.0,0.0,0.0,698.7961911654523,0.0,28.117276672240372,216479.89025648788,13.524446013034146,216493.41470250092,7.746851701503838,5.617295450784608,1.404323862696152,304026.868383296,16048251.664413067,126.57792380351349,126785.54981929327
2026-01-01 19:45:00,price_volatile,static_average_condition,960.3220549118464,0.19078582063085686,300.0,35.2193537140431,18.102759809537567,0.7192154147342272,7.041631685580363,163.21239253984314,0.2920158749982231,0.030344340833461745,57.62707572774646,33.2966105684379,0.8783171058065251,0.9233769583789024,0.9632609956767513,1.0368140081925181,0.4023705979483115,0.41581302881240845,0.6637850403785706,0.0,0.0,401.0272321218863,0.17010166311182043,0.7214498421080091,0.11291093931714173,0.15863163268841424,0.004969210439347407,0.3568666893167698,0.000808375549190821,2.669048961367135e-06,0.002208943224165685,607.7399738205653,182321.9921461696,5604.3336626039545,1120.866732520791,1957.2166379649316,25325.590301769906,0.0,460.87860107421875,0.0,0.0,0.0,698.7961911654523,0.0,28.117276672240372,217517.7915499411,12.804995102212768,217530.5965450433,8.063328736228929,5.799270321165301,1.4498175802913253,315379.68312226323,16363631.347535329,128.0277413838048,127813.16901061327
2026-01-01 20:00:00,price_volatile,static_average_condition,925.2449731498052,0.18722319805844598,300.0,37.33251493688569,17.769041721178255,0.7222714746256801,7.032182360995916,163.21239253984314,0.2920158749982231,0.030344340833461745,57.62707572774646,33.2966105684379,0.880683294360125,0.9253715261417564,0.9644777888188304,1.0364360674447435,0.3951165323457379,0.41721466183662415,0.6649627089500427,0.0,0.0,401.0272321218863,0.16696980610354453,0.7248196503563337,0.11102869457947635,0.15509018388857398,0.004886372848442754,0.3509176603557418,0.0007920179609391285,2.6702915193796867e-06,0.0021642449601367475,605.5479809606102,181664.39428818304,5699.34268333063,1139.868536666126,1968.8983248638667,25192.186459521286,0.0,492.6446533203125,0.0,0.0,0.0,698.7961911654523,0.0,28.117276672240372,216884.248413723,13.756203739738181,216898.00461746272,7.6237344790953365,5.5064059443708295,1.3766014860927074,298582.1154869421,16662213.463022271,129.4043428698975,128760.85217460112
2026-01-01 20:15:00,price_volatile,static_average_condition,921.2470540842414,0.19222319805844598,300.0,36.94704873964083,17.899849449286492,0.7223853377797246,6.975143301158447,163.21239253984314,0.2920158749982231,0.030344340833461745,57.62707572774646,33.2966105684379,0.8806529833543925,0.9252358487911768,0.9642198586354518,1.0358445892788408,0.39503463572618597,0.41549715399742126,0.6642578840255737,0.0,0.0,401.0272321218863,0.17141105852219038,0.7202851128782759,0.11386114703253397,0.16017477004600764,0.00501102908090182,0.35986991897375487,0.0008156658233541968,2.6685874454430654e-06,0.002228864412692006,608.0984113832463,182429.5234149739,5557.563704416926,1111.512740883385,1919.6825984380644,25271.970724663635,0.0,506.8202819824219,0.0,0.0,0.0,698.7961911654523,0.0,28.117276672240372,217523.98693319602,13.51750148879904,217537.50443468482,7.793513267821162,5.629919714465755,1.4074799286164388,306179.67121312843,16968393.1342354,130.81182279851396,129716.05143345013
2026-01-01 20:30:00,price_volatile,static_average_condition,967.3094067884535,0.1913600974129737,300.0,37.154204695348454,18.59984944928649,0.7180177258380311,7.04598412705913,163.21239253984314,0.2920158749982231,0.030344340833461745,57.62707572774646,33.2966105684379,0.8774004944086712,0.9230998901970128,0.9630250066198051,1.0374098661585123,0.4069318715873864,0.4184783101081848,0.6640541553497314,0.0,0.0,401.0272321218863,0.1705463035463742,0.7206509968541833,0.11325198154950643,0.15737609836275612,0.004984219707993778,0.35794458852757477,0.0008059733341884168,2.6687962137234376e-06,0.0022023790021801714,604.1108355944228,181233.25067832685,5587.457008994361,1117.4914017988722,1964.5754370629606,25295.06380946739,0.0,436.8095703125,0.0,0.0,0.0,698.7961911654523,0.0,28.117276672240372,216361.56137380065,13.187275535862385,216374.7486493365,8.146445625930184,5.849292361993567,1.4623230904983917,316409.7911507105,17284802.925386112,132.27414588901235,130674.08456289956
2026-01-01 20:45:00,price_volatile,static_average_condition,986.9281277498005,0.18667981104433487,300.0,37.45182393961121,18.438022294585686,0.7230242858775523,6.980848051882887,163.21239253984314,0.2920158749982231,0.030344340833461745,57.62707572774646,33.2966105684379,0.876666586262396,0.9228852888252533,0.9628805377480663,1.0378277669935432,0.41070944103556645,0.42100414633750916,0.6647153496742249,0.0,0.0,401.0272321218863,0.16639697020192337,0.7249156104066142,0.11060662023250306,0.15211434795363488,0.00486779735643246,0.34958365077473186,0.0007823235047611113,2.6703959755990427e-06,0.002137754174625189,600.4251741292576,180127.55223877728,5721.091348430306,1144.2182696860614,2022.8000282904006,25220.16758677961,0.0,509.9902038574219,0.0,0.0,0.0,698.7961911654523,0.0,28.117276672240372,215472.73314365878,13.510518151400913,215486.24366181018,8.108382877281592,5.862557739468296,1.465639434867074,315825.1363821241,17600628.061768234,133.73978532387943,131603.53158295085
2026-01-01 21:00:00,price_volatile,static_average_condition,956.2894501191286,0.1913034685597999,280.473068674072,39.19382406981944,18.850963891372647,0.7210433903769727,7.013776054022805,163.21239253984314,0.2920158749982231,0.030344340833461745,57.62707572774646,33.2966105684379,0.8767878072190269,0.9231768750818158,0.9627473816872412,1.037917001540583,0.41075224753958695,0.4230791926383972,0.6648892760276794,0.0,0.0,401.0272321218863,0.1704621941146283,0.720556279852185,0.11333848483496496,0.15455104224899768,0.004988026717586808,0.3582179910985152,0.0007979776107244867,2.6687855214649597e-06,0.00218053012366618,597.6665099649698,167629.36009359793,5583.192496465011,1116.638499293002,1974.167560017065,25200.490973054122,0.0,472.9930114746094,0.0,0.0,0.0,698.7961911654523,0.0,28.117276672240372,202703.75610173945,13.79641641368493,202717.55251815313,8.051254920104604,5.805304144381506,1.4513260360953766,294209.2619431275,17894837.32371136,135.1911113599748,132366.9666126391
2026-01-01 21:15:00,price_volatile,static_average_condition,965.9205312231894,0.1939806651962124,278.83710735417566,40.30443056681485,18.728484510027446,0.7205280080550988,6.9311678658933795,163.21239253984314,0.2920158749982231,0.030344340833461745,57.62707572774646,33.2966105684379,0.8766949964554223,0.9233250151350434,0.962838384310264,1.0379039159667913,0.4120674850027309,0.4229857325553894,0.6643344759941101,0.0,0.0,401.0272321218863,0.17286495249558026,0.7182407338961153,0.11484014763389805,0.1566587205196747,0.005054114897367853,0.36296415152164474,0.0008086498078738704,2.6678955402795618e-06,0.0022096926553677996,597.7328216964894,166670.09097249835,5510.186037974975,1102.037207594995,1952.1216666505613,25263.292523212804,0.0,473.6569519042969,0.0,0.0,0.0,698.7961911654523,0.0,28.117276672240372,201698.2988276737,14.299444944811285,201712.5982726185,8.246149614699272,5.941581756003586,1.4853954390008965,299622.9734631676,18194460.29717453,136.67650679897568,133120.61248342416
2026-01-01 21:30:00,price_volatile,static_average_condition,956.7891322225871,0.19227307211798356,289.7097463764046,39.73592936642059,19.408732335886675,0.7157969112221301,6.952327267053454,163.21239253984314,0.2920158749982231,0.030344340833461745,57.62707572774646,33.2966105684379,0.8736339753318842,0.9213453233048375,0.9615038587933151,1.038994745181712,0.4234762630569698,0.42667582631111145,0.6643404364585876,0.0,0.0,401.0272321218863,0.17125076682832852,0.7193707594372248,0.11376880917859959,0.15287112107659978,0.005006965291950168,0.35957807564633715,0.0007946093638793567,2.6683919064188385e-06,0.002171326151510769,592.8948443220183,171767.41497640984,5562.0743739868585,1112.4148747973718,2003.5017771434225,25262.617260716448,0.0,397.1649475097656,0.0,0.0,0.0,698.7961911654523,0.0,28.117276672240372,206832.1016784014,13.668812932860986,206845.77049133426,8.096290224005816,5.795299534701291,1.4488248836753228,299683.2993708399,18494143.59654537,138.12533168265102,133893.93076019155
2026-01-01 21:45:00,price_volatile,static_average_condition,981.3695688021368,0.1895071082672731,280.86408900646245,42.084466989016434,19.71175846373789,0.7233638662053874,6.982726611492012,163.21239253984314,0.2920158749982231,0.030344340833461745,57.62707572774646,33.2966105684379,0.8742306736339045,0.9215098596953188,0.9617248264206933,1.0389781033896992,0.42020598423783495,0.4258761703968048,0.6649933457374573,0.0,0.0,401.0272321218863,0.16874587231275212,0.72166014723839,0.11221488220864279,0.15127693384754104,0.004938576966002369,0.3546667289109165,0.000785417769636334,2.669290861642336e-06,0.0021462094717166697,594.1583076288211,166877.73179779033,5639.09675469545,1127.8193509390899,2021.656290707338,25188.722293982555,0.0,511.0678405761719,0.0,0.0,0.0,698.7961911654523,0.0,28.117276672240372,202093.00779652863,14.2530785556763,202107.26087508432,8.184826166599773,5.920607500090632,1.480151875022658,299149.44113994954,18793293.03768532,139.60548355767367,134617.15513432145
2026-01-01 22:00:00,price_volatile,static_average_condition,958.9780350413721,0.1892976347960112,252.77768010581622,39.64314691522348,19.39565192354505,0.7190680305418055,6.933058959627987,163.21239253984314,0.2920158749982231,0.030344340833461745,57.62707572774646,33.2966105684379,0.8739779092301406,0.9211272527666015,0.9615772259143366,1.0385726127483448,0.4206965723163329,0.42372122406959534,0.6640795469284058,0.0,0.0,401.0272321218863,0.16860186475877917,0.722028966408741,0.11196504996029441,0.15227720871571399,0.004927581848752557,0.35387710827812524,0.0007874558743397224,2.6693988228922823e-06,0.0021517787366198407,597.0279337982411,150915.33606388821,5651.679504592666,1130.335900918533,2027.6090722575277,25292.18484632909,0.0,453.5603332519531,0.0,0.0,0.0,698.7961911654523,0.0,28.117276672240372,186197.6191890757,13.641118428508706,186211.26030750418,7.989235372343503,5.74480374472597,1.4362009361814925,267436.7863811731,19060729.824066494,141.04168449385517,135142.5281998594
2026-01-01 22:15:00,price_volatile,static_average_condition,967.1707641907108,0.19334519127063182,227.4999120952346,38.983218655811044,19.876356377578055,0.7197798904603002,6.942854745110219,163.21239253984314,0.2920158749982231,0.030344340833461745,57.62707572774646,33.2966105684379,0.8709973374633984,0.9193790281239538,0.9604324895602718,1.0398258133760225,0.4324906859092565,0.426742821931839,0.6632640957832336,0.0,0.0,401.0272321218863,0.17214159832894155,0.7181474058609584,0.11417534156232602,0.15337536836678647,0.005024856782157968,0.3608629632467583,0.000797621363298396,2.667974529801181e-06,0.0021795566524388807,593.0210788987616,134912.24332008944,5542.270068409317,1108.4540136818634,2022.3475049352617,25384.752948154273,0.0,479.1055603027344,0.0,0.0,0.0,698.7961911654523,0.0,28.117276672240372,170176.0868834106,13.207108475502668,170189.2939918861,8.229773899491848,5.92362575588928,1.48090643897232,252034.42131673734,19312764.24538323,142.52259093282748,135506.6878799976
2026-01-01 22:30:00,price_volatile,static_average_condition,969.7492495262796,0.19722704339809732,204.74992088571116,40.66318599122928,20.479621136807065,0.71664820643679,6.917666747284929,163.21239253984314,0.2920158749982231,0.030344340833461745,57.62707572774646,33.2966105684379,0.8703034506220877,0.9188033627524129,0.9601767861343158,1.0397179716005613,0.4349469403241705,0.42462339997291565,0.6619102358818054,0.0,0.0,401.0272321218863,0.17551332714543819,0.7143470690193231,0.11617406777123747,0.1574191238449207,0.005112820722612161,0.3671801439321607,0.0008160280482303812,2.666591824324805e-06,0.0022298542177234333,596.255770184843,122083.32177299538,5446.917631715714,1089.3835263431429,1994.510950658714,25538.9436354453,0.0,449.4370422363281,0.0,0.0,0.0,698.7961911654523,0.0,28.117276672240372,157329.42802723226,13.678830672862409,157343.10685790514,8.417386809923258,6.032305160216196,1.508076290054049,237285.40885584737,19550049.654239077,144.03066722288153,135735.32658837287
2026-01-01 22:45:00,price_volatile,static_average_condition,961.3186019449364,0.19788967418172762,184.27492879714006,38.36525445148865,20.900336179090594,0.7234520496084113,7.01864877151614,163.21239253984314,0.2920158749982231,0.030344340833461745,57.62707572774646,33.2966105684379,0.8697056175978581,0.9184557747328281,0.9591598624244407,1.0415194085489798,0.435164095736102,0.4340992271900177,0.6671120524406433,0.0,0.0,401.0272321218863,0.17604338589525761,0.7135183444906497,0.1174406644831855,0.15309809860883652,0.005168563643904995,0.3711833537010815,0.0008071887278010444,2.6663185151714553e-06,0.0022057001509803733,583.4416300266843,107513.66483045458,5388.172664689658,1077.6345329379315,1973.6086014123741,24949.927552761124,0.0,476.12896728515625,0.0,0.0,0.0,698.7961911654523,0.0,28.117276672240372,142106.05061737853,12.973995205300499,142119.02461258383,8.372243446892801,6.056916681475187,1.5142291703687967,215200.7727327354,19765250.42697181,145.54489639325033,135801.74170839856
2026-01-01 23:00:00,price_volatile,static_average_condition,983.6370740731719,0.1969750246382902,165.84743591742605,40.66716971857797,20.848716841108065,0.7214057299453852,6.965196184658959,163.21239253984314,0.2920158749982231,0.030344340833461745,57.62707572774646,33.2966105684379,0.8681223136195902,0.917557774650078,0.9590461241718339,1.0414479981038078,0.44270211093070005,0.43086016178131104,0.6645651459693909,0.0,0.0,401.0272321218863,0.17523774753500024,0.7143606166493224,0.1164568992699447,0.15383241870383907,0.005125268136870266,0.3680740621050903,0.0008064112652867607,2.666633357097309e-06,0.002203575679805201,587.804091024344,97485.80131816075,5433.689047692179,1086.7378095384358,2011.5793846851684,25237.16870084389,0.0,484.6280517578125,0.0,0.0,0.0,698.7961911654523,0.0,28.117276672240372,132466.51778051595,13.838922820500818,132480.35670333644,8.527022742999751,6.151443066174636,1.537860766543659,203736.34291177033,19968986.769883584,147.082757159794,135767.0141319749
2026-01-01 23:15:00,price_volatile,static_average_condition,992.4527656785317,0.1985106093758927,149.26269232568345,40.993960829442045,20.610132523131995,0.7262128949883795,7.010019041116543,163.21239253984314,0.2920158749982231,0.030344340833461745,57.62707572774646,33.2966105684379,0.8688309250177093,0.917664846080343,0.9596657175813126,1.0393634961011236,0.44061451904898247,0.42129647731781006,0.6597365140914917,0.0,0.0,401.0272321218863,0.17663765355057728,0.7131300710733744,0.11653430981075846,0.1600744825358469,0.00512867497477148,0.3683187261171471,0.0008251084062737873,2.666142545480142e-06,0.002254666936753664,601.021024092149,89710.01620033362,5430.079597321049,1086.01591946421,2004.3485369140262,25787.831857167817,0.0,662.8668823242188,0.0,0.0,0.0,698.7961911654523,0.0,28.117276672240372,125408.07246136264,13.969442564066647,125422.0419039267,8.670515868864873,6.296640430171045,1.5741601075427611,197434.37497171795,20166421.1448553,148.65691726733675,135657.468993448
2026-01-01 23:30:00,price_volatile,static_average_condition,969.9275271208173,0.2017228683210386,135.85343740581854,41.41294681171257,21.310132523131994,0.7173822931726479,7.003425867961866,163.21239253984314,0.2920158749982231,0.030344340833461745,57.62707572774646,33.2966105684379,0.8685699242036355,0.9176078375169513,0.9588976487065752,1.0414001592548445,0.43966165091831133,0.43037793040275574,0.6650067567825317,0.0,0.0,401.0272321218863,0.17939507469299806,0.7098759337859268,0.11929893680435068,0.15789681330607697,0.005250346208759474,0.37705661536300555,0.0008273211232325234,2.664974726770689e-06,0.00226071334196457,588.6658359342972,79972.2772950439,5304.243231681614,1060.8486463363229,1955.2716672144031,25187.20597954891,0.0,411.4798278808594,0.0,0.0,0.0,698.7961911654523,0.0,28.117276672240372,114618.24011554371,14.006983019384796,114632.2470985631,8.610845330339446,6.177267969233898,1.5443169923084745,177028.5270608148,20343449.671916116,150.20123425964522,135441.29495467016
2026-01-01 23:45:00,price_volatile,static_average_condition,973.8374644546521,0.203664970204868,130.32408886306507,43.07874944977078,22.010132523131993,0.7245298063264328,6.962314624612215,163.21239253984314,0.2920158749982231,0.030344340833461745,57.62707572774646,33.2966105684379,0.8671790695763155,0.9168399284036559,0.9586478801852435,1.0413160288229488,0.44621899778001867,0.42772385478019714,0.6619988679885864,0.0,0.0,401.0272321218863,0.1810219815381522,0.7077528650735933,0.11983634685930754,0.16033587629034296,0.005273997625278125,0.378755155365222,0.0008366715479285453,2.664235445628612e-06,0.0022862640371779826,592.6433879247959,77235.70955201905,5280.456177742218,1056.0912355484436,1964.5085938796997,25528.830059664175,0.0,586.5176391601562,0.0,0.0,0.0,698.7961911654523,0.0,28.117276672240372,112379.02672585145,14.746247987938329,112393.77297383938,8.728792805813626,6.3242705610597065,1.5810676402649266,177702.1574162201,20521151.829332337,151.78230189991015,135201.21629769856
2026-01-02 00:00:00,price_volatile,static_average_condition,1008.2764373299375,0.19978212279243207,117.29167997675857,44.6165117431754,21.73349648824236,0.7145298063264328,7.057429636116407,163.21239253984314,0.2920158749982231,0.030344340833461745,57.62707572774646,33.2966105684379,0.8650554908183314,0.9157511354213153,0.9579653117755608,1.042705506518793,0.4549396871536463,0.43109697103500366,0.6630157828330994,0.0,0.0,401.0272321218863,0.17761066736049874,0.7113601934294257,0.11775867565953028,0.1554018510238471,0.005182559315775928,0.3721884608798388,0.0008155528225191732,2.6655801070961928e-06,0.002228555629937382,587.8898526620127,68954.58846001654,5373.621727207982,1074.7243454415964,2023.5374112872962,25412.98607756744,0.0,398.0542907714844,0.0,0.0,0.0,698.7961911654523,0.0,28.117276672240372,103964.42578013006,15.297277095433433,103979.72305722549,8.865181064570196,6.334436109116102,1.5836090272790255,164663.2280873953,20685815.057419732,153.3659109271892,134878.8328016411
2026-01-02 00:15:00,price_volatile,static_average_condition,1022.4109789666618,0.2024290296992044,105.56251197908271,43.591902586981476,22.364227568381814,0.7172714707180511,6.988979079008825,163.21239253984314,0.2920158749982231,0.030344340833461745,57.62707572774646,33.2966105684379,0.862698165729156,0.914162032986472,0.9566554345611026,1.0437383105235525,0.4630138124479687,0.4329093098640442,0.663752019405365,0.0,0.0,401.0272321218863,0.1798738047121451,0.7086502691981842,0.11939160111581257,0.15639734219267779,0.0052544243651069114,0.3773494904931675,0.0008238143088601403,2.6646109934894324e-06,0.002251130724264126,585.7177552226763,61829.8375520552,5300.126409038342,1060.0252818076685,2018.1141995199703,25329.337671610338,0.0,429.6493835449219,0.0,0.0,0.0,698.7961911654523,0.0,28.117276672240372,96694.00396541414,15.099045085956027,96709.1030105001,9.108558803369801,6.533309369014908,1.633327342253727,157957.62219188205,20843772.679611612,154.9992382694429,134476.61364230604
2026-01-02 00:30:00,price_volatile,static_average_condition,1036.1716133824802,0.20450736804830216,95.00626078117445,44.171216702757064,22.680805022788782,0.7150572115112412,6.956280352673263,163.21239253984314,0.2920158749982231,0.030344340833461745,57.62707572774646,33.2966105684379,0.862427594271955,0.9141420658561223,0.9566180140968411,1.044410767102172,0.46420954036930057,0.43406131863594055,0.6644596457481384,0.0,0.0,401.0272321218863,0.1816747664751853,0.706625224753108,0.1207155509734774,0.15739159515609674,0.00531269139834274,0.38153397080467377,0.0008309486182017046,2.6638711465991866e-06,0.002270625727910544,584.3061425000509,55512.74175040191,5241.997182536335,1048.399436507267,1999.2398589707143,25249.114554885036,0.0,384.01678466796875,0.0,0.0,0.0,698.7961911654523,0.0,28.117276672240372,90162.42303580693,15.29373791574571,90177.71677372268,9.325927145260406,6.6685714592468965,1.6671428648117241,150339.1370843243,20994111.816695936,156.66638113425464,134005.21327358112
2026-01-02 00:45:00,price_volatile,static_average_condition,1005.9786821591032,0.20196239317078687,85.505634703057,46.00810959191346,22.67768808712557,0.7234011164265305,7.01125956236685,163.21239253984314,0.2920158749982231,0.030344340833461745,57.62707572774646,33.2966105684379,0.8619490278492401,0.9134265771744154,0.9565564410513266,1.043853653384384,0.46522942818357926,0.430248498916626,0.6628535389900208,0.0,0.0,401.0272321218863,0.1794141465955389,0.7088880503390683,0.11892530201572733,0.15748542879491706,0.00523390254171216,0.3758757040107842,0.0008258778952756827,2.664731864556954e-06,0.0022567696197436536,589.485994875747,50404.374140413755,5320.907892313833,1064.1815784627668,2032.1574317264392,25431.444593603886,0.0,549.901611328125,0.0,0.0,0.0,698.7961911654523,0.0,28.117276672240372,85529.88071568651,16.04213428986433,85545.92284997637,8.941505632237737,6.468295156894889,1.6170737892237224,138334.0696156515,21132445.886311587,158.28345492347836,133510.13785065533
2026-01-02 01:00:00,price_volatile,static_average_condition,1007.2040452523614,0.2013966959248952,88.27812826630635,43.24762301639865,23.363697332127376,0.7234566248309783,6.989350744794577,163.21239253984314,0.2920158749982231,0.030344340833461745,57.62707572774646,33.2966105684379,0.8607554718932122,0.9132610687223295,0.955891851515927,1.0455124491436123,0.470776441487659,0.4375707805156708,0.6655136346817017,0.0,0.0,401.0272321218863,0.17881467854157615,0.7090023264079862,0.11900360665064443,0.15296062954404976,0.005237348728694862,0.37612319389962956,0.000813036452214589,2.664842044796342e-06,0.0022216794705342837,579.9462518415456,51196.56960763157,5317.406723217688,1063.4813446435373,2046.1580451019436,25129.94083722077,0.0,503.60845947265625,0.0,0.0,0.0,698.7961911654523,0.0,28.117276672240372,85984.07848512586,15.164169683194546,85999.24265480906,8.927321416452985,6.458529820728385,1.6146324551820963,138857.1683115352,21271303.054623123,159.89808737866045,133030.37830746392
2026-01-02 01:15:00,price_volatile,static_average_condition,1056.7181584434925,0.20047203637784128,90.89888495378018,45.31708849314491,23.4425292601296,0.7231980127966261,7.061346973530214,163.21239253984314,0.2920158749982231,0.030344340833461745,57.62707572774646,33.2966105684379,0.8608094812552118,0.9128467334364498,0.9559853879250505,1.043972936861026,0.4702340061133006,0.43168023228645325,0.6619592905044556,0.0,0.0,401.0272321218863,0.17798254266132765,0.7097787409853468,0.11781719766227144,0.15510982646728547,0.005185134869116566,0.3723734257158124,0.0008159659162830689,2.665145367697001e-06,0.0022296844377936013,587.8951225744555,53439.01111178393,5370.952548924257,1074.1905097848514,2065.247714386446,25533.3458072577,0.0,562.52685546875,0.0,0.0,0.0,698.7961911654523,0.0,28.117276672240372,88772.18801544364,15.878265152091405,88788.06628059573,9.323185832837815,6.742509467241965,1.6856273668104913,149663.59436875593,21420966.64899188,161.58371474547093,132568.8463267137
2026-01-02 01:30:00,price_volatile,static_average_condition,1003.8822505213178,0.20539941414603619,93.96698885565641,44.36759024761418,24.00164288046377,0.7191003962663878,7.018800653198113,163.21239253984314,0.2920158749982231,0.030344340833461745,57.62707572774646,33.2966105684379,0.8607959801623319,0.9130600143627521,0.9562640978015866,1.0444370253576511,0.4710443139703747,0.43090036511421204,0.6614444255828857,0.0,0.0,401.0272321218863,0.18227616462973226,0.7050901176033242,0.12056555301096476,0.15923359863779704,0.005306089988012559,0.38105988674683244,0.0008368837789391134,2.6634136414419077e-06,0.0022868439733885982,589.2080935363424,55366.110358992046,5248.518853753701,1049.7037707507402,2020.3808201955526,25592.14057316822,0.0,498.6319885253906,0.0,0.0,0.0,698.7961911654523,0.0,28.117276672240372,90502.39983322336,15.51271127209623,90517.91254449546,9.074722317923339,6.5256364148261055,1.6314091037065264,147671.74657360106,21568638.39556548,163.21512384917747,132148.52819335822
2026-01-02 01:45:00,price_volatile,static_average_condition,1019.3379431103755,0.2035268036966688,85.68606341246473,44.814241970460515,23.5437716176951,0.7213485619460802,6.972876100591551,163.21239253984314,0.2920158749982231,0.030344340833461745,57.62707572774646,33.2966105684379,0.8594439531880911,0.9124267640580759,0.955587740124816,1.0452835972113843,0.476594702750226,0.43437063694000244,0.6623782515525818,0.0,0.0,401.0272321218863,0.18068090842951293,0.7070088236580625,0.1196791042144729,0.15584390318209662,0.005267077376478952,0.37825817374040405,0.0008237934852348024,2.6641003935088467e-06,0.002251073822238652,584.2958414870101,50066.01052529539,5287.394004531377,1057.4788009062752,2050.606027069131,25485.570190148122,0.0,521.625,0.0,0.0,0.0,698.7961911654523,0.0,28.117276672240372,85195.598015788,15.781124075687059,85211.37913986368,9.130428737646108,6.586221639852185,1.6465554099630462,140305.2573131548,21708943.652878635,164.86167925914052,131679.74359132347
2026-01-02 02:00:00,price_volatile,static_average_condition,1041.2378028839073,0.20527402206922873,88.19646820428939,43.7182346505102,24.109801558076402,0.7160254679610171,6.982884042881711,163.21239253984314,0.2920158749982231,0.030344340833461745,57.62707572774646,33.2966105684379,0.8585759932031938,0.9118419909975113,0.9554950092343871,1.0450197637966359,0.4805337907877004,0.43126943707466125,0.6596519351005554,0.0,0.0,401.0272321218863,0.1821505349867112,0.7051393761036,0.12015595288358545,0.15845399749810718,0.0052880634864065955,0.37976530322564667,0.0008333985851690112,2.6634427990708494e-06,0.002277320435509356,588.75663491572,51926.25583140872,5266.4105514969915,1053.2821102993983,2053.255354810279,25797.549191420396,0.0,476.6963195800781,0.0,0.0,0.0,698.7961911654523,0.0,28.117276672240372,87300.36282685357,15.39726468737238,87315.76009154094,9.406656546771568,6.735405655850677,1.6838514139626692,147026.76609136641,21855970.418970004,166.54553067310317,131231.20344711663
2026-01-02 02:15:00,price_volatile,static_average_condition,1009.6988714682117,0.2097405285225661,80.0,46.34132872954081,24.615265504185988,0.7184650086911198,6.986265179702729,163.21239253984314,0.2920158749982231,0.030344340833461745,57.62707572774646,33.2966105684379,0.8572029790891461,0.9108910826606066,0.9547905315639386,1.046456895126909,0.48449755288489144,0.4326655864715576,0.6621274948120117,0.0,0.0,401.0272321218863,0.18603870345356027,0.7008944723408085,0.12318134065578061,0.16152200647274875,0.0054212108022609045,0.38932735385326744,0.0008519681360632487,2.6618731359601584e-06,0.002328063043526986,587.0815891163759,46966.52712931007,5137.065197719898,1027.4130395439795,2013.4147966796102,25514.157608265123,0.0,476.08770751953125,0.0,0.0,0.0,698.7961911654523,0.0,28.117276672240372,81861.5789468759,16.413653559168495,81877.99260043507,9.32020784556628,6.696243210767821,1.6740608026919552,137068.7380154903,21993039.15698549,168.21959147579514,130740.0580636295
2026-01-02 02:30:00,price_volatile,static_average_condition,1051.955826573855,0.2079812741581012,80.0,46.39148284551001,24.529259974989284,0.7189130056048919,7.034518694571208,163.21239253984314,0.2920158749982231,0.030344340833461745,57.62707572774646,33.2966105684379,0.8600212685645718,0.9130170923577683,0.9560429890933608,1.045312584377254,0.4752860688416307,0.43347543478012085,0.6618983745574951,0.0,0.0,401.0272321218863,0.18449074773993446,0.7025031069039169,0.12211412604995948,0.15959532332610843,0.005374242687458717,0.3859543118302961,0.0008429512968982525,2.6624781972118475e-06,0.0023034238943136684,585.950031016965,46876.0024813572,5181.960503344238,1036.3921006688474,2006.1895614622754,25540.297305348347,0.0,487.6004638671875,0.0,0.0,0.0,698.7961911654523,0.0,28.117276672240372,81855.3558838858,16.287046434242637,81871.64293032004,9.628820850561919,6.922284538108521,1.7305711345271302,141684.70199152405,22134723.858977016,169.95016261032225,130242.44001301486
2026-01-02 02:45:00,price_volatile,static_average_condition,1020.750065452524,0.20596384409622662,88.0,46.9566158346262,24.633390881560388,0.7226875844256195,7.062608118782516,163.21239253984314,0.2920158749982231,0.030344340833461745,57.62707572774646,33.2966105684379,0.8590839542603208,0.9120138595001064,0.9559414533839887,1.0436442765728657,0.4792996503286977,0.42628213763237,0.6577365398406982,0.0,0.0,401.0272321218863,0.1826868506864086,0.704233538302715,0.12015981704487269,0.16171878601181489,0.005288233548144847,0.37977751630662804,0.0008435273162397402,2.6631478076922845e-06,0.002304997907806087,595.8867631629055,52438.03515833568,5266.241191553907,1053.2482383107813,2049.8096988799,26018.279313035957,0.0,632.7960205078125,0.0,0.0,0.0,698.7961911654523,0.0,28.117276672240372,88185.32308846174,16.59572523930945,88201.91881370105,9.2525570991248,6.686708139726619,1.6716770349316548,147445.1221177703,22282168.981094785,171.6218396452539,129832.94566211686
2026-01-02 03:00:00,price_volatile,static_average_condition,1041.9597388767806,0.2009638440962266,80.0,47.47035401821713,25.333390881560387,0.7210724714250261,6.977105901979902,163.21239253984314,0.2920158749982231,0.030344340833461745,57.62707572774646,33.2966105684379,0.8600012899836534,0.913100681036942,0.9560845675108828,1.044920127372004,0.47611800216526673,0.4347214996814728,0.6608943343162537,0.0,0.0,401.0272321218863,0.1781524525568978,0.7082743933902865,0.11773994653939893,0.1531000053253988,0.005181735047198947,0.37212926556062953,0.0008109451986400608,2.664756538784597e-06,0.0022159649725907345,584.6641906955964,46773.135255647714,5374.476519568838,1074.8953039137675,2083.046924793888,25655.059218700782,0.0,543.211669921875,0.0,0.0,0.0,698.7961911654523,0.0,28.117276672240372,82230.73836038457,16.70526468395629,82247.44362506852,9.21552828114503,6.645063753172469,1.6612659382931172,136634.87660600973,22418803.857700795,173.28310558354704,129376.74323300808
2026-01-02 03:15:00,price_volatile,static_average_condition,1024.6374594520998,0.20596384409622662,87.17819308220355,46.51795371904222,25.253801543799383,0.7187815261009792,7.070452196422381,163.21239253984314,0.2920158749982231,0.030344340833461745,57.62707572774646,33.2966105684379,0.8586882709344561,0.9120742632174555,0.9556768587943063,1.0446273867169624,0.4811612484791381,0.430388867855072,0.6587955355644226,0.0,0.0,401.0272321218863,0.18259703528343774,0.7038858983629339,0.12029411165202814,0.15920687138114745,0.005294143853805758,0.3802019682874414,0.0008368249879233553,2.6630747328542698e-06,0.0022866833227899617,590.4961164209556,51478.38445163741,5260.362036021745,1052.0724072043488,2052.6135146893757,25896.082017560326,0.0,539.7479248046875,0.0,0.0,0.0,698.7961911654523,0.0,28.117276672240372,87006.1758197556,16.42557405076438,87022.60139380637,9.287794260664363,6.6758949327922465,1.6689737331980616,145238.43592082785,22564042.293621626,174.9520793167451,128972.7014491217
2026-01-02 03:30:00,price_volatile,static_average_condition,1064.4508281381277,0.21096384409622662,88.72292933086385,45.43467290946913,25.646554474646905,0.7226117532381643,6.958807293837507,163.21239253984314,0.2920158749982231,0.030344340833461745,57.62707572774646,33.2966105684379,0.8596187424121621,0.9133341142829262,0.9564811347384683,1.045263898158348,0.4797978375879764,0.431538850069046,0.6589877605438232,0.0,0.0,401.0272321218863,0.18697194545251,0.6992342786975408,0.12321222361827144,0.16230604958139055,0.005422569961440127,0.3894249626469508,0.0008551076500351904,2.6613373327940906e-06,0.0023366419869678603,589.09539149357,52266.268788621586,5135.777599889461,1027.1555199778923,2000.3590570995846,25873.943332024835,0.0,607.2013549804688,0.0,0.0,0.0,698.7961911654523,0.0,28.117276672240372,87637.61912043154,16.064890761493956,87653.68401119304,9.882913702824531,6.958807293837507,1.7397018234593769,152491.27390720454,22716533.56752883,176.69178114020448,128565.87567875224
2026-01-02 03:45:00,price_volatile,static_average_condition,1048.5846977033518,0.21367322499561714,83.62420992594672,47.07357609843263,25.83392819781201,0.7156451451535856,7.004398027360684,163.21239253984314,0.2920158749982231,0.030344340833461745,57.62707572774646,33.2966105684379,0.8611719053461157,0.9140056604055042,0.957330773065892,1.043599758279354,0.47387293018651194,0.42489010095596313,0.6577041149139404,0.0,0.0,401.0272321218863,0.18934442429926382,0.6967298487360005,0.12453260699763691,0.16856108174081605,0.005480680033966,0.3935981707353145,0.0008779262183906294,2.660399122868869e-06,0.0023989953349932472,598.3896035130393,50039.85782167842,5081.324428575541,1016.2648857151081,1963.494510023221,26022.027027369935,0.0,503.57427978515625,0.0,0.0,0.0,698.7961911654523,0.0,28.117276672240372,85353.45642098508,16.464774634500163,85369.92119561958,9.860637402470891,7.004398027360684,1.751099506840171,149491.2269046337,22866024.794433463,178.44288064704466,128141.98421096923
2026-01-02 04:00:00,price_volatile,static_average_condition,1056.0605135391859,0.2087202022840274,80.0,47.08251179479359,25.742800959602928,0.7247150740095786,6.987169399874831,163.21239253984314,0.2920158749982231,0.030344340833461745,57.62707572774646,33.2966105684379,0.8604911640381426,0.9134216434252808,0.9570101635546241,1.0432372742155511,0.4763513200878233,0.4249067008495331,0.6570820212364197,0.0,0.0,401.0272321218863,0.18496910954376158,0.7011693316190497,0.12153987636531559,0.16449908818889228,0.005348969958837539,0.3841393363722985,0.0008567326135859755,2.6620849085133907e-06,0.002341082314521825,598.3352005423966,47866.81604339173,5206.444148332803,1041.2888296665606,2018.5523831379564,26094.0010288455,0.0,686.1340942382812,0.0,0.0,0.0,698.7961911654523,0.0,28.117276672240372,83640.14999545054,16.615499890229295,83656.76549534078,9.700735428083302,6.987169399874831,1.7467923499687077,146130.9979903874,23012155.79242385,180.18967299701336,127710.73619077647
2026-01-02 04:15:00,price_volatile,static_average_condition,1032.8210170927723,0.2119297941271528,80.0,44.99952744593854,25.485083632601675,0.7153738250505782,6.96298017187175,163.21239253984314,0.2920158749982231,0.030344340833461745,57.62707572774646,33.2966105684379,0.8609276819949793,0.9133077054659237,0.9574593444375029,1.041884383127247,0.47451505468386684,0.41703781485557556,0.6553319096565247,0.0,0.0,401.0272321218863,0.1878516759991437,0.698468289635566,0.12310519756469758,0.17208432604842938,0.005417859744822341,0.38908669574703364,0.0008839589288066478,2.6610298496589465e-06,0.002415480141850848,609.4842347410075,48758.738779280604,5140.242577968557,1028.0485155937115,1987.9776546616054,26297.215599048446,0.0,540.7545166015625,0.0,0.0,0.0,698.7961911654523,0.0,28.117276672240372,84479.89111099219,15.74640228521227,84495.6375132774,9.63315285845261,6.891305407648154,1.7228263519120386,145571.3109294817,23157727.103353333,181.9124993489254,127301.46189094252
2026-01-02 04:30:00,price_volatile,static_average_condition,1026.211252279325,0.21031494148000338,88.0,47.333451096333256,25.79218324558278,0.719683444395199,7.002463547621929,163.21239253984314,0.2920158749982231,0.030344340833461745,57.62707572774646,33.2966105684379,0.8599689068241089,0.9129453135330035,0.9567406331608306,1.0432775912201437,0.4778510955757754,0.42381781339645386,0.6569620966911316,0.0,0.0,401.0272321218863,0.18637501661456646,0.6997286503796653,0.12244132168595007,0.16645951687180593,0.005388642567398663,0.3869884474426736,0.0008653383435358775,2.6615397498035746e-06,0.002364598078798545,599.890959857214,52790.40446743484,5168.112932612205,1033.622586522441,2007.7217925579082,26107.8915386915,0.0,590.0955810546875,0.0,0.0,0.0,698.7961911654523,0.0,28.117276672240372,88424.76236671128,16.669362047829704,88441.43172875911,9.49857089224157,6.835964216560392,1.708991054140098,151145.61563979156,23308872.718993124,183.62149040306548,126939.78612104758
2026-01-02 04:45:00,price_volatile,static_average_condition,1059.568459099816,0.21041119561505103,91.51100805277143,45.53643608351396,26.017557521300557,0.7181084731792569,6.957835483657853,163.21239253984314,0.2920158749982231,0.030344340833461745,57.62707572774646,33.2966105684379,0.8615895084242243,0.9147036419106372,0.9577558163225418,1.043848590071451,0.4738633343414033,0.42741620540618896,0.6576058268547058,0.0,0.0,401.0272321218863,0.18642721937232432,0.699517777523142,0.12259562574356096,0.16423398949541657,0.005395433488974118,0.38747614135896524,0.0008592883221804052,2.661480557962744e-06,0.0023480659685774907,594.9504850492018,54444.51862833778,5161.608126336641,1032.3216252673283,1994.4914930881032,26033.38954453518,0.0,549.0855712890625,0.0,0.0,0.0,698.7961911654523,0.0,28.117276672240372,89942.3284566918,15.95502393070217,89958.2834806225,9.811812368531495,6.957835483657853,1.7394588709144632,156478.73421260683,23465351.45320573,185.36094927397994,126592.74537120468
2026-01-02 05:00:00,price_volatile,static_average_condition,1059.0432863065253,0.21452759101756314,82.35990724749429,44.22548501049374,26.238893244154443,0.7218843331345157,7.028825263839279,163.21239253984314,0.2920158749982231,0.030344340833461745,57.62707572774646,33.2966105684379,0.8613556569080261,0.914118940926603,0.9580801633193858,1.041965874121681,0.47521511899125435,0.41648510098457336,0.6543583869934082,0.0,0.0,401.0272321218863,0.1900414995433382,0.6957477258095195,0.12435524910298731,0.17422746733773517,0.005472874513022472,0.3930376127852117,0.0008946557363660239,2.660061972295884e-06,0.0024447099232341916,610.6527225538067,50293.30158996139,5088.571513111051,1017.7143026222102,1969.8463927268062,26410.726894990778,0.0,683.9625244140625,0.0,0.0,0.0,698.7961911654523,0.0,28.117276672240372,86191.036685664,15.55836530623787,86206.59505097024,9.998808159815086,7.028825263839279,1.7572063159598197,151482.77330095545,23616834.226506684,187.11815558993976,126213.4834113148
2026-01-02 05:15:00,price_volatile,static_average_condition,1075.6669843829818,0.21231795500530953,80.0,46.87901411112337,26.193514247585643,0.7191967333013545,6.962143909472446,163.21239253984314,0.2920158749982231,0.030344340833461745,57.62707572774646,33.2966105684379,0.8606156690485746,0.9139290682146908,0.9575794989252038,1.043107026392218,0.47813276136224353,0.42238888144493103,0.6555992960929871,0.0,0.0,401.0272321218863,0.1880912252605429,0.6977299324352789,0.12331247488207939,0.16862814340608956,0.005426982019560314,0.38974181712386263,0.0008747222097126625,2.6608145718024744e-06,0.00239024015521765,602.1068740830015,48168.54992664012,5131.60228676305,1026.32045735261,1994.2896493698938,26266.097748994896,0.0,606.6951293945312,0.0,0.0,0.0,698.7961911654523,0.0,28.117276672240372,83920.4686663528,16.508240886244472,83936.97690723905,10.051154067344518,6.962143909472446,1.7405359773681115,146095.32813856594,23762929.55464525,188.8586915673079,125823.85993167973
2026-01-02 05:30:00,price_volatile,static_average_condition,1026.34084628424,0.21367927483512178,82.88014641490453,45.82378757322491,26.244112918259418,0.7164787482941568,6.9096215948216075,163.21239253984314,0.2920158749982231,0.030344340833461745,57.62707572774646,33.2966105684379,0.8623467638578513,0.9148634871178816,0.9584454552485724,1.0420541869874551,0.4714680914627589,0.41832900047302246,0.6552947163581848,0.0,0.0,401.0272321218863,0.18928875319660557,0.6964967993177849,0.1240399198357641,0.172472919808408,0.005458996871971978,0.3920409820573196,0.000888457362855634,2.660348476424705e-06,0.0024277724302826428,607.9670348695041,50388.39686541987,5101.507473796665,1020.301494759333,1964.9140023035686,26301.54608582247,0.0,561.523193359375,0.0,0.0,0.0,698.7961911654523,0.0,28.117276672240372,86065.10258329898,15.998620213266639,86081.10120351225,9.651734859455667,6.9096215948216075,1.7274053987054019,148696.95894545314,23911626.513590705,190.5860969660133,125463.64553472545
2026-01-02 05:45:00,price_volatile,static_average_condition,1069.2050762124038,0.2135397913634194,80.0,44.36574566865251,26.711567802716615,0.7168841198773798,6.963998772655621,163.21239253984314,0.2920158749982231,0.030344340833461745,57.62707572774646,33.2966105684379,0.8622634992338056,0.91496816842544,0.9586910563027835,1.0422786940783486,0.47251856813471066,0.4178258776664734,0.6549175977706909,0.0,0.0,401.0272321218863,0.18909523575399478,0.6963615142672787,0.12384179754988872,0.17255391216904012,0.005450277510170603,0.3914147961034358,0.0008884361865685417,2.6603405019651246e-06,0.0024277145645840424,608.9251575651723,48714.012605213786,5109.668872792119,1021.9337745584238,1970.848620286298,26345.482500695784,0.0,575.977783203125,0.0,0.0,0.0,698.7961911654523,0.0,28.117276672240372,84464.83762458724,15.510376878590318,84480.34800146583,10.04826764984964,6.963998772655621,1.7409996931639053,147080.25994893195,24058706.773539636,192.3270966591772,125092.65304500522
2026-01-02 06:00:00,price_volatile,static_average_condition,1068.6042266248157,0.2092598384557201,88.0,43.6815577911604,26.69167760765927,0.7180691580964621,7.044759700825831,163.21239253984314,0.2920158749982231,0.030344340833461745,57.62707572774646,33.2966105684379,0.8622681010599123,0.9148186753344452,0.9584101476314553,1.0419542642522146,0.4718912750748905,0.41962528228759766,0.6552432775497437,0.0,0.0,401.0272321218863,0.18530804508722787,0.7001626905005238,0.12142185081929086,0.16793595469079808,0.0053437756545569905,0.3837663044400572,0.0008673266058381689,2.661790672170877e-06,0.002370031145824022,606.316535682291,53355.85514004161,5211.504962422755,1042.300992484551,2008.427830063118,26307.536014673857,0.0,592.0632934570312,0.0,0.0,0.0,698.7961911654523,0.0,28.117276672240372,89244.60170098062,15.274533746980799,89259.8762347276,9.841337864289146,7.044759700825831,1.7611899252064578,157203.59474977758,24215910.368289415,194.08828658438364,124767.5003703074
2026-01-02 06:15:00,price_volatile,static_average_condition,1073.8324264931207,0.2142598384557201,96.80000000000001,42.07844424065761,26.849064216897506,0.7179974023851046,6.979450136878073,163.21239253984314,0.2920158749982231,0.030344340833461745,57.62707572774646,33.2966105684379,0.8621113889391037,0.9142506999552098,0.958816394744072,1.0397378376201862,0.4731408561197133,0.405640184879303,0.6508712768554688,0.0,0.0,401.0272321218863,0.18971270054275194,0.695647382506034,0.12347854763796014,0.18092558252656193,0.005434290881546626,0.3902667072269413,0.0009125407817090743,2.6600805247916334e-06,0.0024935820715370114,627.2728140751864,60720.00840247805,5124.700526496599,1024.9401052993198,1978.304774830672,26820.105261924018,0.0,675.8881225585938,0.0,0.0,0.0,698.7961911654523,0.0,28.117276672240372,97070.86066142496,14.73160653277657,97085.59226795773,10.125783929695208,6.979450136878073,1.7448625342195183,169401.0125608716,24385311.380850285,195.83314911860316,124520.85609919758
2026-01-02 06:30:00,price_volatile,static_average_condition,1067.1833514877778,0.2120248334876062,106.48000000000002,44.603150895097066,26.694086068744408,0.7254682860415873,7.015689283987496,163.21239253984314,0.2920158749982231,0.030344340833461745,57.62707572774646,33.2966105684379,0.8640597115416044,0.9161675773891932,0.9593337676679214,1.041286342136986,0.46611282155558226,0.4176980257034302,0.6550369262695312,0.0,0.0,401.0272321218863,0.18775603424719964,0.6977130078347762,0.12298713556184249,0.17145317297139584,0.005412663836076688,0.3887135485892133,0.000882562685294284,2.660855132240064e-06,0.002411664807939514,609.1064304403121,64857.65271328445,5145.176974815381,1029.0353949630762,1967.4059141838395,26331.574594966052,0.0,744.0862426757812,0.0,0.0,0.0,698.7961911654523,0.0,28.117276672240372,100801.84530272627,15.589093792349656,100817.43439651863,9.95811507932143,7.015689283987496,1.753922320996874,176825.94853369202,24562137.329383977,197.58707143960004,124310.44779613693
2026-01-02 06:45:00,price_volatile,static_average_condition,1069.9049828685738,0.21033566663030467,117.12800000000003,47.27933994880289,25.99408606874441,0.7206177638066901,6.999768704902783,163.21239253984314,0.2920158749982231,0.030344340833461745,57.62707572774646,33.2966105684379,0.865541479537114,0.9169906716079418,0.9606040043346158,1.039400933667151,0.4618990844398375,0.40848565101623535,0.6522269248962402,0.0,0.0,401.0272321218863,0.186363921750825,0.6995975970846315,0.12155156759514413,0.17601474175439294,0.005349484489862293,0.3841762877120729,0.0008914368417898315,2.6615088101016938e-06,0.0024359140666913985,622.4922090347164,72911.26745981828,5205.94337539888,1041.188675079776,1979.2347215018806,26660.43533537698,0.0,701.59619140625,0.0,0.0,0.0,698.7961911654523,0.0,28.117276672240372,109226.57922641975,16.397379099129836,109242.97660551888,9.90397421509886,6.999768704902783,1.7499421762256957,191168.89221843448,24753306.221602414,199.33701361582573,124178.17329855495
2026-01-02 07:00:00,price_volatile,static_average_condition,1030.4068054889226,0.20533566663030467,128.84080000000003,44.442579551874715,26.694086068744408,0.7167261797371673,6.971779375787348,163.21239253984314,0.2920158749982231,0.030344340833461745,57.62707572774646,33.2966105684379,0.8630769691857834,0.91540893623508,0.9589416817644799,1.041567209095984,0.4694074335049694,0.41944897174835205,0.6549011468887329,0.0,0.0,401.0272321218863,0.18183261584864013,0.7036364262333358,0.11908238866105282,0.16481957959194404,0.005240815924972934,0.3763721925830361,0.0008509748027023703,2.663117853267012e-06,0.0023253486900324414,606.5823826095353,78152.55944131863,5313.88885633137,1062.7777712662742,2041.021483476598,26347.4002718382,0.0,573.3502807617188,0.0,0.0,0.0,698.7961911654523,0.0,28.117276672240372,114217.91157283049,15.487089984754531,114233.39866281525,9.311603598123762,6.673870074110106,1.6684675185275264,190594.71519991301,24943900.936802324,201.00548113435326,124095.62563186858
2026-01-02 07:15:00,price_volatile,static_average_condition,1071.5439810990495,0.21033566663030467,131.3858281613714,44.235280860343494,26.124088814801446,0.7188367360363329,6.990471097198935,163.21239253984314,0.2920158749982231,0.030344340833461745,57.62707572774646,33.2966105684379,0.8647453640692783,0.9164656292608768,0.9598467822390704,1.0404420178462996,0.46374490837509097,0.4139164090156555,0.654077410697937,0.0,0.0,401.0272321218863,0.18634437669172108,0.6995256388259131,0.12188364740464193,0.17258075349817886,0.0053640993222782915,0.38522586025943756,0.0008822353912427052,2.661493627478187e-06,0.0024107704538509117,614.3934220295771,80722.58857025494,5191.759448997174,1038.351889799435,1978.8253680495723,26443.551148857467,0.0,629.0653076171875,0.0,0.0,0.0,698.7961911654523,0.0,28.117276672240372,116731.05520141349,15.350522826460905,116746.40572423994,9.919146213054885,6.990471097198935,1.7476177742997336,204028.0937292899,25147929.030531615,202.753098908653,124032.27948620205
2026-01-02 07:30:00,price_volatile,static_average_condition,1052.97133339537,0.21268812598204195,137.7318227652848,43.67274420396757,26.5493599823267,0.7213639015793247,6.997794854815069,163.21239253984314,0.2920158749982231,0.030344340833461745,57.62707572774646,33.2966105684379,0.8625794615736158,0.9149947646688602,0.9589121945366956,1.0409783302570548,0.4717615602555525,0.4132431745529175,0.6531816124916077,0.0,0.0,401.0272321218863,0.18836572277135863,0.6972050947418544,0.12303702653794317,0.17469814276293,0.005414859537934879,0.38887123417375913,0.0008923362179568583,2.6606475368984195e-06,0.0024383716755244696,615.5964928851151,84787.22705298358,5143.09062805695,1028.61812561139,1981.715166726458,26548.38875404261,0.0,697.32373046875,0.0,0.0,0.0,698.7961911654523,0.0,28.117276672240372,120913.27692572743,15.30544169013919,120928.58236741758,9.856237527953747,6.997794854815069,1.7494487137037673,211558.35287269874,25359487.383404315,204.50254762235676,124005.72842854867
2026-01-02 07:45:00,price_volatile,static_average_condition,1060.7040334111568,0.20768812598204195,124.14592300788793,46.29310885620563,26.53001028386981,0.7151337615310998,7.0400627134263924,163.21239253984314,0.2920158749982231,0.030344340833461745,57.62707572774646,33.2966105684379,0.8627967471976191,0.9152501060353011,0.9590780144516962,1.041343512731711,0.4710892521823879,0.4162093997001648,0.6538107395172119,0.0,0.0,401.0272321218863,0.18394017770743498,0.7016442488279929,0.12026206361382544,0.16868399022460695,0.005292733419644457,0.38010067715159873,0.0008659812249518058,2.6623411904413465e-06,0.0023663547976269144,611.2150579438166,75879.85752475481,5261.763843694293,1052.3527687388587,2025.6023431460624,26474.730343097595,0.0,564.077392578125,0.0,0.0,0.0,698.7961911654523,0.0,28.117276672240372,111985.29768384746,16.140771922901504,112001.43845577036,9.695210804842487,6.933372571703969,1.7333431429259922,194136.9253451571,25553624.30874947,206.23589076528276,123904.83641778953
2026-01-02 08:00:00,price_volatile,static_average_condition,1068.0609802904637,0.2121706617748216,136.56051530867674,43.515522324833285,25.83001028386981,0.7238163950225244,7.03963632046481,163.21239253984314,0.2920158749982231,0.030344340833461745,57.62707572774646,33.2966105684379,0.8648050454151441,0.9166932163293753,0.9598823765096827,1.0408433668292394,0.46389139840021903,0.4154648184776306,0.6544709205627441,0.0,0.0,401.0272321218863,0.18801412813675414,0.6980629035443784,0.12304977952046321,0.173123985496149,0.005415420796695586,0.38891154129261196,0.0008871494473454592,2.660907550886753e-06,0.002424198458869389,611.9577661975771,83569.26789908785,5142.557593823697,1028.5115187647393,1960.463944582639,26397.588386368192,0.0,721.3192138671875,0.0,0.0,0.0,698.7961911654523,0.0,28.117276672240372,119546.62202433201,15.157156511978922,119561.779180844,9.973159132230105,7.03963632046481,1.7599090801162025,210417.86081521568,25764042.169564687,207.99579984539895,123868.08862830319
2026-01-02 08:15:00,price_volatile,static_average_condition,1056.4346657109713,0.21034784984438654,136.52400123642232,46.0846180553832,25.967450462894607,0.7185779850779627,6.964977151749265,163.21239253984314,0.2920158749982231,0.030344340833461745,57.62707572774646,33.2966105684379,0.86268141775542,0.9146972521485853,0.9585692041084386,1.040593221422964,0.4698814814271267,0.41367271542549133,0.6538289785385132,0.0,0.0,401.0272321218863,0.18637851941401373,0.6996017494072343,0.12185967696998505,0.1727202555651961,0.0053630443834490425,0.38515009922415416,0.0008824717015208315,2.661507877681081e-06,0.002411416188359075,614.6787462604466,83918.40191446373,5192.780695185585,1038.5561390371167,1995.7848699315753,26472.597026463536,0.0,628.864990234375,0.0,0.0,0.0,698.7961911654523,0.0,28.117276672240372,119973.89910315363,16.088279097611473,119989.98738225125,9.77984764667288,6.964977151749265,1.7412442879373162,208931.88013901561,25972974.049703702,209.73704413333627,123835.89249590019
2026-01-02 08:30:00,price_volatile,static_average_condition,1071.9024508992939,0.2121525447599382,141.02202206249376,43.83037645969458,25.797580690138684,0.721412075352889,7.025332579115394,163.21239253984314,0.2920158749982231,0.030344340833461745,57.62707572774646,33.2966105684379,0.8655622249594446,0.9168610688687031,0.9601241753907099,1.0401817388437302,0.4600861500568123,0.4128361642360687,0.654486894607544,0.0,0.0,401.0272321218863,0.18800212178126988,0.6980977445894655,0.12304492486425261,0.17500290102066265,0.005415207143275758,0.3888961976500905,0.0008927399430885617,2.660917803225771e-06,0.002439474882932208,615.8353052043487,86846.33999739024,5142.760490035701,1028.55209800714,1950.3651633578997,26395.723752393795,0.0,671.8466796875,0.0,0.0,0.0,698.7961911654523,0.0,28.117276672240372,122762.50164870998,15.182104799928705,122777.6837535099,10.008174706805722,7.025332579115394,1.7563331447788486,215638.515415465,26188612.565119166,211.49337727811513,123827.10466948085
2026-01-02 08:45:00,price_volatile,static_average_condition,1064.8062584800668,0.20831251905148085,132.4579515549747,45.65076958688079,25.780003101069163,0.7249267317225107,7.00485114680826,163.21239253984314,0.2920158749982231,0.030344340833461745,57.62707572774646,33.2966105684379,0.8638166360177518,0.9156399686389197,0.9594032376749139,1.0402836447987558,0.4667260187664007,0.41274669766426086,0.6534607410430908,0.0,0.0,401.0272321218863,0.18460261368042255,0.7015096301115105,0.12063056073410033,0.1716323816754239,0.005308950977907755,0.381265350372197,0.0008754003062444218,2.662218321427459e-06,0.002392093101834676,615.9702057918203,81590.15167808073,5245.690430687105,1049.138086137421,2007.5127697019057,26515.690782260594,0.0,766.107666015625,0.0,0.0,0.0,698.7961911654523,0.0,28.117276672240372,117901.20488072108,15.958860327260627,117917.16374104834,9.761966980993716,7.00485114680826,1.751212786702065,206498.04491496496,26395110.61003413,213.2445900648172,123778.57089838081
2026-01-02 09:00:00,price_volatile,static_average_condition,1031.55097884119,0.2070442202074505,140.72221010553966,45.01884015582452,25.080003101069163,0.7215813037054613,6.990534897154676,163.21239253984314,0.2920158749982231,0.030344340833461745,57.62707572774646,33.2966105684379,0.8646048934480735,0.9161913670184741,0.9591501963425672,1.0409464546002174,0.46250380480049313,0.4199029207229614,0.656088650226593,0.0,0.0,401.0272321218863,0.18357994216528928,0.703025494306121,0.12044471646390065,0.16639471836671876,0.0053007719715762675,0.38067797035538237,0.000858677627105936,2.662729911371351e-06,0.0023463972011981077,605.1453590940914,85157.39236683097,5253.784447082393,1050.7568894164785,1999.0753767077113,26209.213469447346,0.0,643.3927001953125,0.0,0.0,0.0,698.7961911654523,0.0,28.117276672240372,121040.52871751791,15.633767244436955,121056.16248476235,9.399509159490067,6.782510073496267,1.6956275183740668,205266.16037792538,26600376.770412058,214.94021758319127,123757.09427258093
2026-01-02 09:15:00,price_volatile,static_average_condition,1055.5565715324983,0.2075417736912559,134.8996001485603,44.42589496521089,25.200546715723473,0.7182518442461625,7.011750865984082,163.21239253984314,0.2920158749982231,0.030344340833461745,57.62707572774646,33.2966105684379,0.8647114807578655,0.9162074679200602,0.9592748735519157,1.0412484491832328,0.4617035962339575,0.41975608468055725,0.6564287543296814,0.0,0.0,401.0272321218863,0.18400304029814257,0.7025174267205486,0.1207848865357839,0.16696529635286614,0.00531574285643985,0.3817531130128769,0.0008614865890605705,2.6625476331316478e-06,0.0023540728879291577,605.4134128636581,81670.02731988273,5238.98805753167,1047.797611506334,1991.2653339847802,26169.728504745322,0.0,573.3137817382812,0.0,0.0,0.0,698.7961911654523,0.0,28.117276672240372,117418.03407722681,15.378433137560789,117433.41251036437,9.641362376672767,6.924926308090779,1.7312315770226947,203304.43193547477,26803681.202347532,216.67144916021394,123706.56727609744
2026-01-02 09:30:00,price_volatile,static_average_condition,1014.1129134169864,0.20977729065162043,130.8421334947239,42.457949841236925,25.002426530111183,0.7153150871050136,7.017643245179122,163.21239253984314,0.2920158749982231,0.030344340833461745,57.62707572774646,33.2966105684379,0.8644722849761955,0.9159320006128558,0.9590642359164679,1.0412211988335878,0.462117952427274,0.4189514219760895,0.6564621329307556,0.0,0.0,401.0272321218863,0.18601419820397522,0.7006459294862999,0.1221112773083859,0.1693575530672626,0.005374117314342064,0.38594530808822974,0.000872482286429064,2.6618150093648287e-06,0.0023841194068044786,606.4742017344533,79352.37846444546,5182.0813936227105,1036.416278724542,1970.7524734320282,26165.85556394013,0.0,519.5508422851562,0.0,0.0,0.0,698.7961911654523,0.0,28.117276672240372,114953.94848428773,14.672196067164666,114968.6206803549,9.362593191817131,6.6972041645334786,1.6743010411333696,192492.08130278566,26996173.283650316,218.34575020134733,123639.56366797074
2026-01-02 09:45:00,price_volatile,static_average_condition,1032.468984901026,0.21159513075258163,139.3494023538328,45.00542683171114,24.302426530111184,0.7166321054169691,7.080512645372396,163.21239253984314,0.2920158749982231,0.030344340833461745,57.62707572774646,33.2966105684379,0.8658028888601309,0.9171181100761373,0.9597218157020524,1.0414308526726666,0.4578973274435797,0.42070016264915466,0.6570943593978882,0.0,0.0,401.0272321218863,0.18773042423228123,0.6994235063787955,0.12335660285040462,0.16986077647579573,0.005428924091446307,0.38988128812691814,0.0008772278399487714,2.6612829448868297e-06,0.0023970869666258593,603.6142768477181,84113.2887309705,5129.766574868142,1025.9533149736283,1939.5986511031344,26092.572223289575,0.0,531.7119140625,0.0,0.0,0.0,698.7961911654523,0.0,28.117276672240372,119559.80487710518,15.50086321390252,119575.30574031909,9.614662687855766,6.890175964872053,1.7225439912180132,205973.72440104344,27202147.008051362,220.06829419256533,123607.75143850932
2026-01-02 10:00:00,price_volatile,static_average_condition,1067.0130345239306,0.20659513075258162,130.6600174608896,45.197352977889004,24.196076974328527,0.7192462340673021,7.041843315716059,163.21239253984314,0.2920158749982231,0.030344340833461745,57.62707572774646,33.2966105684379,0.8637032232290642,0.9153467339728922,0.9587383759983119,1.0412126145283813,0.46490055191058394,0.4189944267272949,0.6561173796653748,0.0,0.0,401.0272321218863,0.18331029890384784,0.7039187022999526,0.12027307298246927,0.1667786520772288,0.005293217941958472,0.3801354733986511,0.0008587091906788006,2.6629859283867497e-06,0.0023464834508879697,606.0312767526556,79184.0572023472,5261.282200576383,1052.2564401152765,2008.4854674594453,26205.876493471962,0.0,597.787353515625,0.0,0.0,0.0,698.7961911654523,0.0,28.117276672240372,115036.6586253236,15.707289265190079,115052.3659145888,9.701551081789756,6.977804080188843,1.7444510200472108,200703.21707854935,27402850.22512991,221.81274521261255,123540.46742834212
2026-01-02 10:15:00,price_volatile,static_average_condition,1064.2506893764635,0.20159513075258162,132.15270629409315,43.91749638749668,23.84896869974861,0.7247638416034848,7.062755814784859,163.21239253984314,0.2920158749982231,0.030344340833461745,57.62707572774646,33.2966105684379,0.8630035987728304,0.914334651734567,0.9580729991913886,1.041172201981791,0.465244536804657,0.41922956705093384,0.6564978957176208,0.0,0.0,401.0272321218863,0.17892244650819578,0.7085516617675487,0.1174622096292791,0.16272368101666418,0.005169511845784573,0.37125144936128734,0.0008379387015454787,2.664717624237105e-06,0.0022897266238419453,605.5368739631108,80023.33665509029,5387.184355618982,1077.4368711237964,2057.5120166965066,26161.706421533574,0.0,699.0364990234375,0.0,0.0,0.0,698.7961911654523,0.0,28.117276672240372,116133.12628692428,15.32837217333718,116148.45465909761,9.442246780217209,6.84339904979836,1.71084976244959,198712.55606240412,27601562.781192314,223.52359497506214,123483.88895709976
2026-01-02 10:30:00,price_volatile,static_average_condition,1020.2713251673687,0.19945498413728854,131.49144702261702,41.28244660424688,23.14896869974861,0.7191314667885393,6.942755814784859,163.21239253984314,0.2920158749982231,0.030344340833461745,57.62707572774646,33.2966105684379,0.864232628063066,0.9154427568674148,0.9584520965480214,1.04161849412007,0.46093358812586505,0.42449140548706055,0.6579505205154419,0.0,0.0,401.0272321218863,0.1771214010270105,0.7108474174904126,0.11653711800014588,0.1579963978585119,0.00512879856318642,0.36832760168983936,0.0008205769920370074,2.665523544590288e-06,0.0022422845276317623,597.7086066934182,78593.56959198984,5429.948748951365,1085.989749790273,2061.6726201539177,25993.556416415224,0.0,561.46630859375,0.0,0.0,0.0,698.7961911654523,0.0,28.117276672240372,114453.11690373207,14.288252011772618,114467.40515574384,8.955955824997236,6.4405096489236255,1.6101274122309064,184307.10684820454,27785869.88804052,225.13372238729303,123419.40422519663
2026-01-02 10:45:00,price_volatile,static_average_condition,1026.9685345119635,0.20099388745134322,137.67950509484172,39.277533848046765,23.61449953119764,0.7209091426031229,7.000166756636979,163.21239253984314,0.2920158749982231,0.030344340833461745,57.62707572774646,33.2966105684379,0.8656479879208687,0.9165435003038379,0.958804355206937,1.041322679691225,0.4558982197592413,0.4267066717147827,0.6587790846824646,0.0,0.0,401.0272321218863,0.17842169782631814,0.7092180551831526,0.11754048278151315,0.15791919613365274,0.0051729566472143934,0.37149883974586023,0.0008236505112580496,2.664948621167539e-06,0.002250683135759457,594.8239673138609,81895.06943832267,5383.596894591074,1076.7193789182147,2029.9771301183844,25897.97727731489,0.0,579.0211791992188,0.0,0.0,0.0,698.7961911654523,0.0,28.117276672240372,117589.27476630214,13.542566196980617,117602.81733249912,9.084297657818231,6.548953235649298,1.6372383089123246,192543.8377727859,27978413.725813307,226.77096069620538,123377.40969971327
2026-01-02 11:00:00,price_volatile,static_average_condition,1049.3734358599384,0.20451564260000896,138.9928444218016,41.63418587892957,23.230223181558696,0.722203549740668,6.969069723961389,163.21239253984314,0.2920158749982231,0.030344340833461745,57.62707572774646,33.2966105684379,0.8648662175173645,0.9161676520636477,0.9582911075652146,1.042660723144547,0.45822188722828133,0.4301903545856476,0.6605355143547058,0.0,0.0,401.0272321218863,0.1816033372792904,0.7063080280530762,0.1199554537983072,0.15888728661784526,0.0052792395216635,0.3791316051516867,0.0008335111360430878,2.6638033098400473e-06,0.0022776279887139457,589.8203548615857,81980.80882008819,5275.213073306881,1055.042614661376,1995.4832370535933,25696.157002014173,0.0,570.4420776367188,0.0,0.0,0.0,698.7961911654523,0.0,28.117276672240372,117300.06029259862,14.40245346680574,117314.46274606542,9.445130565565703,6.821306822215634,1.7053267055539085,200059.48626857446,28178473.21208188,228.47628740175927,123332.15640243683
2026-01-02 11:15:00,price_volatile,static_average_condition,1023.2729412595088,0.20488971967967282,139.71032182462625,41.12930948246186,23.17514506382147,0.7207756387593184,6.956972000382381,163.21239253984314,0.2920158749982231,0.030344340833461745,57.62707572774646,33.2966105684379,0.8647734450466427,0.9158451192921444,0.9584586643393459,1.0417548310295077,0.45859149032568103,0.4252094626426697,0.6586799025535583,0.0,0.0,401.0272321218863,0.1819435506388767,0.7060067583586134,0.11984256020506372,0.1620010268596366,0.0052742710746248546,0.3787747932864279,0.0008424442572710225,2.663683316824443e-06,0.0023020383727574132,596.697869490735,83364.85137861942,5280.182407723231,1056.0364815446462,1998.3778312468569,25909.40577685899,0.0,578.382568359375,0.0,0.0,0.0,698.7961911654523,0.0,28.117276672240372,118914.14991219023,14.218440591970017,118928.3683527822,9.227053249040928,6.650635199443719,1.6626587998609297,197737.29819485542,28376210.510276735,230.1389462016202,123300.34085328998
2026-01-02 11:30:00,price_volatile,static_average_condition,998.9783041564332,0.20210757398038784,137.86728337398515,43.59706805140958,22.68619863451811,0.7203065958607193,7.00577311955575,163.21239253984314,0.2920158749982231,0.030344340833461745,57.62707572774646,33.2966105684379,0.8636056493763093,0.9144058277405941,0.9575823509179915,1.0415844229267912,0.46045266612577607,0.4236133098602295,0.6588502526283264,0.0,0.0,401.0272321218863,0.17954223727874805,0.7087539371743293,0.11829144838855807,0.16095248855853203,0.005206006643580441,0.3738723441343424,0.0008343487888759601,2.6646816596326033e-06,0.002279916934181468,598.7180997090288,82543.63791371857,5349.419478005964,1069.8838956011928,2029.7590465747967,25889.77889973767,0.0,566.5319213867188,0.0,0.0,0.0,698.7961911654523,0.0,28.117276672240372,118175.9246228626,15.09483443650024,118191.0194572991,8.885666597347464,6.400404258688653,1.6001010646721632,189117.57606831266,28565328.086345047,231.73904726629237,123265.06224702176
2026-01-02 11:45:00,price_volatile,static_average_condition,1021.6290942884613,0.20539808991064118,138.04920988997074,44.22400996410447,22.273024987512436,0.7221856836183028,7.010666535530431,163.21239253984314,0.2920158749982231,0.030344340833461745,57.62707572774646,33.2966105684379,0.8649013676890608,0.9157003349755085,0.9576957847015568,1.0427670872677612,0.4554751211592862,0.4311348795890808,0.6626059412956238,0.0,0.0,401.0272321218863,0.18252501991144748,0.7060636308023445,0.12094216262842714,0.1595783156583178,0.005322664577277078,0.38225020035294954,0.0008378870688869704,2.663618312879449e-06,0.0022895855339595613,588.0769257041364,81183.55494797906,5232.175151650165,1046.4350303300332,1971.7298390157453,25459.631258712696,0.0,532.4616088867188,0.0,0.0,0.0,698.7961911654523,0.0,28.117276672240372,116152.90130441214,15.255634470680361,116168.15693888282,9.235087647461123,6.669448085956655,1.6673620214891638,193694.3729862861,28759022.459331334,233.40640928778154,123214.3647943811
2026-01-02 12:00:00,price_volatile,static_average_condition,1053.1510452497243,0.20039808991064118,151.85413087896782,42.233735370922396,22.42275579225903,0.7193583125767797,6.985514246819664,163.21239253984314,0.2920158749982231,0.030344340833461745,57.62707572774646,33.2966105684379,0.8644617418739138,0.9152976805093926,0.9576959667277148,1.042951622000206,0.4568491300071439,0.4308888018131256,0.6629981994628906,0.0,0.0,401.0272321218863,0.17806044126550546,0.7104221961563794,0.11805375195459791,0.15592355953764467,0.005195545623521854,0.37312107999675953,0.0008184409177377364,2.665290727239295e-06,0.0022364475538954685,588.4952195430534,89365.43009013773,5360.190316819863,1072.0380633639727,2023.801751468954,25414.986104798016,0.0,476.4695739746094,0.0,0.0,0.0,698.7961911654523,0.0,28.117276672240372,124439.82936840085,14.5595216708201,124454.38889007167,9.288286640217914,6.681606204236605,1.6704015510591512,207888.8042380945,28966911.26356943,235.0768108388407,123223.17611934931
2026-01-02 12:15:00,price_volatile,static_average_condition,1000.493492987238,0.20112750093367643,167.0395439668646,42.0412649117422,21.72275579225903,0.7212042330452479,7.046236816253077,163.21239253984314,0.2920158749982231,0.030344340833461745,57.62707572774646,33.2966105684379,0.8650860672039533,0.9157053070491981,0.9574549474939843,1.0429303851570868,0.4538125359304055,0.433938205242157,0.6653017997741699,0.0,0.0,401.0272321218863,0.17880804296241065,0.7101704300355436,0.1189613127969889,0.1551821282733892,0.0052354873761954815,0.3759895198054827,0.0008184804202172192,2.6651267669077563e-06,0.0022365554972078043,584.0336962886344,97556.7222893358,5319.297200184451,1063.8594400368902,1999.962758953093,25153.862528212012,0.0,468.7621154785156,0.0,0.0,0.0,698.7961911654523,0.0,28.117276672240372,132289.37980003844,14.467889443951888,132303.84768948238,8.855989529136277,6.386977136217475,1.5967442840543689,211255.41255658082,29178166.67612601,236.67355512289504,123284.4398732041
2026-01-02 12:30:00,price_volatile,static_average_condition,994.8361705974586,0.19639373225939058,183.74349836355108,42.102407682914844,21.72868136818577,0.7224864141455554,6.993386252563913,163.21239253984314,0.2920158749982231,0.030344340833461745,57.62707572774646,33.2966105684379,0.863893319714988,0.9146574297045603,0.9569447638084991,1.0429816290738847,0.45753747680509554,0.43319201469421387,0.6651362776756287,0.0,0.0,401.0272321218863,0.1745987801252316,0.7143754932482403,0.1161319826992021,0.15195232809119547,0.005110968558591884,0.3670471297138949,0.0008003941114483334,2.666725913390822e-06,0.002187133382393483,585.0543170977814,107499.9269562447,5448.891540328774,1089.7783080657548,2059.24230075429,25172.564898623412,0.0,493.3561096191406,0.0,0.0,0.0,698.7961911654523,0.0,28.117276672240372,142490.67358147376,14.557316709376545,142505.23089818313,8.59865569121739,6.212411916819923,1.5531029792049809,221325.2986602619,29399491.97478627,238.22665810210003,123409.74855209584
2026-01-02 12:45:00,price_volatile,static_average_condition,996.103043730996,0.19775374496084405,202.1178481999062,44.08644749549311,21.028681368185772,0.7214127248158356,7.075770306273538,163.21239253984314,0.2920158749982231,0.030344340833461745,57.62707572774646,33.2966105684379,0.8658327800558236,0.9163242405167139,0.9577596226007412,1.0427496887425707,0.4514498063788947,0.43562519550323486,0.6661779880523682,0.0,0.0,401.0272321218863,0.17590602087956464,0.713564637109711,0.11718471907584624,0.15181881948319942,0.005157299486527993,0.3703744117977071,0.0008026903578526463,2.6663487250388308e-06,0.002193408037707958,581.4602685221364,117523.49828743386,5399.941076632394,1079.988215326479,2023.648974550165,25055.01667231537,0.0,457.6313171386719,0.0,0.0,0.0,698.7961911654523,0.0,28.117276672240372,152266.63801123464,15.137549656291737,152281.77556089094,8.669226550719442,6.2540903480003,1.563522587000075,238095.995677929,29637587.9704642,239.7901806891001,123598.00507799277
2026-01-02 13:00:00,price_volatile,static_average_condition,988.7791107001174,0.20158060410820722,201.9450003782701,41.44126064576352,20.928399364420088,0.7114127248158356,6.956121594964686,163.21239253984314,0.2920158749982231,0.030344340833461745,57.62707572774646,33.2966105684379,0.8647123323065034,0.9152921160578724,0.9566440597288495,1.0442418408883039,0.4528606769208115,0.43934035301208496,0.6681897640228271,0.0,0.0,401.0272321218863,0.179323638593772,0.7102181768578469,0.11982221975568726,0.15290988630785773,0.005273375891447796,0.37871050519466193,0.0008137510788143785,2.6650676843315907e-06,0.0022236322381396297,576.4899842563091,116419.27008870925,5281.0787463420775,1056.2157492684155,1982.9793303769943,24829.04212566158,0.0,280.2336730957031,0.0,0.0,0.0,698.7961911654523,0.0,28.117276672240372,150575.73318129173,14.146157414152576,150589.87933870588,8.772015567342889,6.240523496890333,1.5601308742225832,234939.92010176854,29872527.89056597,241.3503115633227,123772.48530184044
2026-01-02 13:15:00,price_volatile,static_average_condition,961.6781251669709,0.1965806041082072,205.81937411936633,42.269007634020575,20.61062980487748,0.7200259167956432,7.033108984371238,163.21239253984314,0.2920158749982231,0.030344340833461745,57.62707572774646,33.2966105684379,0.8673995250201983,0.9169628372713833,0.9583992774125235,1.0421241100306011,0.44420134132266553,0.433362752199173,0.6665631532669067,0.0,0.0,401.0272321218863,0.17491985393002552,0.7148475176285781,0.11659512940458454,0.15245229630911222,0.005131351645095766,0.36851095272712453,0.0008025535950891738,2.6667947753077946e-06,0.0021930343238072926,584.3011590400989,120260.49885085349,5427.247101339109,1085.4494202678218,2013.4256240817533,25011.647065914076,0.0,428.73974609375,0.0,0.0,0.0,698.7961911654523,0.0,28.117276672240372,154953.92127638767,14.391622742195505,154968.31289912987,8.319970211998765,5.990594179606853,1.4976485449017132,232088.06831925525,30104615.958885223,242.8479601082244,123964.87063539342
2026-01-02 13:30:00,price_volatile,static_average_condition,992.895611954847,0.1985543772644238,205.65405489779397,41.82459358692484,19.91062980487748,0.7230476292852356,7.057202544752561,163.21239253984314,0.2920158749982231,0.030344340833461745,57.62707572774646,33.2966105684379,0.8657804789772447,0.9160682515182467,0.9572314768246001,1.0440232400618987,0.4491972009244739,0.4398232102394104,0.668651282787323,0.0,0.0,401.0272321218863,0.17677487590829713,0.7134897666077499,0.11820074754065271,0.15054529584417026,0.005202014899264126,0.37358567473360976,0.0008012068118118911,2.6662104733759253e-06,0.0021893541434780494,575.3976533567285,118332.86059148646,5353.524332607578,1070.7048665215157,1999.9832421150218,24777.39336948738,0.0,443.8441162109375,0.0,0.0,0.0,698.7961911654523,0.0,28.117276672240372,152705.2239862666,14.419795348609034,152719.6437816152,8.676297314191242,6.273376203999834,1.5683440509999584,239516.94479572898,30344132.903680954,244.41630415922435,124149.38114731229
2026-01-02 13:45:00,price_volatile,static_average_condition,997.2189151559737,0.1975796074313855,213.44470551533243,42.584893169211995,20.042574503586803,0.7179734820119601,7.036079219374444,163.21239253984314,0.2920158749982231,0.030344340833461745,57.62707572774646,33.2966105684379,0.8687560405524207,0.917932720388826,0.9583663847076591,1.043134994873153,0.43755911033645223,0.4399222731590271,0.669288694858551,0.0,0.0,401.0272321218863,0.17588769128820828,0.7142831769123084,0.11771964334396866,0.1498722712427572,0.005180841503568061,0.3720650952138096,0.000797850072398261,2.6665245363909526e-06,0.002180181616191134,575.3309015674326,122801.33485893137,5375.403459576575,1075.0806919153151,1975.6259971860636,24706.177444947145,0.0,355.5310974121094,0.0,0.0,0.0,698.7961911654523,0.0,28.117276672240372,157016.0670178063,14.37832326241032,157030.4453410687,8.67129565952325,6.225760338223105,1.5564400845557762,244408.47962448417,30588541.383305438,245.97274424378014,124357.44243675048
2026-01-02 14:00:00,price_volatile,static_average_condition,947.357969398175,0.1925796074313855,210.13852767409378,41.481320740435,19.40663532512457,0.7249008895431409,6.979318794934015,163.21239253984314,0.2920158749982231,0.030344340833461745,57.62707572774646,33.2966105684379,0.8670134513926473,0.9161463686723996,0.9575571690779591,1.042160784340163,0.4428515041063492,0.4351097643375397,0.6687500476837158,0.0,0.0,401.0272321218863,0.17152382434115132,0.7190991936440727,0.11470656570703824,0.14892017523774967,0.005048235956766753,0.36254195204053774,0.0007856284910558903,2.6682886937280323e-06,0.0021467852828633343,581.4074634682461,122176.10835194669,5516.602944136985,1103.320588827397,2042.7030860908385,24766.349809140367,0.0,472.937744140625,0.0,0.0,0.0,698.7961911654523,0.0,28.117276672240372,156804.93599212062,14.646662036411469,156819.58265415704,8.02926475538102,5.820421163553091,1.4551052908882727,228189.0044349547,30816730.387740392,247.4278495346684,124548.34993593759
2026-01-02 14:15:00,price_volatile,static_average_condition,952.9792266031566,0.19709676290186168,216.83626535322028,38.9924414960089,19.369431463765373,0.7204209908608473,6.967897727592109,163.21239253984314,0.2920158749982231,0.030344340833461745,57.62707572774646,33.2966105684379,0.8674846268656766,0.9169272244302432,0.9579103859932074,1.0424971394744895,0.4426320044705364,0.4366860091686249,0.6680589914321899,0.0,0.0,401.0272321218863,0.17555268058644213,0.7150968033926408,0.11727954673579592,0.15128766352100428,0.005161472851842379,0.3706741244142752,0.0008003276967091525,2.6667669534241428e-06,0.002186951899432692,579.2816215294075,125609.26340019434,5395.574895227235,1079.114979045447,1997.2726335273871,24843.689915481296,0.0,411.2672424316406,0.0,0.0,0.0,698.7961911654523,0.0,28.117276672240372,160063.09653374503,13.750209565809175,160076.84674331083,8.266359600959644,5.955258974535425,1.4888147436338564,238324.76954585843,31055055.15728625,248.91666427830228,124760.8521804913
2026-01-02 14:30:00,price_volatile,static_average_condition,968.4217769023184,0.19209676290186167,213.49223363664714,41.33198798576944,19.393590703838136,0.7191955683795427,6.962397160337169,163.21239253984314,0.2920158749982231,0.030344340833461745,57.62707572774646,33.2966105684379,0.8682808734265781,0.9173120527951667,0.9581082386532264,1.0429076953780247,0.4384235037822996,0.4391585886478424,0.6700525283813477,0.0,0.0,401.0272321218863,0.17109527571704936,0.7195370217405817,0.11464282208831271,0.14640826166235982,0.005045430600106642,0.3623404837477644,0.0007779447239015777,2.668453451726308e-06,0.002125788846975862,576.046378334435,122981.42798891962,5519.6702817018295,1103.934056340366,2031.1294954441655,24621.01534156655,0.0,362.2554016113281,0.0,0.0,0.0,698.7961911654523,0.0,28.117276672240372,157346.34603342155,14.481707869570872,157360.8277412911,8.187210599415252,5.888205580489468,1.472051395122367,231643.22601417807,31286698.383300427,250.38871567342463,124952.50953763763
2026-01-02 14:45:00,price_volatile,static_average_condition,963.3767502830653,0.19401467557719979,209.85826488678578,42.04934159636016,18.811940609583175,0.719902745197412,7.011711447691593,163.21239253984314,0.2920158749982231,0.030344340833461745,57.62707572774646,33.2966105684379,0.8690107312827944,0.9177524365789623,0.9585488859512137,1.0423157065530022,0.43599608668732115,0.43679678440093994,0.6691103577613831,0.0,0.0,401.0272321218863,0.17288377200665722,0.7181624869475456,0.11567832253851179,0.14915495158268585,0.005091002974919904,0.36561328990528497,0.0007888491790220296,2.6678741850331814e-06,0.0021555860399706927,578.8845749445121,121483.71246757981,5470.260669457929,1094.0521338915858,2006.042861146586,24726.088783445368,0.0,386.9801330566406,0.0,0.0,0.0,698.7961911654523,0.0,28.117276672240372,155894.05051641562,15.19392005743766,155909.24443647306,8.225875109527228,5.921830072999715,1.4804575182499287,230817.0130906424,31517515.39639107,251.86917319167458,125134.46960182767
2026-01-02 15:00:00,price_volatile,static_average_condition,933.7588334936797,0.18901467557719978,209.06400899987267,39.52638110057855,18.545453394035437,0.7190846553482287,6.968052125701367,163.21239253984314,0.2920158749982231,0.030344340833461745,57.62707572774646,33.2966105684379,0.8699579296349529,0.917912816530155,0.9586113354957567,1.0416025972567444,0.43069206165448315,0.4352090656757355,0.6703140139579773,0.0,0.0,401.0272321218863,0.16846362533152243,0.7227724216571804,0.11292352890188558,0.14654609425942464,0.004969764506971984,0.3569064800000692,0.0007727080856084346,2.6695947159830277e-06,0.0021114793633619355,580.8840719990734,121441.95285629696,5603.70884832243,1120.741769664486,2039.5251554987776,24591.90611988989,0.0,356.78668212890625,0.0,0.0,0.0,698.7961911654523,0.0,28.117276672240372,155881.53489963917,14.411489205821267,155895.94638884498,7.767506352356507,5.585494628299456,1.396373657074864,217688.9927821384,31735204.38917321,253.26554684874944,125304.07228317368
2026-01-02 15:15:00,price_volatile,static_average_condition,964.6148169971718,0.1930957877597502,211.88802700567,40.29730166263863,18.320041496911436,0.7164870465846199,7.027068748574665,163.21239253984314,0.2920158749982231,0.030344340833461745,57.62707572774646,33.2966105684379,0.8719898941886695,0.919320157146196,0.96010132890895,1.0397364654056507,0.42508900739315486,0.42727482318878174,0.6664877533912659,0.0,0.0,401.0272321218863,0.17213218514934536,0.7192644598004359,0.1147239933665166,0.1537776527410716,0.005049002948060396,0.3625970339588903,0.0007994616521783738,2.668242795368987e-06,0.0021845853716474265,591.5455580727148,125341.42118399554,5515.764919982085,1103.152983996417,1991.4464269190594,25020.133146613396,0.0,374.98944091796875,0.0,0.0,0.0,698.7961911654523,0.0,28.117276672240372,160073.82157026217,14.769045050842802,160088.590615313,8.197437181382758,5.873357555651884,1.468339388912971,235064.3833160275,31970268.77248924,254.7338862376624,125504.57752079956
2026-01-02 15:30:00,price_volatile,static_average_condition,952.3342670837123,0.1894512410520303,211.4458275357265,39.21145919265628,18.073261515049456,0.7208423285632657,6.927522378206745,163.21239253984314,0.2920158749982231,0.030344340833461745,57.62707572774646,33.2966105684379,0.8738992678197512,0.92072275684103,0.9604886018110771,1.0404308223976466,0.41696527948436846,0.4327279031276703,0.6700727343559265,0.0,0.0,401.0272321218863,0.16891602189784877,0.722656511395149,0.11318602066961708,0.1483779239670126,0.004981316769669848,0.3577361123518128,0.0007786510560606923,2.6695030789619003e-06,0.0021277189494368384,583.9900658976358,123482.26275636905,5590.713184787774,1118.1426369575547,1994.8891543885165,24618.76515250239,0.0,386.6323547363281,0.0,0.0,0.0,698.7961911654523,0.0,28.117276672240372,157918.3187075793,14.49581769765345,157932.81452527698,7.940324196084893,5.723721783053075,1.4309304457632688,225990.87268930222,32196259.645178538,256.16481668342567,125685.72086527952
2026-01-02 15:45:00,price_volatile,static_average_condition,971.9011088532756,0.1915360514463969,212.54522373422617,39.84657319551349,18.472224423644416,0.7208211411340549,7.046785712888659,163.21239253984314,0.2920158749982231,0.030344340833461745,57.62707572774646,33.2966105684379,0.8733358413821544,0.9201468090894835,0.9602353974216303,1.0407306939339853,0.4181721310741121,0.4324089288711548,0.6697972416877747,0.0,0.0,401.0272321218863,0.17072022150011798,0.7205679921795416,0.11434793346110494,0.15009603572246683,0.005032452551623229,0.36140845777450403,0.0007874757394716186,2.6687519515028924e-06,0.0021518330194943576,584.6011424327365,124254.18061365021,5533.904802105858,1106.7809604211716,1978.0915497089122,24649.456414613684,0.0,390.5157775878906,0.0,0.0,0.0,698.7961911654523,0.0,28.117276672240372,158639.84358592544,14.429282633045863,158654.27286855847,8.192641975597633,5.905429537753044,1.476357384438261,234230.40732217912,32430490.052500717,257.6411740678639,125874.64006804429
2026-01-02 16:00:00,price_volatile,static_average_condition,923.3060534106118,0.1865360514463969,204.41843835233712,39.28859385539533,17.849324437524658,0.724276489067245,6.926785712888659,163.21239253984314,0.2920158749982231,0.030344340833461745,57.62707572774646,33.2966105684379,0.8757603492671028,0.9220964669050995,0.9613244117796949,1.0400064986754416,0.41049739281323255,0.4324938654899597,0.6707172989845276,0.0,0.0,401.0272321218863,0.1663464125555462,0.7253857882614406,0.11157141652502185,0.14640083563311185,0.004910258041266212,0.3526329891369715,0.0007678214226730993,2.6705140893455474e-06,0.002098126212106191,584.209246186358,119423.14177641136,5671.619109983921,1134.3238219967843,2004.682801390364,24547.055929078437,0.0,430.2879333496094,0.0,0.0,0.0,698.7961911654523,0.0,28.117276672240372,153938.02484004817,14.645087418275216,153952.66992746643,7.579836379764746,5.489897280840187,1.3724743202100467,211296.0860032212,32641786.13850394,259.013648388074,126023.42132024458
2026-01-02 16:15:00,price_volatile,static_average_condition,927.0323645663766,0.18794398073247967,209.2943799827843,39.6243949385881,18.205286176773505,0.714276489067245,6.994325720510699,163.21239253984314,0.2920158749982231,0.030344340833461745,57.62707572774646,33.2966105684379,0.8776405370495631,0.9232329704333955,0.961873126919905,1.039382282613442,0.402857322241365,0.4314311146736145,0.6709537506103516,0.0,0.0,401.0272321218863,0.16755387468111274,0.7239245515886644,0.11242090064658941,0.14815580980146872,0.0049476438374564,0.35531787146922716,0.0007757940399150669,2.6699968051181226e-06,0.0021199119512383792,585.8093434325759,122606.60332184294,5628.762751870793,1125.7525503741588,1967.1726959322255,24520.78471059462,0.0,281.52899169921875,0.0,0.0,0.0,698.7961911654523,0.0,28.117276672240372,156857.51849015165,14.283146560033359,156871.8016367117,7.667869027564363,5.476978567636142,1.3692446419090356,214795.87385768458,32856582.012361623,260.382893029983,126185.64003964039
2026-01-02 16:30:00,price_volatile,static_average_condition,940.7293011368358,0.19294398073247968,201.47337870571775,37.35963422640241,17.906788768301094,0.721096122893744,7.040399294790399,163.21239253984314,0.2920158749982231,0.030344340833461745,57.62707572774646,33.2966105684379,0.8783775464487179,0.9234435329312565,0.9624080923641098,1.0386713646126418,0.39971219139552805,0.4260554313659668,0.6685185432434082,0.0,0.0,401.0272321218863,0.1720522461603946,0.7196389770348696,0.11502011696490327,0.15494502957985462,0.005062035347625393,0.3635329631861549,0.0008035536648997643,2.6683434250844367e-06,0.002195767085125974,593.0399310346696,119481.75861296072,5501.564376641842,1100.3128753283684,1913.721036337221,24792.24100115194,0.0,414.659912109375,0.0,0.0,0.0,698.7961911654523,0.0,28.117276672240372,153931.17128236717,13.712387582205917,153944.88366994937,7.988169551294618,5.760238092456408,1.440059523114102,221689.7957636032,33078271.808125228,261.82295255309714,126338.31940848281
2026-01-02 16:45:00,price_volatile,static_average_condition,928.5738697812462,0.19089961942259104,216.83782700893963,38.54665321620822,17.99004463961869,0.7243898880686992,7.001734739849188,163.21239253984314,0.2920158749982231,0.030344340833461745,57.62707572774646,33.2966105684379,0.8761408780383965,0.921875998346996,0.9617597831614687,1.0379645413923657,0.4092141088243911,0.4223908483982086,0.6662188172340393,0.0,0.0,401.0272321218863,0.1702185906683202,0.72141326972452,0.11340282814629336,0.15507560114735122,0.004990858466718371,0.3584213547817182,0.0007991816418875563,2.669023778626846e-06,0.0021838202237712723,598.2279219792457,129718.44265805311,5580.024664596276,1116.0049329192552,1968.5843596207396,25050.416929960797,0.0,507.5814208984375,0.0,0.0,0.0,698.7961911654523,0.0,28.117276672240372,164667.9684338863,14.243817783804316,164682.2122516701,7.801406171251581,5.651259743171392,1.412814935792848,232665.48912856745,33310937.297253795,263.23576748888996,126544.1152432285
2026-01-02 17:00:00,price_volatile,static_average_condition,918.5240778309985,0.18603837243150242,201.42262923900307,37.6955438578031,17.7341803691285,0.7163154193453999,6.9622644978207004,163.21239253984314,0.2920158749982231,0.030344340833461745,57.62707572774646,33.2966105684379,0.8778023340100014,0.9234684719153667,0.9626661719778703,1.0380631920152454,0.4045960469597482,0.4250190556049347,0.66762775182724,0.0,0.0,401.0272321218863,0.16591799712584432,0.725896323875597,0.11077145940880591,0.1498555907181356,0.0048750519285815485,0.35010464202210495,0.0007756516591152239,2.6706956798560244e-06,0.002119522885656943,594.4234611045844,119730.33641703366,5712.577783740793,1142.5155567481586,2001.6298121345453,24892.033566840622,0.0,355.57379150390625,0.0,0.0,0.0,698.7961911654523,0.0,28.117276672240372,154561.58039583938,13.985192422668293,154575.56558826205,7.520460684313115,5.3870219487543425,1.3467554871885856,208175.49114127102,33519112.788395066,264.58252297607856,126686.79855103504
2026-01-02 17:15:00,price_volatile,static_average_condition,959.8832998010932,0.18837180422770988,210.66095904674745,36.94805149846316,17.09894111032487,0.7216512917247653,6.904562911638103,163.21239253984314,0.2920158749982231,0.030344340833461745,57.62707572774646,33.2966105684379,0.8796023073508366,0.924457107040303,0.9631987835496872,1.0377544368855058,0.3966693570124099,0.4240197241306305,0.6679830551147461,0.0,0.0,401.0272321218863,0.16808389873233645,0.7241837438249031,0.1122771961908237,0.15251520177402886,0.004941319404358151,0.3548636786896849,0.0007876477704911818,2.669982781712002e-06,0.002152303106393189,595.5131856221935,125451.37880815503,5635.967049050759,1127.1934098101517,1951.555408121955,24852.198146569754,0.0,432.0423278808594,0.0,0.0,0.0,698.7961911654523,0.0,28.117276672240372,160177.24861742623,14.124067936017786,160191.37268536224,7.957665906879822,5.7426598808139495,1.4356649702034874,229981.1422931863,33749093.930688255,266.018187946282,126867.61830549469
2026-01-02 17:30:00,price_volatile,static_average_condition,961.4629340360825,0.18650031901321135,211.11071330234356,35.82512229972232,17.60161605233189,0.7188738267324081,7.014954944206041,163.21239253984314,0.2920158749982231,0.030344340833461745,57.62707572774646,33.2966105684379,0.8794262303015447,0.9248473386892403,0.963123932573424,1.0383608290678696,0.39877740667936834,0.4289042353630066,0.6695284247398376,0.0,0.0,401.0272321218863,0.16634743207031402,0.7255614518837386,0.1113743341535545,0.14829746428250412,0.004901584446097933,0.352010089940015,0.0007727268008233502,2.670555358929765e-06,0.002111530504007169,588.978501122771,124339.67149177335,5681.655319427958,1136.3310638855917,1973.6039471622244,24679.428314681005,0.0,365.244873046875,0.0,0.0,0.0,698.7961911654523,0.0,28.117276672240372,158902.84847781472,13.336196544255172,158916.18467435898,7.891571463791904,5.673044177108357,1.4182610442770893,225384.63402878714,33974478.56471704,267.43644899055914,127037.57731212016
2026-01-02 17:45:00,price_volatile,static_average_condition,913.3897873342784,0.1896738447888796,216.15245566765714,37.86696059779255,17.684480308731956,0.7174256020092246,7.070083439273783,163.21239253984314,0.2920158749982231,0.030344340833461745,57.62707572774646,33.2966105684379,0.8785996846687714,0.9234701163439906,0.9629240106355911,1.036656378075217,0.4005292719891282,0.4180395305156708,0.6650259494781494,0.0,0.0,401.0272321218863,0.16916669675825846,0.7226830747556979,0.11250024313174302,0.15661363621885413,0.004951135700228011,0.3555686415909724,0.0008008774594497557,2.6694738995833104e-06,0.0021884541649106245,604.3060177328962,130622.22970770826,5624.792982449491,1124.9585964898984,1958.9760214849557,25185.036071502698,0.0,411.8582458496094,0.0,0.0,0.0,698.7961911654523,0.0,28.117276672240372,165654.7650933226,14.043039568261083,165668.80813289087,7.624563182729491,5.470056831427074,1.3675142078567686,226554.44892042523,34201033.01363746,268.8039631984159,127234.10996880352
2026-01-02 18:00:00,price_volatile,static_average_condition,927.3668664546965,0.18665456876948824,237.76770123442287,38.99817226488406,17.179303290595545,0.7175870462655792,6.997386263108567,163.21239253984314,0.2920158749982231,0.030344340833461745,57.62707572774646,33.2966105684379,0.8776236025824281,0.9236569556328618,0.9625931999759483,1.0385846942559847,0.4060322539134853,0.42812809348106384,0.6683297157287598,0.0,0.0,401.0272321218863,0.16654167071187922,0.7256685980570828,0.11130474744386296,0.1486752581234335,0.004898521935004408,0.35179015395455376,0.0007733826245974856,2.6705528882664407e-06,0.002113322588742504,589.8464484931729,140246.43413951015,5685.207438347951,1137.0414876695902,1996.2853882509412,24813.372536456838,0.0,363.9427795410156,0.0,0.0,0.0,698.7961911654523,0.0,28.117276672240372,174969.19723761422,14.933257520385983,174984.1304951346,7.618010524790862,5.46658567090477,1.3666464177261926,239141.4351001083,34440174.44873757,270.1706096161421,127475.65139550193
2026-01-02 18:15:00,price_volatile,static_average_condition,959.950512363506,0.1886504073392376,261.5444713578652,38.28553217584033,17.371447515962945,0.7143270351540237,7.004715926475133,163.21239253984314,0.2920158749982231,0.030344340833461745,57.62707572774646,33.2966105684379,0.8789767275291408,0.9238157368692586,0.9632321254092701,1.0366044578053466,0.3995949488446479,0.41783562302589417,0.6649307608604431,0.0,0.0,401.0272321218863,0.16829606924700072,0.7237770499484265,0.11190523337423001,0.15591596362871402,0.004924949320799863,0.3536880517778062,0.0007968309110179479,2.669856443170978e-06,0.0021773966858111547,604.4524033373798,158091.1842918661,5654.700490862042,1130.9400981724084,1966.6447404771538,25195.799236748033,0.0,365.9988098144531,0.0,0.0,0.0,698.7961911654523,0.0,28.117276672240372,193132.18113577788,14.395782792017679,193146.5769185699,7.96999337859878,5.693181740331667,1.4232954350829168,274904.641230092,34715079.08996767,271.593905051225,127819.80171248724
2026-01-02 18:30:00,price_volatile,static_average_condition,971.3406814382453,0.1873858293187652,279.91475530020836,38.04498445371025,17.086863141515526,0.7225391698312215,7.027917335005495,163.21239253984314,0.2920158749982231,0.030344340833461745,57.62707572774646,33.2966105684379,0.8813613393427103,0.925358429832374,0.9641651523570217,1.0358212664163466,0.3905375974557575,0.4160430133342743,0.6653059124946594,0.0,0.0,401.0272321218863,0.16720562677298306,0.7250706393691515,0.11124289209444095,0.15614025150798536,0.0048957996810763465,0.3515946537320044,0.0007953464794363573,2.6703171875638176e-06,0.0021733403717784324,606.9196784924619,169885.7732920986,5688.368633513005,1137.673726702601,1951.5629548707477,25153.397949700866,0.0,491.34716796875,0.0,0.0,0.0,698.7961911654523,0.0,28.117276672240372,205035.03719269228,14.479376611304152,205049.51656930358,8.010501237055268,5.7879009137538855,1.4469752284384714,296701.5710790662,35011780.66104673,273.0408802796635,128229.07919570775
2026-01-02 18:45:00,price_volatile,static_average_condition,934.8183381172892,0.18510215979776506,278.3560642995595,38.36608986871691,17.568950020380594,0.7160203216639088,6.98632615296328,163.21239253984314,0.2920158749982231,0.030344340833461745,57.62707572774646,33.2966105684379,0.8805197322992843,0.9254545492265596,0.9636656684754078,1.0374185594315535,0.39486022985046104,0.4254545569419861,0.6686391234397888,0.0,0.0,401.0272321218863,0.16510456964410042,0.7268276192593355,0.11039537472273488,0.14908092638029483,0.004858500441547562,0.3489159875158845,0.0007721248681978068,2.671031413434041e-06,0.002109885680637722,593.7390795687804,165270.8734096087,5732.038861959427,1146.4077723918854,1979.4296155977584,24778.753212610227,0.0,336.7470397949219,0.0,0.0,0.0,698.7961911654523,0.0,28.117276672240372,199971.16337980062,14.22718816381703,199985.39056796444,7.615353678713016,5.452747990616525,1.3631869976541313,272617.4841430323,35284398.14518976,274.4040672773176,128585.55084582884
2026-01-02 19:00:00,price_volatile,static_average_condition,938.2357815157079,0.1848760160818076,290.8189847155194,37.27977649677541,17.317678409685364,0.7184198028844822,6.986585658832146,163.21239253984314,0.2920158749982231,0.030344340833461745,57.62707572774646,33.2966105684379,0.8791180199478933,0.9240369873013216,0.9635095652149929,1.036799303829457,0.3995860354162597,0.4184863567352295,0.6654489636421204,0.0,0.0,401.0272321218863,0.16493604534758619,0.7271754491546168,0.109756520443781,0.15251372726520804,0.004830384464730802,0.3468968225628256,0.000780281967958409,2.6711373538568687e-06,0.0021321755312684867,603.4982635162177,175508.7522733654,5765.4030533467485,1153.0806106693497,2005.1191927736302,25137.242270753748,0.0,420.8862609863281,0.0,0.0,0.0,698.7961911654523,0.0,28.117276672240372,210717.3971297329,14.09572562271247,210731.49285535564,7.633855483943434,5.484312952023265,1.3710782380058162,288929.36391645623,35573327.50910622,275.7751455153234,128993.95789505473
2026-01-02 19:15:00,price_volatile,static_average_condition,935.6760284595549,0.1864274250252452,285.4906810652432,38.82257200884894,17.7622124913206,0.721881582306922,6.988884006917576,163.21239253984314,0.2920158749982231,0.030344340833461745,57.62707572774646,33.2966105684379,0.8801093362403004,0.9251214197499705,0.9641288470665699,1.036021555929883,0.39813090322659034,0.41738784313201904,0.6647509932518005,0.0,0.0,401.0272321218863,0.16626144784455932,0.7255328793920601,0.11052246259415324,0.1542731331874785,0.004864093578768684,0.3493176618638234,0.0007880753277841929,2.670560911838218e-06,0.0021534714368632102,605.2961929865979,172806.42238194274,5725.447689443404,1145.0895378886808,1986.891059708919,25216.134323338323,0.0,489.58538818359375,0.0,0.0,0.0,698.7961911654523,0.0,28.117276672240372,208096.48384834334,14.34773410252332,208110.83158244586,7.676913953043202,5.541822791656914,1.3854556979142285,288328.337413568,35861655.84651979,277.16060121323767,129389.44312265035
2026-01-02 19:30:00,price_volatile,static_average_condition,961.3566744871597,0.1855885612664581,284.21194531674666,36.493217688318,17.82739893745581,0.7166781826421859,7.053419929064849,163.21239253984314,0.2920158749982231,0.030344340833461745,57.62707572774646,33.2966105684379,0.8815288947383149,0.9260923474087713,0.9642436287067594,1.0373266112620376,0.3909654488533212,0.4241347908973694,0.6682764291763306,0.0,0.0,401.0272321218863,0.16550396423532,0.7262438725749655,0.11060239823370677,0.150169414424477,0.004867611546265435,0.34957030671133243,0.0007761403473739836,2.670836816359049e-06,0.0021208582608040483,595.7068302254104,169306.99705683682,5721.309738276931,1144.2619476553862,1964.1372668830159,24819.337952150134,0.0,351.4097595214844,0.0,0.0,0.0,698.7961911654523,0.0,28.117276672240372,204034.36718916145,13.300298923620185,204047.66748808508,7.8521234596278795,5.627445570928182,1.4068613927320455,287066.78566601267,36148722.6321858,278.5674626059697,129766.49280579381
2026-01-02 19:45:00,price_volatile,static_average_condition,942.9011771607788,0.1877113975192764,285.6447831422886,38.68281074961708,17.773909533787858,0.7183919360327952,6.938317833514528,163.21239253984314,0.2920158749982231,0.030344340833461745,57.62707572774646,33.2966105684379,0.8777416619463437,0.9231001742716038,0.9626077753857856,1.0373763869227544,0.4041401545749919,0.4211687445640564,0.6661698818206787,0.0,0.0,401.0272321218863,0.16740464798816757,0.7243813366590567,0.11151993456650991,0.1532668902059267,0.004907992320272101,0.35247027508813966,0.0007880565959554495,2.6701260310362057e-06,0.0021534202508195193,599.8678850098079,171349.13192764987,5674.2373509365425,1134.8474701873085,1986.850552384513,25055.929972918115,0.0,409.07171630859375,0.0,0.0,0.0,698.7961911654523,0.0,28.117276672240372,206336.98245822266,14.334644594981107,206351.31710281764,7.789475031223381,5.595896048359682,1.3989740120899206,288680.12998736824,36437402.76217317,279.9664366180596,130149.18217458473
2026-01-02 20:00:00,price_volatile,static_average_condition,937.8731620037238,0.19033362338030535,283.6982735192858,36.361842104640054,18.32358523039444,0.7187922745937715,6.967365764550966,163.21239253984314,0.2920158749982231,0.030344340833461745,57.62707572774646,33.2966105684379,0.8780794180078728,0.9237294266057984,0.9632467065840682,1.0364331927974149,0.4056633800680435,0.4175713062286377,0.663493812084198,0.0,0.0,401.0272321218863,0.16966930715478176,0.7217248125631034,0.11257453539781084,0.15701902555479827,0.004954405302857655,0.3558034499735242,0.0008027150945061563,2.6691753526288925e-06,0.0021934756323590014,605.2915978610131,171720.18128889924,5621.080965203745,1124.2161930407492,1972.690021198484,25358.65307159029,0.0,458.687744140625,0.0,0.0,0.0,698.7961911654523,0.0,28.117276672240372,206982.42275191084,13.097846313096403,206995.52059822393,7.856172164565719,5.646955859768466,1.4117389649421166,292223.64199699124,36729626.40417016,281.37817558300173,130534.73791301754
2026-01-02 20:15:00,price_volatile,static_average_condition,984.76682010391,0.19096701200395136,286.14731062029267,38.01020480565648,18.319237567433316,0.7200658528552167,6.948216204706071,163.21239253984314,0.2920158749982231,0.030344340833461745,57.62707572774646,33.2966105684379,0.8767564161071975,0.9230603627325774,0.962775327221559,1.037721937835779,0.41072413090522,0.4217057228088379,0.6645007133483887,0.0,0.0,401.0272321218863,0.17023468579542367,0.721162532029103,0.11312107014769783,0.1551253965927509,0.004978458297200182,0.35753082951680226,0.0007987013442104665,2.668961873130719e-06,0.0021825077764805897,599.3578542663057,171504.6380974527,5593.923194547925,1118.784638909585,1977.8800533009587,25244.46399470708,0.0,463.12237548828125,0.0,0.0,0.0,698.7961911654523,0.0,28.117276672240372,206629.72582224422,13.774334062021602,206643.50015630623,8.27643157463012,5.959575760383882,1.4898939400959705,307876.8986431014,37037503.30281326,282.8680695230977,130935.61024846938
2026-01-02 20:30:00,price_volatile,static_average_condition,945.5296688332127,0.18887961431068565,297.2596490587188,38.058475898054205,18.488163349532066,0.7228969504110437,6.963808920075271,163.21239253984314,0.2920158749982231,0.030344340833461745,57.62707572774646,33.2966105684379,0.8775694299844168,0.9234041434683056,0.9629264858005991,1.037703107303556,0.4065561116134308,0.42216771841049194,0.6655377149581909,0.0,0.0,401.0272321218863,0.16835071696970966,0.7229261416534492,0.1120437514835937,0.1533572884288155,0.0049310455027929585,0.35412585257370777,0.00079033582604081,2.669647174158113e-06,0.0021596484078418485,598.788609714598,177995.69198411956,5647.70966441576,1129.541932883152,1984.6570109751685,25127.222509307387,0.0,493.5119934082031,0.0,0.0,0.0,698.7961911654523,0.0,28.117276672240372,213105.24856294694,13.634662486227986,213118.88322543318,7.859802196206897,5.68182703847199,1.4204567596179976,302726.1582798052,37340229.46109307,284.2885262827157,131346.24161356207
2026-01-02 20:45:00,price_volatile,static_average_condition,973.7489473842761,0.19208509721048353,277.0016599853393,37.70087377889342,18.960090793974544,0.7231485864698411,6.955690664707923,163.21239253984314,0.2920158749982231,0.030344340833461745,57.62707572774646,33.2966105684379,0.876282464739127,0.9227718012309929,0.9626390721196105,1.0382483202155304,0.41233252329174264,0.42255958914756775,0.6646435260772705,0.0,0.0,401.0272321218863,0.1711436815172606,0.7197971021437172,0.11374953994947747,0.15544216574330944,0.005006117253176503,0.35951717325686017,0.0008019264055590552,2.668508655662145e-06,0.0021913204841640596,598.4509045364041,165771.89397631175,5563.016592175647,1112.6033184351295,1971.6049105587106,25228.29612905471,0.0,513.42626953125,0.0,0.0,0.0,698.7961911654523,0.0,28.117276672240372,200887.7546639049,13.229301224167248,200900.98396512907,8.231747520156416,5.952776583377733,1.4881941458444332,298979.6682312914,37639209.129324354,285.7767204285601,131708.45082440364
2026-01-02 21:00:00,price_volatile,static_average_condition,938.1782999083536,0.19708509721048353,284.37225432900385,36.59699521566237,19.022184064797756,0.7184392817084156,6.949148182251917,163.21239253984314,0.2920158749982231,0.030344340833461745,57.62707572774646,33.2966105684379,0.8767511403006005,0.9229293412370418,0.9627349942296056,1.0375486357714527,0.41036748914056087,0.41949132084846497,0.6634647250175476,0.0,0.0,401.0272321218863,0.1755897956514249,0.7153067882278044,0.11649763548776,0.16121404332369066,0.005127060937816318,0.3682028131302341,0.0008273485869859692,2.666812375022425e-06,0.002260788388608602,602.8412428595021,171431.3232344551,5431.789026806256,1086.3578053612512,1919.5458684781775,25361.956882753002,0.0,453.33026123046875,0.0,0.0,0.0,698.7961911654523,0.0,28.117276672240372,206411.21654692196,12.72824317984208,206423.9447901018,8.13749131289536,5.846293413745014,1.4615733534362536,301703.7372164092,37940912.86654077,287.2382937819964,132088.6305477659
2026-01-02 21:15:00,price_volatile,static_average_condition,969.025652932043,0.1923358294539009,288.1301787921592,38.79281492860211,19.439428144351417,0.719715703778545,6.970298239841881,163.21239253984314,0.2920158749982231,0.030344340833461745,57.62707572774646,33.2966105684379,0.875694961956107,0.922808464870963,0.962006468934191,1.0394534038689087,0.41485208040375,0.4310488700866699,0.6669794321060181,0.0,0.0,401.0272321218863,0.1713017352965081,0.7192979559156355,0.11425473412684041,0.15080740164413955,0.005028350848922247,0.36111389164949736,0.000789926770291346,2.6683673649441295e-06,0.0021585306341449714,586.8973467580911,169102.83745405264,5538.418892899392,1107.6837785798782,1970.1434369366227,24964.830387831767,0.0,417.1673278808594,0.0,0.0,0.0,698.7961911654523,0.0,28.117276672240372,203827.99474601887,13.241484796369493,203841.23623081524,8.202511303154054,5.90347619530099,1.4758690488252475,300842.97142733587,38241755.8379681,288.71416283082164,132455.42048582042
2026-01-02 21:30:00,price_volatile,static_average_condition,967.4435835389471,0.19037034931628094,292.8926536589602,40.67071500094537,19.55243230539405,0.7179433262415057,6.96671149708337,163.21239253984314,0.2920158749982231,0.030344340833461745,57.62707572774646,33.2966105684379,0.8747248916083863,0.9217456425010115,0.9619036828690667,1.0387590898780648,0.4180431435942316,0.4247645437717438,0.664857804775238,0.0,0.0,401.0272321218863,0.16953592382214439,0.7209833926142661,0.1127172821429329,0.1526468758474777,0.0049606875871104775,0.3562546158096296,0.0007908982208371466,2.6690180417675096e-06,0.0021611851913033438,595.6336451946079,174456.71894960827,5613.96234952569,1122.792469905138,2006.3315326135928,25204.05061184926,0.0,422.7106628417969,0.0,0.0,0.0,698.7961911654523,0.0,28.117276672240372,209553.48004418146,13.817968383050554,209567.2980125645,8.105434935181997,5.8192429179986656,1.4548107294996664,304880.75370093295,38546636.59166904,290.1689735603213,132842.03379399498
2026-01-02 21:45:00,price_volatile,static_average_condition,951.7214711688285,0.19537034931628094,292.2254161671883,38.23047210088865,19.51280306119735,0.7251697784411595,6.990539693548797,163.21239253984314,0.2920158749982231,0.030344340833461745,57.62707572774646,33.2966105684379,0.8734171537000737,0.9207751296844868,0.9614678143704765,1.0385983856381997,0.42311942891882853,0.4218312203884125,0.6626192927360535,0.0,0.0,401.0272321218863,0.17399457041953414,0.7165529308636143,0.11529215919130517,0.15802131355064294,0.0050740079260093406,0.36439278074924975,0.0008145647838588794,2.667333435792582e-06,0.0022258557445857595,599.7404628166971,175259.40633891145,5488.582940330708,1097.7165880661414,1976.0111728752029,25458.110785670866,0.0,586.8844604492188,0.0,0.0,0.0,698.7961911654523,0.0,28.117276672240372,210593.62575414128,13.156182918729517,210606.78193706,8.183138257621328,5.934164557232634,1.4835411393081586,312443.8252209309,38859080.416889966,291.6525146996295,133237.5976833617
2026-01-02 22:00:00,price_volatile,static_average_condition,953.9443177288308,0.19441236205548568,263.00287455046947,40.52430042694197,19.70101136358833,0.7177230796093851,6.973686848954511,163.21239253984314,0.2920158749982231,0.030344340833461745,57.62707572774646,33.2966105684379,0.8748527682272347,0.9220070595179919,0.9622651978844481,1.0389759669724417,0.41835173314517876,0.42352744936943054,0.6640899181365967,0.0,0.0,401.0272321218863,0.17311513124871591,0.7172985296622741,0.11496401333916594,0.15648004556217726,0.005059566227056693,0.3633556418805611,0.0008091149125560388,2.6676349724139805e-06,0.0022109635867278987,597.4318743159879,157126.3002931796,5504.249196872032,1100.8498393744064,1968.0052269727587,25291.00899513355,0.0,431.4772644042969,0.0,0.0,0.0,698.7961911654523,0.0,28.117276672240372,192148.8042837743,13.64994799535613,192162.45423176966,8.162031581159903,5.858078442299145,1.4645196105747862,281425.68263860646,39140506.09952857,293.11703431020425,133532.00775805605
2026-01-02 22:15:00,price_volatile,static_average_condition,958.2233140910007,0.19490292442275894,236.70258709542253,41.42212659507479,20.098459542472067,0.7266132800558408,6.976415851108542,163.21239253984314,0.2920158749982231,0.030344340833461745,57.62707572774646,33.2966105684379,0.872083220038329,0.9196846173744706,0.9606828287380965,1.038922427290474,0.42713664815096797,0.42294177412986755,0.6628550887107849,0.0,0.0,401.0272321218863,0.17349716050877043,0.7166339956339841,0.11500347572011031,0.15690977411041349,0.005061302966442055,0.36348036681266543,0.0008107707034635083,2.6674222859231024e-06,0.0022154881522090677,598.4479289307876,141654.17301981497,5502.36046457712,1100.4720929154241,1992.4655640348913,25431.268238804852,0.0,609.76611328125,0.0,0.0,0.0,698.7961911654523,0.0,28.117276672240372,177017.4189612662,13.924095360596128,177031.3430566268,8.219330756583435,5.972274880904946,1.4930687202262365,264319.9608174896,39404826.06034606,294.6101030304305,133752.46013296396
2026-01-02 22:30:00,price_volatile,static_average_condition,986.0608344866624,0.19623164708054908,213.03232838588028,38.9367989993703,20.37015459960027,0.7227899269298445,6.976346240166752,163.21239253984314,0.2920158749982231,0.030344340833461745,57.62707572774646,33.2966105684379,0.8690164020782478,0.9181220891149326,0.9591548035599495,1.0411391321501626,0.4390051854866883,0.432217538356781,0.6654929518699646,0.0,0.0,401.0272321218863,0.17464286339729262,0.715295275988892,0.11622359468528726,0.15267709621945943,0.005115000402099492,0.3673366788609808,0.0008019619774133333,2.666941025955428e-06,0.0021914176867656936,585.737315675524,124780.98418085225,5444.596510758196,1088.9193021516392,2005.1506840810478,25132.275795717003,0.0,492.4417724609375,0.0,0.0,0.0,698.7961911654523,0.0,28.117276672240372,159671.28171385877,13.213175354347838,159684.49488921312,8.515773997026022,6.1551156650615075,1.5387789162653769,245719.13399000748,39650545.19433607,296.14888194669584,133887.2020508685
2026-01-02 22:45:00,price_volatile,static_average_condition,982.7609784098552,0.19592577871957392,191.72909554729225,41.273006939332525,20.89546713982132,0.7166849602953249,6.907249619957795,163.21239253984314,0.2920158749982231,0.030344340833461745,57.62707572774646,33.2966105684379,0.8682813513937594,0.9181725528720851,0.9589117637297735,1.0427064247656426,0.44271678460446173,0.43790677189826965,0.6672529578208923,0.0,0.0,401.0272321218863,0.1742979418767635,0.7152672438953906,0.11630081725936442,0.1492827000296004,0.0051183989675846284,0.36758074878474645,0.0007924010085759615,2.6669823460785286e-06,0.0021652916648308243,578.3761044227191,110891.52738713419,5440.981353382003,1088.1962706764007,2014.3205498017794,24934.100199854453,0.0,366.528076171875,0.0,0.0,0.0,698.7961911654523,0.0,28.117276672240372,145462.56730485838,13.99658939269134,145476.56389425107,8.474046721666996,6.07322183825864,1.51830545956466,220877.86119934847,39871423.05553542,297.6671874062605,133946.31569222416
2026-01-02 23:00:00,price_volatile,static_average_condition,964.9125541650387,0.19515929764915416,172.55618599256303,41.36865178827364,20.810096495828788,0.7228233133140813,7.027249619957795,163.21239253984314,0.2920158749982231,0.030344340833461745,57.62707572774646,33.2966105684379,0.868428328044903,0.9177718958353148,0.9592945013814843,1.040366545878894,0.44256883032975625,0.42823469638824463,0.6617138385772705,0.0,0.0,401.0272321218863,0.17362818424411744,0.7159975904390364,0.1148921722813765,0.15340036274762398,0.00505640450210338,0.3631285807950243,0.0008004291775810953,2.6672512914019636e-06,0.002187229203075392,591.3936732522019,102048.636676532,5507.690955146664,1101.538191029333,2038.5935525157922,25561.363666661982,0.0,560.1553344726562,0.0,0.0,0.0,698.7961911654523,0.0,28.117276672240372,137544.89184419613,14.090366289164814,137558.9822104853,8.287595996566454,5.99046759764668,1.49761689941167,206010.65642429207,40077433.71195971,299.1648043056722,133964.40067532315
2026-01-02 23:15:00,price_volatile,static_average_condition,974.9816870951977,0.19955816002736296,155.30056739330672,39.82365517166911,20.857754383644185,0.719369295577,6.9691836694971165,163.21239253984314,0.2920158749982231,0.030344340833461745,57.62707572774646,33.2966105684379,0.8662312242494181,0.9162742244186707,0.9581525404803939,1.0417290109052304,0.44977867678938016,0.43014970421791077,0.6628792881965637,0.0,0.0,401.0272321218863,0.17753510772953895,0.712056842371,0.11768434584165705,0.15590493759838414,0.005179288060491327,0.3719535338109263,0.0008162626352481262,2.66575920492924e-06,0.0022304952433010177,588.7727429211175,91436.74104136306,5377.015724272303,1075.4031448544604,2010.3850505183434,25428.514497760996,0.0,478.6680603027344,0.0,0.0,0.0,698.7961911654523,0.0,28.117276672240372,126533.6409869096,13.630237792705048,126547.2712247023,8.56282992314741,6.15983692996021,1.5399592324900524,194877.63866890306,40272311.350628614,300.70476353816224,133926.41631870152
2026-01-02 23:30:00,price_volatile,static_average_condition,1023.7307714499576,0.19576828305095206,139.77051065397606,39.464199726610914,20.96558915424065,0.720473243434276,7.052638728078964,163.21239253984314,0.2920158749982231,0.030344340833461745,57.62707572774646,33.2966105684379,0.8661982841596678,0.916448767943671,0.9582732797383596,1.0421701785129747,0.45042613987045504,0.4323302209377289,0.6642842292785645,0.0,0.0,401.0272321218863,0.17414860791686268,0.7153668173135826,0.11568417378998803,0.1518987171108858,0.005091260488497374,0.36563178339010866,0.0007984110466094468,2.6670271129028932e-06,0.0021817145178034732,585.8652485499047,81886.68496423878,5469.983986228331,1093.9967972456661,2046.9861195483825,25268.985467714203,0.0,473.58056640625,0.0,0.0,0.0,698.7961911654523,0.0,28.117276672240372,116967.1313692193,13.52704349385232,116980.65841271316,8.820220819214464,6.354733101425972,1.588683275356493,185845.21556046823,40458156.56618908,302.29344681351876,133837.35900549387
2026-01-02 23:45:00,price_volatile,static_average_condition,1000.4640268972395,0.1997905180734214,137.7387590882218,41.83205171020757,21.66558915424065,0.7190213418100163,7.022010460160778,163.21239253984314,0.2920158749982231,0.030344340833461745,57.62707572774646,33.2966105684379,0.8665369668312065,0.916427477938184,0.9582967007159788,1.0417029491363043,0.44841235499259713,0.42983266711235046,0.6631680130958557,0.0,0.0,401.0272321218863,0.1776271463297677,0.7113918443312807,0.11779664170339886,0.15625567494380344,0.005184230201366584,0.3723084564840183,0.0008181710694640978,2.665585500566773e-06,0.0022357101744482507,589.5854757003648,81208.77179940719,5371.889800429102,1074.3779600858204,2004.65188526906,25395.675021456285,0.0,467.93878173828125,0.0,0.0,0.0,698.7961911654523,0.0,28.117276672240372,116250.21871622343,14.293997833927092,116264.51271405736,8.796860787157796,6.325130646898114,1.5812826617245286,183847.0581285899,40642003.62431767,303.87472947524327,133745.91462245557
2026-01-01 00:00:00,price_volatile,static_first_step,1000.0,0.2,85.0,42.68163876002333,22.0,0.72,7.0,163.1157074056356,0.2749993690833913,0.029998975419651075,45.86126485072822,35.30969120846575,0.864267229249079,0.9151958618303451,0.9573564483550596,1.043143472100417,0.4572863258126616,0.42526018619537354,0.6668055653572083,0.0,0.0,391.0908001299016,0.17563928203479176,0.7025065201728579,0.11711725075614347,0.15828414951116798,0.005154330205777874,0.3795658447529233,0.0009067762772423302,2.6019596166840992e-06,0.002247314972982548,612.4351921231179,52056.99133046502,5269.178003363003,1053.8356006726005,1990.6369060604175,24984.377152303696,0.0,424.4476318359375,0.0,0.0,0.0,624.7865639857255,0.0,0.0,86404.2531886864,14.72730858948634,86418.98049727589,8.802,6.337439999999999,1.5843599999999998,136918.775940664,136918.775940664,1.5843599999999998,86418.98049727589
2026-01-01 00:15:00,price_volatile,static_first_step,1031.204649578002,0.20263518392508353,80.0,44.59131271704564,22.19559156011855,0.7204726569652421,7.044406082702809,163.1157074056356,0.2749993690833913,0.029998975419651075,45.86126485072822,35.30969120846575,0.8624192931092564,0.9138970287498452,0.9564570541956522,1.0440365208326718,0.4634816812439503,0.42677780985832214,0.6667395830154419,0.0,0.0,391.0908001299016,0.17792592596987072,0.7000829950528109,0.11863025768878799,0.15933699227838488,0.005220917640883559,0.3844693559846034,0.0009153671803948294,2.601065084164379e-06,0.0022686062945252434,610.3475977194229,48827.80781755383,5201.9750569668095,1040.395011393362,1982.0069834752303,24991.797807873645,0.0,433.08612060546875,0.0,0.0,0.0,624.7865639857255,0.0,0.0,83101.85536185406,15.48820175672956,83117.34356361079,9.196256712030467,6.625651507451032,1.656412876862758,137676.6381693908,274595.4141100548,3.2407728768627577,84731.45898946116
2026-01-01 00:30:00,price_volatile,static_first_step,1010.9822555308032,0.2022403923090752,88.0,42.6738827879369,22.78343220819381,0.7202471293883592,7.013146425528885,163.1157074056356,0.2749993690833913,0.029998975419651075,45.86126485072822,35.30969120846575,0.8609238367465295,0.9130418010454096,0.9559997134139688,1.0443997074798101,0.4698329946664183,0.426713764667511,0.6660686731338501,0.0,0.0,391.0908001299016,0.17749684445593028,0.7001009437447719,0.11822508767220685,0.15883437809010825,0.005203086108453824,0.383156238586276,0.0009128052047265033,2.6011285906235824e-06,0.0022622568052142124,610.7266096112389,53743.941645789026,5219.8027817043,1043.96055634086,2006.0388871366424,25067.33467098854,0.0,440.2961120605469,0.0,0.0,0.0,624.7865639857255,0.0,0.0,88146.16121800564,14.91466415891144,88161.07588216456,8.998348325426548,6.48103455062502,1.620258637656255,142843.74470314567,417439.1588132004,4.861031514519013,85874.60450860808
2026-01-01 00:45:00,price_volatile,static_first_step,996.5354745182758,0.20378852178192824,82.31221985708495,45.03605024376163,23.03160719770457,0.7241527985269024,6.980796705549762,163.1157074056356,0.2749993690833913,0.029998975419651075,45.86126485072822,35.30969120846575,0.86174951191339,0.9135769412032402,0.9562167638321342,1.0440199530102754,0.46667786734743955,0.42670366168022156,0.6659322381019592,0.0,0.0,391.0908001299016,0.17882004262191217,0.6986042887936688,0.11908203120069771,0.15999227339483812,0.005240800193142706,0.3859335108685159,0.0009196250932154744,2.6005879383870473e-06,0.0022791589208738176,610.8579766533576,50281.07607574524,5182.239799542523,1036.4479599085046,1983.1006131573872,25082.714335185294,0.0,508.44512939453125,0.0,0.0,0.0,624.7865639857255,0.0,0.0,84698.8104769192,15.734490464402134,84714.5449673836,8.937660440147155,6.4722318200157485,1.6180579550039371,137073.04338901376,554512.2022022142,6.47908946952295,85584.89658316794
2026-01-01 01:00:00,price_volatile,static_first_step,1003.6114778465625,0.2037028533791913,90.54344184279346,44.15245417814593,23.271861346589287,0.7162502622083203,6.991356245519263,163.1157074056356,0.2749993690833913,0.029998975419651075,45.86126485072822,35.30969120846575,0.8601309618174764,0.9123119713322287,0.9558186588658293,1.043336148943072,0.47328146219493195,0.4218057692050934,0.6630702018737793,0.0,0.0,391.0908001299016,0.17871148457316108,0.6985449914724229,0.11849826015308872,0.1624326145192181,0.005215108429337434,0.38404156455490773,0.0009259201251320579,2.600588661378106e-06,0.0022947602547822923,618.0659543804035,55961.818795452695,5207.769638991909,1041.553927798382,2010.7529808074287,25406.796834941913,0.0,424.21746826171875,0.0,0.0,0.0,624.7865639857255,0.0,0.0,90677.69621023977,15.440602316974871,90693.13681255674,8.997339340961094,6.44434666214062,1.611086665535155,146114.50337426565,700626.7055764799,8.090176135058105,86602.15721884872
2026-01-01 01:15:00,price_volatile,static_first_step,996.499769299769,0.2013298543777351,81.48909765851411,43.85383340243675,23.37665717395135,0.7168589711873222,6.983726004459256,163.1157074056356,0.2749993690833913,0.029998975419651075,45.86126485072822,35.30969120846575,0.8608558107675561,0.9129235721664402,0.9557950777346856,1.044057227751823,0.4699263622625739,0.4269041121006012,0.6660489439964294,0.0,0.0,391.0908001299016,0.176614362791546,0.7005689169747197,0.11763380983191149,0.15791709259170222,0.005177063970702425,0.38123996347320405,0.0009082640570197199,2.6013625488277815e-06,0.0022510022218157405,610.7453296458467,49769.0858119918,5246.039742999222,1049.2079485998443,2016.3767978303972,25069.5582519654,0.0,387.2490234375,0.0,0.0,0.0,624.7865639857255,0.0,0.0,84162.30414080988,15.291347981611562,84177.59548879148,8.829513002919446,6.329515607357918,1.5823789018394796,133200.8511090418,833827.5566855217,9.672555036897585,86205.51172929454
2026-01-01 01:30:00,price_volatile,static_first_step,1008.4100029343575,0.2063298543777351,82.56425939018207,43.08053396484444,23.83792094661615,0.7181100633770753,7.049703402373881,163.1157074056356,0.2749993690833913,0.029998975419651075,45.86126485072822,35.30969120846575,0.8612313046640203,0.9134008935483955,0.9563609107654737,1.0436909549356188,0.4700455124284963,0.4236701428890228,0.66408371925354,0.0,0.0,391.0908001299016,0.1809346115118566,0.6959266365310758,0.12015572975448811,0.16345105299924065,0.0052880536664950215,0.3894132655241986,0.0009351609666615521,2.5996545458365175e-06,0.0023176623553923213,615.6183696141342,50828.07475418236,5135.931867415333,1027.1863734830665,1974.3737591750305,25291.711798329055,0.0,437.82720947265625,0.0,0.0,0.0,624.7865639857255,0.0,0.0,85319.89232604322,15.036977995896882,85334.92930403912,9.156944569464471,6.575694045118497,1.6439235112796242,140284.0966162945,974111.6533018162,11.316478548177209,86079.04386110645
2026-01-01 01:45:00,price_volatile,static_first_step,981.9575817945106,0.20763495611956834,90.82068532920029,45.44821174288196,24.179416666384544,0.7185023969836689,6.971673263617888,163.1157074056356,0.2749993690833913,0.029998975419651075,45.86126485072822,35.30969120846575,0.8598733472172068,0.9126099719806164,0.9558325924124746,1.0447142952018569,0.4750504536843484,0.4250376224517822,0.6644096970558167,0.0,0.0,391.0908001299016,0.18202985358772825,0.6945931311935161,0.12094239987733718,0.163602763865332,0.00532267501860161,0.3919627883980134,0.0009385101854595497,2.599183473175183e-06,0.0023259629139109283,613.8026972200886,55745.98161844006,5102.52518657237,1020.5050373144742,1974.8111166249817,25254.771598855114,0.0,438.9031066894531,0.0,0.0,0.0,624.7865639857255,0.0,0.0,90162.28422848217,15.947471090344354,90178.23169957251,8.97314254111002,6.44722442426368,1.61180610606592,145349.82448759826,1119461.4777894143,12.928284654243129,86590.10129561166
2026-01-01 02:00:00,price_volatile,static_first_step,1025.9387569748362,0.20263495611956833,93.09706044619818,46.638561549689314,24.320700315210008,0.7163373580676613,7.040752742213569,163.1157074056356,0.2749993690833913,0.029998975419651075,45.86126485072822,35.30969120846575,0.8591726144604438,0.912250850473268,0.9552823428721919,1.0453515498604675,0.47742665038826027,0.4294756054878235,0.6661207675933838,0.0,0.0,391.0908001299016,0.17762666423981616,0.6988977840992302,0.1183208099284786,0.15717984346505443,0.005207298844952343,0.383466465293519,0.0009087809911259629,2.6008229127556904e-06,0.0022522833688705998,607.5443866595047,56560.59648858831,5215.579929444751,1043.1159858889503,2025.0107550067291,25061.463975435167,0.0,378.2562561035156,0.0,0.0,0.0,624.7865639857255,0.0,0.0,90908.80995445314,16.378701075751767,90925.1886555289,9.149285330592269,6.553974881923675,1.6384937204809187,148980.35064562695,1268441.8284350415,14.566778374724047,87077.7186145712
2026-01-01 02:15:00,price_volatile,static_first_step,1015.4790805852281,0.2070253991736837,93.05657499153995,43.840247856707954,24.324671698609738,0.7153414647813107,6.982095417677635,163.1157074056356,0.2749993690833913,0.029998975419651075,45.86126485072822,35.30969120846575,0.8576790679655252,0.9112278349314858,0.9550682144786977,1.0451597776314203,0.4838608557693247,0.424462229013443,0.6633656024932861,0.0,0.0,391.0908001299016,0.1814755315664193,0.6950461473030464,0.1203846253353471,0.16323219777490394,0.005298127361008626,0.39015509428083367,0.0009355563727622865,2.5993683868990043e-06,0.0023186423127124346,614.7073922438909,57202.564544197594,5126.1665663665535,1025.2333132733106,2007.4460169327924,25373.217743086167,0.0,405.2232971191406,0.0,0.0,0.0,624.7865639857255,0.0,0.0,91764.63804496128,15.483790964611941,91780.1218359259,9.252220628090122,6.618497056577846,1.6546242641444615,151861.6165558579,1420303.4449908994,16.221402638868508,87557.37568511338
2026-01-01 02:30:00,price_volatile,static_first_step,1066.2530346144895,0.20391768260029614,83.75091749238595,42.370271679999725,24.706034785271537,0.7195129735206482,7.01863138571909,163.1157074056356,0.2749993690833913,0.029998975419651075,45.86126485072822,35.30969120846575,0.8595106909501342,0.9125711182052373,0.9560528375968252,1.0447607268171208,0.47762175852682687,0.42495298385620117,0.6637136936187744,0.0,0.0,391.0908001299016,0.178696686774469,0.6975591276167138,0.11860343801652003,0.16049435049707694,0.005219737307107047,0.384382435983539,0.000920928933692565,2.600354286739863e-06,0.002282390302527799,614.1917498687175,51439.12256775911,5203.1513741841445,1040.630274836829,2020.7131131797157,25333.687523281882,0.0,467.03436279296875,0.0,0.0,0.0,624.7865639857255,0.0,0.0,86129.12578002036,14.916278683909884,86144.04205870428,9.568999585380123,6.885019345294703,1.7212548363236757,148275.84901401485,1568579.2940049141,17.942657475192185,87421.79335327879
2026-01-01 02:45:00,price_volatile,static_first_step,1026.3570887541791,0.20615414352800987,86.38439346900768,44.91248798079971,25.406034785271537,0.7195750915269229,6.931152743795266,163.1157074056356,0.2749993690833913,0.029998975419651075,45.86126485072822,35.30969120846575,0.8575839187733973,0.9110698405530433,0.955178725427637,1.044844359612978,0.48430951664873517,0.42267560958862305,0.6623809933662415,0.0,0.0,391.0908001299016,0.1805565063961853,0.6952117276073738,0.11959719806544336,0.16335548562937305,0.0052634726868601624,0.38760311756559457,0.0009341685978148551,2.59953402507793e-06,0.002315202911509773,617.8375450618355,53371.52159254736,5159.917217800854,1031.9834435601708,2021.8668576164407,25485.257730446632,0.0,490.6750183105469,0.0,0.0,0.0,624.7865639857255,0.0,0.0,88186.00842426773,15.917080223191073,88201.92550449092,9.311977607450714,6.700667139178004,1.675166784794501,147752.93596004217,1716332.2299649564,19.617824259986687,87488.40886834008
2026-01-01 03:00:00,price_volatile,static_first_step,1045.3514382856256,0.2111208955332404,92.57390232221672,46.21848508662818,25.186270787267976,0.7191065558707107,7.051152743795266,163.1157074056356,0.2749993690833913,0.029998975419651075,45.86126485072822,35.30969120846575,0.8586870468751593,0.9122785387204535,0.9555341532508345,1.0457832035138221,0.4808125374388139,0.4267645478248596,0.6645647883415222,0.0,0.0,391.0908001299016,0.18493869251908032,0.6909825582035343,0.12290374305010048,0.165085837332146,0.005408993731634922,0.3983193146434113,0.000950631820694946,2.5979141955385025e-06,0.00235600464862016,611.802221946816,56636.9191350197,5021.097211392991,1004.2194422785983,1958.3409848821636,25237.209188857625,0.0,446.22064208984375,0.0,0.0,0.0,624.7865639857255,0.0,0.0,90928.79316850664,16.317945814362773,90945.111114321,9.712810354422153,6.984545601793892,1.746136400448473,158802.5689595469,1875134.7989245031,21.363960660435158,87770.93483406129
2026-01-01 03:15:00,price_volatile,static_first_step,1028.3224099560525,0.21148875140035864,83.31651208999506,47.19107892117537,25.0140033736397,0.7196370920489119,7.036319287535573,163.1157074056356,0.2749993690833913,0.029998975419651075,45.86126485072822,35.30969120846575,0.8585329775732466,0.9121617393198669,0.9558714592350592,1.0450576721767402,0.48241807922631297,0.4226767122745514,0.662724494934082,0.0,0.0,391.0908001299016,0.18528687750166742,0.6907543565290206,0.12279415231020567,0.16772139397802974,0.005404170643172152,0.3979641415028475,0.0009588385018044649,2.597811771176349e-06,0.00237634373092611,617.6303941695174,51458.810202973014,5025.578416304851,1005.1156832609703,1964.2845193120804,25446.132415813685,0.0,485.85662841796875,0.0,0.0,0.0,624.7865639857255,0.0,0.0,86010.56443006829,16.69410847339698,86027.25853854169,9.57123417704417,6.887815130487227,1.7219537826218068,148134.96324902598,2023269.7621735292,23.085914443056964,87640.87587537702
2026-01-01 03:30:00,price_volatile,static_first_step,1043.1780211195921,0.21648875140035864,80.0,46.383658033733745,25.7140033736397,0.7202767671072493,7.037876360959037,163.1157074056356,0.2749993690833913,0.029998975419651075,45.86126485072822,35.30969120846575,0.8595968553113743,0.9125361695081922,0.9563162279692948,1.043557532887138,0.47819189697508885,0.41685932874679565,0.6606753468513489,0.0,0.0,391.0908001299016,0.18956159637790176,0.6859922959700444,0.12523867343666564,0.17519522548355454,0.005511754017947655,0.405886601434161,0.0009921256689839405,2.5960762125354393e-06,0.0024588412014577713,626.5814721427297,50126.517771418374,4927.484654416267,985.4969308832534,1915.1151334079739,25680.13584628266,0.0,532.8494873046875,0.0,0.0,0.0,624.7865639857255,0.0,0.0,84792.38638769893,16.34728740228339,84808.73367510122,9.939055883413813,7.037876360959037,1.7594690902397592,149218.34548371637,2172488.1076572454,24.845383533296726,87440.31279476002
2026-01-01 03:45:00,price_volatile,static_first_step,1062.264015492698,0.21148875140035864,80.0,46.076201948672384,25.555905355317673,0.7207483392440946,6.9734059865700475,163.1157074056356,0.2749993690833913,0.029998975419651075,45.86126485072822,35.30969120846575,0.8584091686223703,0.9117144647985174,0.9558136066707312,1.044059954793542,0.482365116030328,0.4187401533126831,0.6603552103042603,0.0,0.0,391.0908001299016,0.185207000973503,0.690456912187226,0.12230240807767892,0.16976991197602476,0.005382528979498649,0.3963704453238786,0.0009643919649627243,2.5977501150567465e-06,0.0023901071930067666,623.7025236410788,49896.2018912863,5045.784880267191,1009.1569760534383,1972.043400039169,25716.825156815798,0.0,547.0999755859375,0.0,0.0,0.0,624.7865639857255,0.0,0.0,84811.89884403355,16.31166089276151,84828.21050492632,9.887149741842546,6.9734059865700475,1.7433514966425119,147885.38774126934,2320373.495398515,26.588735029939237,87269.04430713782
2026-01-01 04:00:00,price_volatile,static_first_step,1031.8340122307866,0.21301682588658144,88.0,47.249784717905186,25.98733855228516,0.7165846761747159,7.010211566434752,163.1157074056356,0.2749993690833913,0.029998975419651075,45.86126485072822,35.30969120846575,0.8596754417647876,0.9128302768839334,0.9568282169098723,1.0439766768466305,0.4789583298812104,0.4172021448612213,0.6607896089553833,0.0,0.0,391.0908001299016,0.18648118503226702,0.6888825578741207,0.1232248293350082,0.1721351886447267,0.005423124739033711,0.39935992468320247,0.0009755820177557976,2.5971949392366143e-06,0.002417840134220024,626.2108120935752,55106.55146423462,5008.013764992886,1001.6027529985771,1948.4094797286184,25667.04942446517,0.0,466.9635314941406,0.0,0.0,0.0,624.7865639857255,0.0,0.0,89823.37698189972,16.62160413544792,89839.99858603517,9.673310249658874,6.9317458927893645,1.7329364731973411,155687.0103017379,2476060.505700253,28.321671503136578,87426.3549531684
2026-01-01 04:15:00,price_volatile,static_first_step,1042.896619811074,0.20801682588658144,91.6688674925662,45.160586234237904,25.811229998102817,0.7220329951122507,7.003050682490885,163.1157074056356,0.2749993690833913,0.029998975419651075,45.86126485072822,35.30969120846575,0.8591091127836503,0.9126118595364355,0.956467723559523,1.0445779210000705,0.48116884387292586,0.42132624983787537,0.6614865064620972,0.0,0.0,391.0908001299016,0.18212980406460696,0.6933564417561474,0.12047640781332312,0.16546923233894656,0.005302166707864351,0.3904525525422048,0.0009443539189194004,2.5988709075273943e-06,0.002340445769309815,620.0104108874516,56835.65219965333,5122.261301605439,1024.4522603210878,1998.7463074491905,25587.331731709288,0.0,549.8821411132812,0.0,0.0,0.0,624.7865639857255,0.0,0.0,91743.11250583733,15.983114739537292,91759.09562057686,9.547531362007367,6.893632665238326,1.7234081663095815,158138.3747256839,2634198.8804259365,30.04507966944616,87674.88418760097
2026-01-01 04:30:00,price_volatile,static_first_step,1095.041450801628,0.21301682588658144,83.39425003657801,44.15206319912731,26.3914179385039,0.7207963124894923,7.0448017231079465,163.1157074056356,0.2749993690833913,0.029998975419651075,45.86126485072822,35.30969120846575,0.8606113127853708,0.9136937469984497,0.9570069444725863,1.0440569201444851,0.4758508509816344,0.4203510284423828,0.6620064377784729,0.0,0.0,391.0908001299016,0.18642135826495615,0.6886614324133924,0.12341213931080809,0.170180907833893,0.005431368251068664,0.3999669784582537,0.0009700570104462402,2.5971489648141925e-06,0.0024041471958798567,621.7220411498519,51848.043352902394,5000.412803350337,1000.0825606700673,1937.3721500905801,25527.966416440642,0.0,518.4369506835938,0.0,0.0,0.0,624.7865639857255,0.0,0.0,86457.10079812334,15.530350297744004,86472.63114842109,10.265871801356637,7.0448017231079465,1.7612004307769866,152295.6352290187,2786494.5156549555,31.806280100223145,87608.31215956644
2026-01-01 04:45:00,price_volatile,static_first_step,1052.3116888575637,0.21146741062314012,85.86474570027386,46.80118699107495,26.502612185543406,0.7138451918207379,6.983566567652024,163.1157074056356,0.2749993690833913,0.029998975419651075,45.86126485072822,35.30969120846575,0.86146040622591,0.9142423680984865,0.9577859291241732,1.042924156578523,0.4738271888866563,0.4164862036705017,0.659684419631958,0.0,0.0,391.0908001299016,0.1850493459942467,0.6899561641105686,0.12207417041548801,0.17103078561821913,0.005372484239985628,0.3956307488189265,0.0009685298479829983,2.5976494465528846e-06,0.0024003623427071887,627.5476464023576,53884.21907314382,5055.218801800884,1011.0437603601767,1953.286691565551,25793.816728149064,0.0,440.0084228515625,0.0,0.0,0.0,624.7865639857255,0.0,0.0,88762.38004185677,16.34769271521483,88778.72773457198,9.793528928771702,6.983566567652024,1.745891641913006,154998.0387314596,2941492.554386415,33.55217174213615,87669.21488698664
2026-01-01 05:00:00,price_volatile,static_first_step,1032.574538973341,0.21441712594937914,94.10440428011378,44.775872802573446,26.419665244955404,0.7222879173858882,6.962343096093005,163.1157074056356,0.2749993690833913,0.029998975419651075,45.86126485072822,35.30969120846575,0.860988174720942,0.9136534326777277,0.9575756625184811,1.0425663096703723,0.4749533822141925,0.41321420669555664,0.6586833596229553,0.0,0.0,391.0908001299016,0.18764277923744915,0.6874203781242476,0.12359717623711154,0.1755144569894152,0.005439511726195279,0.4005666654965799,0.000988313073477041,2.596681854015519e-06,0.002449392230213577,632.4652209088971,59517.76284152232,4992.926701777876,998.5853403555751,1932.141598810519,25909.007369824983,0.0,606.8305053710938,0.0,0.0,0.0,624.7865639857255,0.0,0.0,94582.04092164809,15.752405623150572,94597.79332727124,9.743887275557187,6.962343096093005,1.7405857740232513,164655.57331943998,3106148.127705855,35.292757516159405,88010.9219656087
2026-01-01 05:15:00,price_volatile,static_first_step,1037.082319885413,0.21079017376941447,92.1955508796251,47.362011838804804,26.02996891553548,0.7243705837800561,7.020697160763119,163.1157074056356,0.2749993690833913,0.029998975419651075,45.86126485072822,35.30969120846575,0.861652893156302,0.9141961430252474,0.9582756936396183,1.0417463242540925,0.4738388638830114,0.4110218584537506,0.6567736268043518,0.0,0.0,391.0908001299016,0.18452631147947224,0.6908077824631551,0.12119201483120248,0.17366339480303444,0.005333660572721222,0.3927717666673558,0.0009739482709968806,2.5979273513633686e-06,0.002413791127154532,635.6492467560668,58604.03247089432,5092.015693922902,1018.4031387845804,1967.53556141631,26129.73170570785,0.0,685.402587890625,0.0,0.0,0.0,624.7865639857255,0.0,0.0,94121.90772260231,16.668408758681817,94138.57613136098,9.6208836141849,6.969085080087092,1.742271270021773,164014.93659442768,3270163.064300283,37.03502878618118,88299.19056308318
2026-01-01 05:30:00,price_volatile,static_first_step,1029.7922648277718,0.21575086469452778,88.93906581422716,46.72049163706956,26.72996891553548,0.7174593266986111,6.940553142993517,163.1157074056356,0.2749993690833913,0.029998975419651075,45.86126485072822,35.30969120846575,0.8603744891904482,0.9133722080289031,0.9576488732292183,1.0426449492117318,0.478165041280408,0.411345511674881,0.6575896739959717,0.0,0.0,391.0908001299016,0.1887640689401648,0.6860834695476696,0.12412930255651608,0.17763479291261552,0.005462930605512273,0.4022912361694399,0.0009973229806423635,2.5962045040550047e-06,0.0024717219931175973,635.4906237983361,56519.94241432448,4971.522668611219,994.3045337222438,1932.1615114783137,26035.25720859524,0.0,537.6561889648438,0.0,0.0,0.0,624.7865639857255,0.0,0.0,91615.63108968207,16.432652610723466,91632.06374229278,9.778078935778352,6.940553142993517,1.7351382857483792,158994.3020013881,3429157.3663016707,38.770167071929556,88448.3515363661
2026-01-01 05:45:00,price_volatile,static_first_step,1071.9268967394087,0.21433335053995106,90.55550439681322,46.49280751297255,26.58811821785443,0.7251592336498188,6.963799085029186,163.1157074056356,0.2749993690833913,0.029998975419651075,45.86126485072822,35.30969120846575,0.861728282592958,0.9140136111863423,0.9583203825376417,1.0411051768035207,0.47321382290342184,0.40726029872894287,0.6560060977935791,0.0,0.0,391.0908001299016,0.18754470700614495,0.6874013852497117,0.12303047140494126,0.17906249417240247,0.005414571046531465,0.39873002916026284,0.0009982974276270058,2.59669031201134e-06,0.002474137020235007,641.7925091961079,58117.844388349935,5015.92519683571,1003.185039367142,1936.5041992089564,26218.803709555083,0.0,717.3233642578125,0.0,0.0,0.0,624.7865639857255,0.0,0.0,93634.37246156036,16.361499917403126,93650.73396147776,10.111283562563303,6.963799085029186,1.7409497712572966,163041.22386831263,3592198.5901699835,40.511116843186855,88671.92193379675
2026-01-01 06:00:00,price_volatile,static_first_step,1035.615036363906,0.2122336182753404,99.61105483649455,45.070044298962245,26.40746270896306,0.7221773398069573,6.981867992595716,163.1157074056356,0.2749993690833913,0.029998975419651075,45.86126485072822,35.30969120846575,0.8611594293938418,0.9135605975697492,0.9584935851943438,1.040848239351339,0.4758549360633955,0.4046535789966583,0.6544228792190552,0.0,0.0,391.0908001299016,0.18573437041959495,0.6893372682180193,0.12154882145992985,0.17882866533692057,0.005349363632451512,0.39392814293619716,0.0009924860384552879,2.5974062672590077e-06,0.002459734325516142,645.8371514099914,64332.51990454608,5077.0680792002495,1015.4136158400499,1967.0824423210524,26403.196752024745,0.0,688.5997314453125,0.0,0.0,0.0,624.7865639857255,0.0,0.0,100108.66708936321,15.86887246258636,100124.5359618258,9.673060280808919,6.981867992595716,1.745466998148929,174764.07322634256,3766962.663396326,42.25658384133578,89144.98809322697
2026-01-01 06:15:00,price_volatile,static_first_step,1037.7017341720036,0.21264436557561073,109.57216032014401,46.97875527038396,26.433122884752272,0.719815494688964,6.9911478071833315,163.1157074056356,0.2749993690833913,0.029998975419651075,45.86126485072822,35.30969120846575,0.8640025977384791,0.9156199969970654,0.9597505275140421,1.0391444800861986,0.4666959366387991,0.4022939205169678,0.6531710028648376,0.0,0.0,391.0908001299016,0.1860901297861769,0.6889636741402866,0.12154867669568496,0.18059030800358378,0.005349357261377095,0.39392767376908006,0.0009983266019415482,2.597267258832253e-06,0.002474209324590054,649.6356522831724,71181.98184165309,5077.074125978765,1015.4148251957529,1942.9043072333282,26549.632149464273,0.25143033266067505,666.2232055664062,0.0,0.0,0.0,624.7865639857255,0.0,0.0,107058.26844941,16.362580735120588,107074.63103014512,9.711309398736736,6.9903509789292695,1.7475877447323174,187122.3129600163,3954084.9763563424,44.0041715860681,89857.04840784281
2026-01-01 06:30:00,price_volatile,static_first_step,1059.3301372816838,0.21024499389525392,120.52937635215842,44.16002995416092,26.45376291859636,0.722040735100774,6.9705050567337965,163.1157074056356,0.2749993690833913,0.029998975419651075,45.86126485072822,35.30969120846575,0.8616927767413357,0.9142516655427788,0.9583896734795697,1.0414279023457205,0.47416417733365906,0.41024842858314514,0.6560751795768738,0.0,0.0,391.0908001299016,0.18398741629145499,0.6910520426239691,0.12070957718330136,0.17352575041470028,0.005312428491837093,0.39120823224194917,0.000972227303129798,2.5980596743658295e-06,0.002409525955079807,637.0629408159106,76784.79895361372,5112.366855212462,1022.4733710424923,1976.2639962771796,26210.778210275814,0.0,652.7177124023438,0.0,0.0,0.0,624.7865639857255,0.0,0.0,112384.18566280973,15.520821768300003,112399.70648457803,9.801856951399689,6.9705050567337965,1.7426262641834491,195870.6806065364,4149955.6569628785,45.746797850251546,90715.76267583632
2026-01-01 06:45:00,price_volatile,static_first_step,1072.4091414426862,0.21468501627360861,132.58231398737428,46.59662997103633,26.48136952449778,0.7216033508923324,7.072754149848019,163.1157074056356,0.2749993690833913,0.029998975419651075,45.86126485072822,35.30969120846575,0.8641011377904257,0.9156665757473614,0.9595223396868736,1.0399114121120585,0.4652931351526687,0.4048181474208832,0.6552320122718811,0.0,0.0,391.0908001299016,0.18786803044462735,0.6871522423641043,0.1230971476297882,0.18098295536328515,0.005417505467186979,0.39894612044865607,0.0010047789404272606,2.596586087918123e-06,0.0024902005202726224,645.6063714143154,85595.98664710214,5013.208294269897,1002.6416588539794,1914.8070914931711,26308.847955452256,0.0,660.7728881835938,0.0,0.0,0.0,624.7865639857255,0.0,0.0,121121.05109934075,16.227436448072957,121137.27853578882,10.132429956973773,7.072754149848019,1.7681885374620048,214193.54736632394,4364149.204329203,47.51498638771355,91847.84709225313
2026-01-01 07:00:00,price_volatile,static_first_step,1064.0028421822003,0.2096850162736086,145.84054538611173,46.90103940100793,25.935074683939927,0.7206618764320826,6.952754149848019,163.1157074056356,0.2749993690833913,0.029998975419651075,45.86126485072822,35.30969120846575,0.863288673595703,0.9151209138596277,0.9590675880734263,1.040583159527396,0.4678131931161938,0.4082234501838684,0.6559618711471558,0.0,0.0,391.0908001299016,0.18357219770781624,0.6918278969032904,0.12041636229901476,0.17456023016469077,0.00529952410477964,0.3902579507545524,0.000974275093798933,2.598304369452977e-06,0.002414601110603589,639.9583135612506,93331.86947414909,5124.815512747551,1024.9631025495103,1964.1514525425719,26223.94257849052,0.0,627.9136352539062,0.0,0.0,0.0,624.7865639857255,0.0,0.0,128922.44231971886,16.36377671327027,128938.80609643213,9.818870998770963,6.952754149848019,1.7381885374620047,224119.9547908544,4588269.159120057,49.25317492517556,93156.82016622205
2026-01-01 07:15:00,price_volatile,static_first_step,1067.2375107031075,0.21296124600226546,131.25649084750057,45.58907587089794,26.60477472545239,0.7196766093121293,6.916347181103613,163.1157074056356,0.2749993690833913,0.029998975419651075,45.86126485072822,35.30969120846575,0.8633768931960131,0.9156001314935615,0.95919317652295,1.040876747671169,0.468902598564202,0.4094804525375366,0.6560020446777344,0.0,0.0,391.0908001299016,0.18634209342447383,0.6885924252203814,0.12224079429598424,0.17628577403826012,0.005379817356966267,0.3961707609311323,0.0009865249488851934,2.5971427566174266e-06,0.0024449606198266812,638.3270069608843,83784.56294687375,5048.328138349581,1009.6656276699161,1937.6965142569288,26219.2746282717,0.0,608.1676635742188,0.0,0.0,0.0,624.7865639857255,0.0,0.0,119232.4820829818,15.912185915166413,119248.39426889697,10.002602924926952,6.916347181103613,1.7290867952759033,206190.82388820444,4794459.983008262,50.98226172045146,94041.72787189178
2026-01-01 07:30:00,price_volatile,static_first_step,1075.433646444091,0.20928635565783046,140.59146547857873,46.06841527728898,25.973243044521013,0.7156395754939101,6.989877235374551,163.1157074056356,0.2749993690833913,0.029998975419651075,45.86126485072822,35.30969120846575,0.86456360880315,0.916267936922121,0.9600618582835263,1.039611531131714,0.46519317632246426,0.4053945541381836,0.6541818380355835,0.0,0.0,391.0908001299016,0.18321836809497669,0.6921551785288368,0.11985812880225195,0.17579983596013818,0.005274956248587108,0.3884487692087071,0.0009765552069056634,2.5984317960012707e-06,0.0024202520439743124,644.4424413162676,90603.10724124704,5148.684095650804,1029.736819130161,1966.2847817262236,26431.348430801754,0.0,566.558349609375,0.0,0.0,0.0,624.7865639857255,0.0,0.0,126370.50628215108,15.973186715410046,126386.47946886648,9.905488634994365,6.989877235374551,1.7474693088436377,220856.49392464073,5015316.476932902,52.729731029295095,95113.63663407536
2026-01-01 07:45:00,price_volatile,static_first_step,1065.5456651822506,0.21280337793928647,129.88083654996518,44.97385832042282,25.722615473236967,0.7177013199816382,6.985640009280339,163.1157074056356,0.2749993690833913,0.029998975419651075,45.86126485072822,35.30969120846575,0.864671243648528,0.9161605764187624,0.9598810954212634,1.0397850822230061,0.46369684596899713,0.4049731492996216,0.6551405787467957,0.0,0.0,391.0908001299016,0.18633376330292103,0.6892141366570391,0.12207480953034412,0.17936445808891824,0.005372512367430445,0.39563282012924744,0.0009954525204115018,2.59729566974145e-06,0.002467086325656195,644.974995822064,83769.89201117997,5055.192335526232,1011.0384671052464,1926.6468326837569,26319.49786356376,0.0,587.076904296875,0.0,0.0,0.0,624.7865639857255,0.0,0.0,119294.13097834156,15.593301350893583,119309.72427969245,9.979343060740256,6.985640009280339,1.7464100023200848,208363.69585610638,5223680.172789008,54.476141031615185,95889.32097369837
2026-01-01 08:00:00,price_volatile,static_first_step,1022.9277635242653,0.21195214849379374,138.72061683449274,42.76522464462142,25.563716494985197,0.7173658612028719,7.016917103621704,163.1157074056356,0.2749993690833913,0.029998975419651075,45.86126485072822,35.30969120846575,0.8650846812065367,0.9164373191672258,0.9600648901609854,1.03965203639602,0.4621831023237753,0.4047670364379883,0.6552212834358215,0.0,0.0,391.0908001299016,0.1856117128568689,0.6900467638626102,0.12161674471879881,0.17884434467485522,0.005352352935074336,0.3941482757429743,0.0009920969549698229,2.5975957325113056e-06,0.0024587700378913215,645.2236297727799,89505.8199182704,5074.232523864212,1014.8465047728425,1929.9093088327058,26310.0974648017,0.0,579.2922973632812,0.0,0.0,0.0,624.7865639857255,0.0,0.0,125038.98458189085,14.801281644142394,125053.785863535,9.541884555620783,6.845022231741286,1.7112555579353215,213998.9860998278,5437679.158888836,56.1873965895505,96777.56025272247
2026-01-01 08:15:00,price_volatile,static_first_step,1074.0741517004785,0.20944664703713864,136.89035875763224,45.33113812329871,25.2612488974556,0.7181394692277038,6.974756537370736,163.1157074056356,0.2749993690833913,0.029998975419651075,45.86126485072822,35.30969120846575,0.8637898158012884,0.9157011122061528,0.9592283699276193,1.0406128641921153,0.4666768982276741,0.4100894033908844,0.656372606754303,0.0,0.0,391.0908001299016,0.1834620637310419,0.6924069754140957,0.12041947301166804,0.1732225367665459,0.00529966100724351,0.3902680322777132,0.0009693478430831142,2.598459779854221e-06,0.0024023896262637323,636.7078808464732,87159.17023288549,5124.683126945965,1024.936625389193,1961.0726753355125,26176.244233050813,0.0,572.2717895507812,0.0,0.0,0.0,624.7865639857255,0.0,0.0,122643.16524714348,15.769423784833819,122658.93467092831,9.900543720986095,6.974756537370736,1.743689134342684,213879.0516157468,5651558.210504583,57.93108572389319,97556.57329539131
2026-01-01 08:30:00,price_volatile,static_first_step,1058.3237816233911,0.20972517374710917,139.68712417118286,43.297965871355316,25.599791410464707,0.7259015691196327,6.962816839117044,163.1157074056356,0.2749993690833913,0.029998975419651075,45.86126485072822,35.30969120846575,0.8646954628329853,0.916098084041811,0.9599155608378351,1.0399028830956536,0.4632295594822875,0.4053604304790497,0.6554026007652283,0.0,0.0,391.0908001299016,0.1836560562837658,0.6919773136873636,0.12036865693466525,0.1765736302174123,0.005297424591694618,0.3901033422165133,0.0009805062822647549,2.598329254753583e-06,0.0024300442176743925,644.303428980393,90000.89308790307,5126.846616171695,1025.369323234339,1952.7101140261218,26288.986253062638,0.0,745.5151977539062,0.0,0.0,0.0,624.7865639857255,0.0,0.0,125765.10715613748,15.093919350756524,125780.20107548824,9.768333686583002,6.962816839117044,1.740704209779261,218946.1255189843,5870504.336023567,59.67178993367245,98379.89345633614
2026-01-01 08:45:00,price_volatile,static_first_step,1033.8166512789055,0.20644110894920728,125.71841175406458,42.36818762815697,25.520170810559527,0.7226511265504209,7.013225901085154,163.1157074056356,0.2749993690833913,0.029998975419651075,45.86126485072822,35.30969120846575,0.8657527351195595,0.9168817814964926,0.9601898369942401,1.0396992086418657,0.45931953388119884,0.4071366786956787,0.6562236547470093,0.0,0.0,391.0908001299016,0.1807914141635951,0.6948973705889134,0.11863960254931459,0.17276033451701345,0.005221328908195335,0.38449964178671175,0.0009621444994152789,2.599426041188465e-06,0.0023845371719301268,641.4614279766216,80643.51192671516,5201.565314095748,1040.3130628191495,1970.5930328454015,26193.53499117044,0.0,661.8912963867188,0.0,0.0,0.0,624.7865639857255,0.0,0.0,116336.19618801832,14.677383235452275,116350.87357125377,9.392713483927022,6.787654980525191,1.6969137451312977,197437.39662109438,6067941.732644662,61.36870367880375,98876.81128810417
2026-01-01 09:00:00,price_volatile,static_first_step,1060.7201401590319,0.2034024113346516,138.29025292947105,43.82843760419316,25.113019837385878,0.7189808932374434,7.006843290209379,163.1157074056356,0.2749993690833913,0.029998975419651075,45.86126485072822,35.30969120846575,0.864634993349606,0.9163120955396273,0.959495869942104,1.0410770680312549,0.46301476409518205,0.4129924774169922,0.6584857106208801,0.0,0.0,391.0908001299016,0.17818797701047984,0.697784288580094,0.11733423666584286,0.16677320616143237,0.005163879755663745,0.38026907540069543,0.0009377625616875184,2.600478558770614e-06,0.002324110035599915,632.1744948196613,87423.57078417155,5259.433725691654,1051.8867451383308,2002.6223638000215,25931.79197898685,0.0,548.9503173828125,0.0,0.0,0.0,624.7865639857255,0.0,0.0,122843.04247915692,15.19971928677512,122858.2421984437,9.49529103776397,6.82693283188103,1.7067332079702575,209686.24183293668,6277627.974477598,63.07543688677401,99525.71530731521
2026-01-01 09:15:00,price_volatile,static_first_step,1033.6537559286344,0.20586774096459368,141.35736562710719,43.894138598016504,24.97046427232526,0.7201636512574249,7.006656029945899,163.1157074056356,0.2749993690833913,0.029998975419651075,45.86126485072822,35.30969120846575,0.8654457914382455,0.9167107793185365,0.9596246116763972,1.0407377025711528,0.4593167365153984,0.4119793474674225,0.6590366363525391,0.0,0.0,391.0908001299016,0.18036762624498093,0.6957039377347063,0.11886887370738418,0.16966228199418237,0.005231419131861978,0.38524268775328224,0.0009522561070890884,2.599678507084424e-06,0.0023600302095281595,633.6494766659024,89571.0207524871,5191.532671687835,1038.3065343375672,1966.7846530581135,25868.316330222122,0.0,560.4766235351562,0.0,0.0,0.0,624.7865639857255,0.0,0.0,124821.2241293136,15.178670845925275,124836.40280015953,9.365150361230926,6.744440878718855,1.6861102196797138,210487.9345494022,6488115.909027001,64.76154710645372,100184.69599501642
2026-01-01 09:30:00,price_volatile,static_first_step,1030.839054218076,0.20771719725753005,134.06883178602962,44.10372464539936,24.56110823078375,0.721157371919361,7.010034536846785,163.1157074056356,0.2749993690833913,0.029998975419651075,45.86126485072822,35.30969120846575,0.8654560821098594,0.9163455933879024,0.9594757844627853,1.0405215032687551,0.45788421118175643,0.40965360403060913,0.658760130405426,0.0,0.0,391.0908001299016,0.1820465640132002,0.6943102658605635,0.1199250182491955,0.17282235921616854,0.005277900053147095,0.3886655515295887,0.0009658566466456335,2.5991128538001905e-06,0.0023937371965250163,637.0323276621444,85406.17997959895,5145.812362657363,1029.1624725314725,1945.6305727456736,25900.16106352414,0.0,584.0123291015625,0.0,0.0,0.0,624.7865639857255,0.0,0.0,120635.74534414489,15.239989871812465,120650.9853340167,9.423553193286056,6.795864855012474,1.6989662137531185,204981.9477385174,6693097.856765518,66.46051332020684,100707.88686987961
2026-01-01 09:45:00,price_volatile,static_first_step,1035.2149104451114,0.205091345791398,136.99041106166882,45.10602269849958,24.89992760414408,0.7225881946835648,7.003603551991718,163.1157074056356,0.2749993690833913,0.029998975419651075,45.86126485072822,35.30969120846575,0.8633397486768397,0.9151083040576913,0.9582938895827083,1.0421841019290246,0.46522219165076695,0.4169342815876007,0.6607502102851868,0.0,0.0,391.0908001299016,0.17969716402041042,0.6964235412497491,0.11873493891413787,0.1660460150544261,0.005225524661611208,0.38480861785655796,0.0009398263813339082,2.599943741827277e-06,0.002329224916645295,626.0904796327702,85768.39216669058,5197.38879846377,1039.477759692754,1984.9635477798079,25671.561237066388,0.0,573.5902099609375,0.0,0.0,0.0,624.7865639857255,0.0,0.0,120860.16028363997,15.7183129490145,120875.87859658898,9.343922379518082,6.75180800347933,1.6879520008698325,204032.68113401133,6897130.53789953,68.14846532107667,101207.42272631067
2026-01-01 10:00:00,price_volatile,static_first_step,1044.0210394354394,0.20623736721821476,136.0510179787395,44.08741383037727,24.483635421616935,0.7149105265755832,7.0142242110579724,163.1157074056356,0.2749993690833913,0.029998975419651075,45.86126485072822,35.30969120846575,0.8650954124284677,0.9160246540547508,0.9590120068045666,1.0409212255766542,0.4583362355459436,0.4123609960079193,0.6598686575889587,0.0,0.0,391.0908001299016,0.1807605247485857,0.6956503141215008,0.11927820481092499,0.1699785445201072,0.005249433793728809,0.3865692908377638,0.0009542812627861752,2.5996117654441128e-06,0.002365049267519536,632.8168470358977,86095.37623333017,5173.716711085993,1034.7433422171985,1957.397296944992,25772.654792684054,0.0,454.4407653808594,0.0,0.0,0.0,624.7865639857255,0.0,0.0,121113.115705629,15.172476879849503,121128.28818250884,9.476063783222852,6.774537749127662,1.6936344372819154,205147.04019490504,7102277.578094435,69.84209975835859,101690.49330800577
2026-01-01 10:15:00,price_volatile,static_first_step,1036.945776804759,0.20337541520339386,129.42638333906547,43.01150274338371,23.923633041118194,0.7190236518209623,7.040099843532454,163.1157074056356,0.2749993690833913,0.029998975419651075,45.86126485072822,35.30969120846575,0.8630340619927683,0.914653232384784,0.9581710149841632,1.0412981140326176,0.4662388198509309,0.4139351546764374,0.6586567163467407,0.0,0.0,391.0908001299016,0.1783323617218312,0.6984690723930691,0.11745980779006053,0.166303972508573,0.005169406140840564,0.3806760394434178,0.0009357424785634923,2.6006227187204894e-06,0.0023191035492534707,630.1394322261572,81556.66771236368,5253.8110959759315,1050.7622191951864,2009.2895096925536,25912.077959709433,0.0,546.6248779296875,0.0,0.0,0.0,624.7865639857255,0.0,0.0,116954.01993885219,14.965400754612295,116968.98533960679,9.281237120426251,6.673429007745155,1.6683572519362888,195146.05494296245,7297423.633037397,71.51045701029487,102046.94443480953
2026-01-01 10:30:00,price_volatile,static_first_step,1031.0559190482395,0.2016333428572604,140.00316878628982,42.373063180971094,23.716042115489863,0.7210057770265527,7.037268724209529,163.1157074056356,0.2749993690833913,0.029998975419651075,45.86126485072822,35.30969120846575,0.863458355907129,0.9146947307615898,0.9582126842236116,1.0411351794343833,0.463630521807698,0.4131917357444763,0.6590694189071655,0.0,0.0,391.0908001299016,0.1768333898115347,0.7001129250620272,0.11654547946647247,0.16551601737465954,0.005129166551319453,0.3777127885108388,0.0009299753433177665,2.6012233136285704e-06,0.00230481053154424,631.1721535622261,88366.10154837837,5295.02855300492,1059.005710600984,2017.871159949181,25864.54258931842,0.0,575.417236328125,0.0,0.0,0.0,624.7865639857255,0.0,0.0,123802.7533615657,14.725577039467138,123817.47893860517,9.149470024256606,6.596820744220286,1.6492051860550716,204200.42838981224,7501624.0614272095,73.15966219634994,102537.7077506719
2026-01-01 10:45:00,price_volatile,static_first_step,1002.7457829690818,0.2015839179271025,137.31936611639142,42.144904942157964,23.30876411115411,0.7167893861488994,7.004102613734732,163.1157074056356,0.2749993690833913,0.029998975419651075,45.86126485072822,35.30969120846575,0.8649562668215566,0.9161078218316451,0.9581902536149989,1.042509925650598,0.4573881366007762,0.4228198528289795,0.6647903919219971,0.0,0.0,391.0908001299016,0.17684669137840034,0.7003840079625986,0.11756598127155522,0.16048619741625075,0.0051740788357611455,0.38102013757527886,0.000916459159079511,2.60128619085827e-06,0.002271312607107356,616.6069659254424,84672.07770383311,5249.066395092716,1049.8132790185434,1983.3168579324902,25211.676654115563,0.0,405.583984375,0.0,0.0,0.0,624.7865639857255,0.0,0.0,119196.32143835314,14.509782498957735,119210.83122085211,8.89606801333081,6.37660713041425,1.5941517826035625,190040.1590963738,7691664.220523583,74.7538139789535,102893.26806374222
2026-01-01 11:00:00,price_volatile,static_first_step,1017.6502586497593,0.2057978058353653,131.89443249465666,44.41672430775933,22.66542059008821,0.7207382761739306,6.993568815258365,163.1157074056356,0.2749993690833913,0.029998975419651075,45.86126485072822,35.30969120846575,0.8628350552327269,0.9144397705026341,0.9573083521747794,1.042518732575471,0.4648501514756036,0.42018231749534607,0.6625267863273621,0.0,0.0,391.0908001299016,0.1806365022820284,0.6970437917643164,0.11967652135032748,0.16514393110722922,0.005266963704627913,0.38786019676990674,0.0009382864826519822,2.5999642509553937e-06,0.0023254084985809705,620.1476085004952,81794.01688609133,5156.497151953118,1031.2994303906237,1968.3488120012776,25468.646750373697,0.0,508.28692626953125,0.0,0.0,0.0,624.7865639857255,0.0,0.0,116551.8825210653,15.451784307134806,116567.33430537244,9.217022676771528,6.643061035512338,1.6607652588780846,193590.97913439007,7885255.199657973,76.41457923783159,103190.45499309788
2026-01-01 11:15:00,price_volatile,static_first_step,976.2056479152141,0.2012279006698968,131.98810721564894,41.75172084929377,22.808462496173107,0.7256212057140493,6.972040290012964,163.1157074056356,0.2749993690833913,0.029998975419651075,45.86126485072822,35.30969120846575,0.8651451146423665,0.9160272166230183,0.9581400691741163,1.0422418351338356,0.4559430547315582,0.42195725440979004,0.6647320985794067,0.0,0.0,391.0908001299016,0.17660439128048488,0.7009758994076348,0.1173946076342154,0.160819847520538,0.00516653668198182,0.38046473195394387,0.0009166287297028981,2.6014610259444663e-06,0.0022717328635812844,617.6212907649602,81518.66514415306,5256.7290264426,1051.3458052885198,1982.2619906123543,25218.272303766535,0.0,556.122802734375,0.0,0.0,0.0,624.7865639857255,0.0,0.0,116208.18363698316,14.445484610585908,116222.62912159374,8.645316176822819,6.273224748005349,1.5683061870013373,182272.66832095725,8067527.8679789305,77.98288542483293,103452.54377327644
2026-01-01 11:30:00,price_volatile,static_first_step,1025.015930310975,0.20068899440417898,139.6792799447738,39.80334670190595,22.404498272675625,0.7264703207815377,7.002249901370811,163.1157074056356,0.2749993690833913,0.029998975419651075,45.86126485072822,35.30969120846575,0.8639671082790911,0.9156246218097603,0.9577519840217514,1.0437130022399306,0.46094127040047184,0.4265676438808441,0.6661986708641052,0.0,0.0,391.0908001299016,0.17618851867552962,0.7016742499169899,0.11737655696315341,0.15778860183132604,0.005165742271948381,0.38040623144982705,0.0009062905423635455,2.601685193721387e-06,0.0022461111487390288,610.7550880788158,85309.8309254559,5257.537428809933,1051.5074857619866,1996.2315504725045,25052.686513388842,0.0,544.9002075195312,0.0,0.0,0.0,624.7865639857255,0.0,0.0,119837.48067539441,13.84945606342606,119851.33013145784,9.05327141146746,6.57693298641109,1.6442332466027725,197063.5416517076,8264591.409630638,79.6271186714357,103791.16496394538
2026-01-01 11:45:00,price_volatile,static_first_step,1003.3171074040131,0.20439488784121246,141.24340965731864,42.19154750402031,22.303673516737526,0.7202740328625841,6.913404875582608,163.1157074056356,0.2749993690833913,0.029998975419651075,45.86126485072822,35.30969120846575,0.8621861610319773,0.9141403691421669,0.9569217683617468,1.0435819044332848,0.4669091238148611,0.42403727769851685,0.664348840713501,0.0,0.0,391.0908001299016,0.1794567414226557,0.6984765587184272,0.11922187812236382,0.16193707745212343,0.0052469548561652314,0.38638674140983736,0.0009259574589681193,2.600469888202851e-06,0.0022948527813413627,614.339326058836,86771.38109912923,5176.161047096116,1035.2322094192232,1981.3968925900722,25261.66516118359,0.0,469.1440124511719,0.0,0.0,0.0,624.7865639857255,0.0,0.0,121319.76698585512,14.703193223001929,121334.47017907813,9.025257784904941,6.500658822357914,1.6251647055894785,197188.49850643685,8461779.908137076,81.25228337702518,104142.05676993591
2026-01-01 12:00:00,price_volatile,static_first_step,996.6559576308088,0.2011459055896284,155.3677506230505,43.75982510437438,22.208472410565783,0.7190334832544801,6.983186768998907,163.1157074056356,0.2749993690833913,0.029998975419651075,45.86126485072822,35.30969120846575,0.8631496041423421,0.9147208799811629,0.9567004942272426,1.0440796494199847,0.4617537049959644,0.42953410744667053,0.6675095558166504,0.0,0.0,391.0908001299016,0.17661673434638736,0.701383173745754,0.11789335789334437,0.15657462814773493,0.005188486680886086,0.3820811339972363,0.0009038531178178753,2.6015564440402224e-06,0.002240070341525083,606.4436914483198,94221.79221986474,5234.490326901267,1046.8980653802532,1989.6922029165194,24905.29470971926,0.0,398.20721435546875,0.0,0.0,0.0,624.7865639857255,0.0,0.0,128421.16130312323,15.15718547354526,128436.31848859678,8.822828399645273,6.343909036353491,1.5859772590883727,203697.080363946,8665476.988501022,82.83826063611355,104607.18177758655
2026-01-01 12:15:00,price_volatile,static_first_step,1004.8271052990515,0.19742070925513241,170.90452568535557,41.212630291457366,21.54239506455804,0.7203953475826314,7.047599985724436,163.1157074056356,0.2749993690833913,0.029998975419651075,45.86126485072822,35.30969120846575,0.8626413705343909,0.9140963010515503,0.9566659469465791,1.043723884313192,0.46318305044768665,0.42649534344673157,0.667212724685669,0.0,0.0,391.0908001299016,0.17343775598029987,0.7050284594872069,0.11571987773098405,0.1556075422696949,0.005092831818940608,0.3750370919918638,0.000893036596731793,2.6028651856474312e-06,0.002213263145083796,610.4467450582217,104328.11142034456,5332.805854956311,1066.5611709912623,2031.0267670327364,24938.618749448364,0.0,424.25836181640625,0.0,0.0,0.0,624.7865639857255,0.0,0.0,138746.16888857537,14.309557067738996,138760.4784456431,8.730425648302566,6.289358019453246,1.5723395048633115,218178.58197381868,8883655.570474839,84.41060014097687,105243.36464422666
2026-01-01 12:30:00,price_volatile,static_first_step,965.9586354144014,0.20014465579244983,187.99497825389113,42.75990034707014,21.428878047392864,0.7151742962547198,7.004282890057579,163.1157074056356,0.2749993690833913,0.029998975419651075,45.86126485072822,35.30969120846575,0.8653010270252356,0.9158445832706986,0.9574451388098614,1.0429384174369285,0.45282900138639653,0.4266280233860016,0.6677714586257935,0.0,0.0,391.0908001299016,0.1758459983632175,0.7026997374934975,0.11742493882051463,0.15781469824806954,0.005167871557490849,0.3805630324372261,0.0009058311194633331,2.601976879372976e-06,0.0022449725349613075,610.1942736431095,114713.45920418526,5255.371198803709,1051.0742397607419,1973.2399036044583,24875.916534221116,0.0,337.0546569824219,0.0,0.0,0.0,624.7865639857255,0.0,0.0,148830.90230154342,14.636017952135772,148845.53831949556,8.508517492755384,6.085073010052305,1.5212682525130763,226433.99197366714,9110089.562448507,85.93186839348994,106015.262239296
2026-01-01 12:45:00,price_volatile,static_first_step,994.9516585590499,0.198228636601796,206.79447607928026,40.19430632624593,21.250891437950383,0.7210283226241893,7.064831276713432,163.1157074056356,0.2749993690833913,0.029998975419651075,45.86126485072822,35.30969120846575,0.8648309676071795,0.9151354036817239,0.9570032136076821,1.0435121213735195,0.4524473436330124,0.42777019739151,0.669156551361084,0.0,0.0,391.0908001299016,0.1741865630196514,0.7044838841387284,0.11655807980367006,0.1559201819228992,0.005129721092159519,0.3777536250024888,0.000896615981495308,2.602631510450239e-06,0.002222134136942533,608.4839105032626,125831.11147519384,5294.4561418486,1058.89122836972,1986.8644208864653,24720.9302491301,0.0,403.6022033691406,0.0,0.0,0.0,624.7865639857255,0.0,0.0,159920.6422827836,13.81131234326376,159934.45359512686,8.680000352585278,6.258526094601934,1.5646315236504835,250238.4878127509,9360328.050261257,87.49649991714043,106979.45699685735
2026-01-01 13:00:00,price_volatile,static_first_step,978.6872917976294,0.198803657799284,201.73661267762606,39.52708235592074,20.55251726808659,0.7188845235419795,6.984890946058449,163.1157074056356,0.2749993690833913,0.029998975419651075,45.86126485072822,35.30969120846575,0.8665326349481708,0.9164618284500414,0.9577523772511274,1.043130446253799,0.4467784428880256,0.42790916562080383,0.6694858074188232,0.0,0.0,391.0908001299016,0.17478905675660453,0.7043710680233437,0.1170187927906699,0.15644764747202622,0.005149997070717382,0.379246751872956,0.0008993664668227634,2.6025208029469417e-06,0.0022289508204117537,607.9459395889198,122644.95454378537,5273.6114155830155,1054.7222831166032,1963.496264439984,24684.182167764062,0.0,366.0350341796875,0.0,0.0,0.0,624.7865639857255,0.0,0.0,156611.78827285444,13.482434260799526,156625.27070711524,8.562876657980445,6.1557195064210095,1.5389298766052524,241035.30852256512,9601363.358783823,89.03542979374568,107837.5583857548
2026-01-01 13:15:00,price_volatile,static_first_step,992.7371877330988,0.19662738430612078,209.33674416931785,41.79344339261772,20.70119708544963,0.7265431655109943,6.990232250086251,163.1157074056356,0.2749993690833913,0.029998975419651075,45.86126485072822,35.30969120846575,0.8650146107995608,0.9153084247931641,0.9566552293464462,1.043277357296612,0.45164921965302784,0.4295952320098877,0.6697362065315247,0.0,0.0,391.0908001299016,0.1728554442126073,0.7062003853132638,0.1157675494852732,0.15371297743688933,0.005094929852846874,0.3751915916029014,0.0008863628899505112,2.603223887310999e-06,0.0021967233198244927,605.639237984432,126782.54622084767,5330.609866429997,1066.1219732859993,1998.2195902530757,24656.259453170966,0.0,484.05499267578125,0.0,0.0,0.0,624.7865639857255,0.0,0.0,160942.5986606492,14.406744015193418,160957.0054046644,8.590721920369713,6.241530298050099,1.5603825745125248,251154.5064791566,9852517.86526298,90.59581236825821,108752.46446506811
2026-01-01 13:30:00,price_volatile,static_first_step,955.7383578181968,0.19473447707356842,214.90189328590836,39.92661648103229,20.00119708544963,0.7183450318114831,7.020057997079955,163.1157074056356,0.2749993690833913,0.029998975419651075,45.86126485072822,35.30969120846575,0.8664787323994487,0.9162930605239377,0.9573912737956072,1.0434094036178563,0.4458881620965622,0.43006235361099243,0.6711326837539673,0.0,0.0,391.0908001299016,0.17128647687356371,0.7082606016484763,0.11495595291491667,0.15234471162755256,0.005059211487785483,0.37256128448898723,0.0008787019361678617,2.603930092620064e-06,0.0021777367444418263,604.6480994296825,129940.02133916493,5368.244321852287,1073.6488643704572,1996.2452341244514,24500.916451164314,0.0,334.35107421875,0.0,0.0,0.0,624.7865639857255,0.0,0.0,163838.2138488809,13.600886703464797,163851.81473558437,8.190930362563902,5.8839141318616095,1.4709785329654024,241022.5020634688,10093540.367326448,92.0667909012236,109632.80319127862
2026-01-01 13:45:00,price_volatile,static_first_step,1002.4879732233429,0.1944605272475818,200.52380571446858,42.32221346989423,19.954740871737876,0.7170863470039114,6.95849420358656,163.1157074056356,0.2749993690833913,0.029998975419651075,45.86126485072822,35.30969120846575,0.8663340074541285,0.9161567452569127,0.9570911233370074,1.043984735919165,0.4455672114735275,0.43264415860176086,0.6722984313964844,0.0,0.0,391.0908001299016,0.17105160362257749,0.7085280965691715,0.11499772480331205,0.1508043805623682,0.0050610498685937635,0.3726966631971054,0.0008737432911609178,2.6040261135630217e-06,0.002165447453853303,601.0205095989226,120518.91989722525,5366.294355424036,1073.2588710848072,1994.624511943423,24371.733838707656,0.0,300.89398193359375,0.0,0.0,0.0,624.7865639857255,0.0,0.0,154250.51202030448,14.437177484375281,154264.94919778887,8.579500396022645,6.1522425981024895,1.5380606495256224,237268.84796218827,10330809.215288635,93.60485155074923,110366.17273718593
2026-01-01 14:00:00,price_volatile,static_first_step,965.4734565448367,0.1959165867301128,212.76787459252813,42.14576424794982,19.929490341144184,0.7259708957496481,6.963959870758068,163.1157074056356,0.2749993690833913,0.029998975419651075,45.86126485072822,35.30969120846575,0.8665463402800568,0.9162781367549482,0.9578453683222061,1.0420307279933612,0.44701729441225274,0.42372092604637146,0.6683995127677917,0.0,0.0,391.0908001299016,0.1723366258450363,0.7072608063476762,0.1151897167468675,0.15666306708599945,0.0050694994340296385,0.37331889078331393,0.0008936150348375659,2.603546954152741e-06,0.002214696720981922,613.6533484728767,130565.718691162,5357.350108384585,1071.470021676917,1995.3396535218603,24805.560214958547,0.0,497.17010498046875,0.0,0.0,0.0,624.7865639857255,0.0,0.0,164917.39535867007,14.513271972980279,164931.90863064304,8.324591146772534,6.043410891572047,1.5108527228930118,249187.82324654848,10579997.038535185,95.11570427364224,111232.91489381355
2026-01-01 14:15:00,price_volatile,static_first_step,973.1034698135888,0.19695939307742383,206.52790028693855,41.721728312523226,19.582894418450124,0.7182714131738415,6.963454581929328,163.1157074056356,0.2749993690833913,0.029998975419651075,45.86126485072822,35.30969120846575,0.8681519988157997,0.9174396102995118,0.9580902837398146,1.0428388170900411,0.4398408712590263,0.4290241301059723,0.6710720658302307,0.0,0.0,391.0908001299016,0.1733010913630058,0.7065398075668494,0.11629752139160586,0.1547770329203292,0.0051182539164445736,0.37690918002837864,0.0008908103240048084,2.603241737340799e-06,0.0022077456473736544,605.9017906774823,125135.62460871656,5306.318089279263,1061.2636178558525,1956.5310297134808,24507.646117174416,0.0,334.16705322265625,0.0,0.0,0.0,624.7865639857255,0.0,0.0,158926.33707994796,14.471359611351026,158940.8084395593,8.435038846593025,6.0586472725186225,1.5146618181296556,240741.5738860602,10820738.612421244,96.63036609177189,111980.72666044296
2026-01-01 14:30:00,price_volatile,static_first_step,925.1847137422158,0.19541296868173688,207.14899247749122,42.959209026050715,19.33855602856855,0.7222994755087109,7.019971596395038,163.1157074056356,0.2749993690833913,0.029998975419651075,45.86126485072822,35.30969120846575,0.8682746573867892,0.9176142184967938,0.9578714135462192,1.0434972880260416,0.4388570732045791,0.43277665972709656,0.6729611754417419,0.0,0.0,391.0908001299016,0.17197379328838214,0.7080388224622078,0.1157316860765248,0.15168495949865643,0.005093351504227857,0.37507536171405564,0.0008786181569947586,2.6037812587950386e-06,0.0021775291097750797,600.5379847610449,124400.83848771342,5332.261737641755,1066.4523475283509,1963.3690487358022,24298.491242350254,0.0,365.139892578125,0.0,0.0,0.0,624.7865639857255,0.0,0.0,158051.33932053344,15.138985237756252,158066.4783057712,7.956703956533403,5.747123094582162,1.4367807736455405,227106.87698759197,11047845.489408838,98.06714686541743,112655.92854017016
2026-01-01 14:45:00,price_volatile,static_first_step,942.1440317638595,0.1909247742635789,213.89386410220962,40.38165648448767,19.15593514484325,0.7202971721815618,6.9590488130459,163.1157074056356,0.2749993690833913,0.029998975419651075,45.86126485072822,35.30969120846575,0.8684352217510162,0.9171219235698869,0.9579966994043891,1.0424010606478658,0.43693868592143215,0.42695093154907227,0.6718102693557739,0.0,0.0,391.0908001299016,0.16804805621890964,0.7120929461261158,0.11289640991313993,0.15152837891101562,0.004968571000277288,0.36588650195928074,0.0008686614487347722,2.6052869619013272e-06,0.0021528528361275867,608.6497650240862,130186.4501259037,5466.175956998213,1093.2351913996426,2007.2241786061354,24425.775074779707,0.0,352.6467590332031,0.0,0.0,0.0,624.7865639857255,0.0,0.0,164156.29385070634,14.330809038381688,164170.62465974473,7.916458796250774,5.702202884631283,1.4255507211578207,234033.552376629,11281879.041785466,99.49269758657526,113394.04112516245
2026-01-01 15:00:00,price_volatile,static_first_step,972.4956784918429,0.19184732260442158,223.15005848379909,39.92429571333369,18.460965106891756,0.7213757899630414,6.942197539316218,163.1157074056356,0.2749993690833913,0.029998975419651075,45.86126485072822,35.30969120846575,0.870440782239567,0.9189001438175156,0.9589852816888236,1.041702470719833,0.43139559479074935,0.4267291724681854,0.6720361113548279,0.0,0.0,391.0908001299016,0.16895410238624592,0.7116758222758068,0.11354325796509815,0.15253476506884509,0.00499703878304397,0.36798287483076764,0.0008736071930236406,2.6050608137916525e-06,0.0021651101541363005,608.6249356906326,135814.6899940631,5435.035532345857,1087.0071064691713,1980.1231753447228,24400.76382086042,0.0,365.1601867675781,0.0,0.0,0.0,624.7865639857255,0.0,0.0,169707.56637983656,14.65673210555893,169722.22311194212,8.210976162094969,5.92319941529896,1.48079985382474,251324.6431749738,11533203.68496044,100.9734974404,114220.1070312332
2026-01-01 15:15:00,price_volatile,static_first_step,963.0195832680317,0.1899525290322456,212.75768085289994,38.695398067946066,18.441549593718708,0.7161618041736708,7.002338069847465,163.1157074056356,0.2749993690833913,0.029998975419651075,45.86126485072822,35.30969120846575,0.869804890443501,0.9177836194040184,0.9587719423747461,1.0410464858092763,0.43190952001587823,0.4212428331375122,0.6708496809005737,0.0,0.0,391.0908001299016,0.16728757236141223,0.713356019218345,0.11222481453728503,0.15418877332463574,0.004939014087785914,0.36370992537024094,0.0008746953696562222,2.60568992587197e-06,0.002167807043877492,616.5416921952256,131173.98058057867,5498.887603807036,1099.7775207614072,2004.855655435396,24532.345208658564,0.0,307.9780578613281,0.0,0.0,0.0,624.7865639857255,0.0,0.0,165242.61119108813,14.177134472756,165256.7883255609,8.050661515424537,5.765576275677975,1.4413940689194937,238200.1545411477,11771403.839501588,102.41489150931949,114938.40071519697
2026-01-01 15:30:00,price_volatile,static_first_step,968.6260809748084,0.1949525290322456,213.45646184010297,38.55973862241734,18.392229442325995,0.7215673048500373,7.058763231014548,163.1157074056356,0.2749993690833913,0.029998975419651075,45.86126485072822,35.30969120846575,0.8710620404434085,0.9191723221460223,0.9595572313978589,1.0407037056533266,0.4295712811210736,0.4215936064720154,0.6696138978004456,0.0,0.0,391.0908001299016,0.17169821059912382,0.7089801002012948,0.11497150804464108,0.15773544547571,0.005059896069044654,0.37261169718153225,0.0008953225981500565,2.6040415483569963e-06,0.0022189286717902807,615.9919628699369,131487.4649161568,5367.518022456558,1073.5036044913118,1950.4329516844182,24669.89583734821,0.0,404.8739013671875,0.0,0.0,0.0,624.7865639857255,0.0,0.0,165578.47579749022,14.18601932276548,165592.661816813,8.310676944637517,5.996712764421436,1.499178191105359,248252.90720285114,12019656.746704439,103.91406970042485,115669.19456966757
2026-01-01 15:45:00,price_volatile,static_first_step,945.7235926899947,0.19349522941273492,223.87550659943363,40.39475761404857,18.634671688839813,0.7203656702697833,7.03244444071709,163.1157074056356,0.2749993690833913,0.029998975419651075,45.86126485072822,35.30969120846575,0.8711935703152931,0.9190944894875825,0.9595372887405907,1.0407488818451238,0.4283028879416106,0.4213864803314209,0.6702139377593994,0.0,0.0,391.0908001299016,0.1703814453215861,0.7101262231261567,0.11419201939011803,0.15679916025168228,0.0050255907733590946,0.3700854487619429,0.000889861972803169,2.6044960341038924e-06,0.002205395294912327,616.4174329854947,138000.76508635006,5404.1573552558075,1080.8314710511615,1960.182454852232,24603.044166994834,0.0,377.2790222167969,0.0,0.0,0.0,624.7865639857255,0.0,0.0,172051.0461207066,14.635182043265335,172065.68130274987,8.053522085293087,5.801480835004657,1.4503702087511643,249558.93810998063,12269215.68481442,105.36443990917601,116445.50756773789
2026-01-01 16:00:00,price_volatile,static_first_step,959.7514389007775,0.18979361666008163,224.3701644779233,40.03214089422715,18.07955874084011,0.7178295074368827,7.02300815785194,163.1157074056356,0.2749993690833913,0.029998975419651075,45.86126485072822,35.30969120846575,0.8752533766771304,0.9218191967517817,0.961187515490257,1.0397930098050532,0.4130025416062621,0.4201793074607849,0.6718325018882751,0.0,0.0,391.0908001299016,0.16719541378002575,0.7137030671697302,0.1123273131440801,0.1550045405421311,0.004943525051470965,0.3640421135835314,0.0008774562748013902,2.605783916367862e-06,0.0021746495513707293,617.9217417295268,138643.2028263388,5493.8698721215105,1098.7739744243022,1949.0125367259436,24423.31214918646,0.0,317.35894775390625,0.0,0.0,0.0,624.7865639857255,0.0,0.0,172550.31687053663,14.708492778062917,172565.0253633147,8.016628201049459,5.754572272863956,1.438643068215989,248259.477555449,12517475.162369868,106.803082977392,117201.44038369715
2026-01-01 16:15:00,price_volatile,static_first_step,946.4378719517506,0.1884100190498051,232.23596870043778,37.630212440573516,18.15114159100475,0.7203000514235784,7.048175834028366,163.1157074056356,0.2749993690833913,0.029998975419651075,45.86126485072822,35.30969120846575,0.8742006633469093,0.9207726998729514,0.9605176219834285,1.0397646314945896,0.4156545330105673,0.419375479221344,0.6721179485321045,0.0,0.0,391.0908001299016,0.16596696318565138,0.7148811022802605,0.11154937482044332,0.15443988861374092,0.004909287985847711,0.3615208896385493,0.0008730994954499221,2.6062334235631176e-06,0.0021638518985028004,619.1442906056019,143787.57409413732,5532.1837750499335,1106.4367550099867,1970.2339055514399,24391.704773245892,0.0,348.2276306152344,0.0,0.0,0.0,624.7865639857255,0.0,0.0,177761.14749759552,13.830279677946086,177774.97777727345,7.847791793065837,5.652764832106859,1.4131912080267148,251230.03560198745,12768705.197971856,108.21627418541871,117992.46734454972
2026-01-01 16:30:00,price_volatile,static_first_step,916.3309089136184,0.19064026663626685,230.73260908091336,37.336640940234695,17.895678838166752,0.7214591244054331,7.023536420711115,163.1157074056356,0.2749993690833913,0.029998975419651075,45.86126485072822,35.30969120846575,0.8740671984888455,0.92142816291457,0.9604846474440986,1.0414425372599938,0.4176106879167704,0.427340030670166,0.6749852299690247,0.0,0.0,391.0908001299016,0.1679661580269809,0.7130618551792102,0.11337467580285523,0.15192851993347223,0.004989619482083659,0.36743651611410655,0.0008706696363027577,2.6055247646978666e-06,0.0021578298410441865,607.482196387019,140165.9521425807,5443.117143476575,1088.623428695315,1944.0504253301062,24075.69496342093,0.0,323.9737854003906,0.0,0.0,0.0,624.7865639857255,0.0,0.0,173666.19845288977,13.949527055436228,173680.1479799452,7.688087922991201,5.546641181273217,1.3866602953183043,240835.3652887976,13009540.563260654,109.60293448073702,118697.00957274198
2026-01-01 16:45:00,price_volatile,static_first_step,954.6237223130045,0.19403671762729957,240.0694948099832,38.64294560875727,17.651060989657,0.7212285192340008,6.916647835280285,163.1157074056356,0.2749993690833913,0.029998975419651075,45.86126485072822,35.30969120846575,0.8745723158007557,0.9212134066465092,0.9608273931981894,1.0390901836096589,0.4156456401983287,0.4175083041191101,0.6694837212562561,0.0,0.0,391.0908001299016,0.1709921420905618,0.7102082486354665,0.11447645559236781,0.15971319396178585,0.005038108810620108,0.3710072793777422,0.0008996570979458058,2.604429356370616e-06,0.00222967110797421,621.6484702899653,149238.83421191084,5390.729808197898,1078.1459616395796,1919.8315111253128,24684.414889397525,0.0,401.6289367675781,0.0,0.0,0.0,624.7865639857255,0.0,0.0,183338.3718830245,14.597831939749637,183352.96971496425,8.152062680994351,5.879500096116314,1.4698750240290785,269505.950765586,13279046.51402624,111.0728095047661,119552.6301462325
2026-01-01 17:00:00,price_volatile,static_first_step,948.9855812091585,0.18903671762729957,239.47873355576232,39.13731883605391,17.701847787485047,0.7215499794752017,6.992258909700603,163.1157074056356,0.2749993690833913,0.029998975419651075,45.86126485072822,35.30969120846575,0.8762408161391543,0.9220878394243264,0.9619662815076673,1.0381481326978867,0.40938981272684877,0.41218581795692444,0.6687086224555969,0.0,0.0,391.0908001299016,0.1665788047740375,0.7145857919185988,0.11139268307074643,0.15885602888796582,0.004902391981943551,0.36101306661542054,0.0008867623144018142,2.606077314210918e-06,0.002197713236050266,629.7092601196731,150801.97612179542,5539.96568254566,1107.993136509132,1954.9580624674716,24770.98144239954,0.0,418.83148193359375,0.0,0.0,0.0,624.7865639857255,0.0,0.0,185219.4924916365,14.662286682520238,185234.15477831903,7.89509118247971,5.696702880673081,1.4241757201682703,263805.98578117334,13542852.499807412,112.49698522493436,120384.13716357716
2026-01-01 17:15:00,price_volatile,static_first_step,937.439047383671,0.18708788291824047,251.26912039950122,39.412112749847545,17.865484340489246,0.7239814390380274,7.055251372651693,163.1157074056356,0.2749993690833913,0.029998975419651075,45.86126485072822,35.30969120846575,0.8775241479631672,0.9232845871337865,0.9621840893606872,1.0396112928531,0.40400376748904704,0.41982895135879517,0.6736894845962524,0.0,0.0,391.0908001299016,0.16483950992586766,0.7162097771168521,0.11105064448305661,0.15346337753385345,0.004887338863699322,0.35990455215972433,0.0008680587724306718,2.606703373934871e-06,0.0021513591893306226,618.3374530424518,155369.10793604475,5557.02890668748,1111.405781337496,1945.4155663968338,24218.16896840153,0.0,379.3921203613281,0.0,0.0,0.0,624.7865639857255,0.0,0.0,189205.30584321514,14.585910239043733,189219.8917534542,7.718627251423135,5.588142864883455,1.3970357162208638,264346.9469990212,13807199.446806435,113.89402094115523,121228.48357369081
2026-01-01 17:30:00,price_volatile,static_first_step,933.1111696544083,0.1891424570577413,239.23435588990372,39.74938303038353,17.498944722274114,0.7257536241738964,7.073215144905479,163.1157074056356,0.2749993690833913,0.029998975419651075,45.86126485072822,35.30969120846575,0.8773831448677931,0.9229650471776732,0.9621801962697534,1.0383076852373143,0.4048707924177594,0.41479089856147766,0.6702542304992676,0.0,0.0,391.0908001299016,0.166698820378513,0.7146087977912465,0.11173058957793586,0.15763547726503496,0.004917263247324957,0.3621081893921318,0.0008837226699318084,2.606065538670581e-06,0.0021901799131111587,625.6546566335026,149678.08878923487,5523.211179944272,1104.6422359888543,1936.0667464918238,24598.559359715426,0.0,462.027099609375,0.0,0.0,0.0,624.7865639857255,0.0,0.0,183927.38197497037,15.031797169655938,183942.41377214002,7.767366240197502,5.637194199109309,1.4092985497773272,259229.77697161798,14066429.223778052,115.30331949093257,121995.0066128342
2026-01-01 17:45:00,price_volatile,static_first_step,956.9252859416847,0.18482133332524797,246.62537407920377,37.57560477847592,17.33729598515245,0.7217489768754664,7.0267820625753625,163.1157074056356,0.2749993690833913,0.029998975419651075,45.86126485072822,35.30969120846575,0.8804810160519639,0.9252195117862232,0.9634998640321024,1.0377557293195465,0.3937751480462223,0.41516512632369995,0.6723269820213318,0.0,0.0,391.0908001299016,0.1629111363555927,0.7185104573423396,0.10952955264362131,0.15429210697771753,0.004820395611845774,0.3549748385158804,0.0008654209360726847,2.607513091366041e-06,0.00214482169017856,625.0213430488463,154146.12253690808,5634.202154614197,1126.8404309228395,1942.4648711748735,24368.575614318554,0.0,366.3796081542969,0.0,0.0,0.0,624.7865639857255,0.0,0.0,188209.37178007854,14.147689641157042,188223.5194697197,7.783617720649403,5.617818126268456,1.404454531567114,264351.37486675876,14330780.59864481,116.70777402249968,122791.99666580933
2026-01-01 18:00:00,price_volatile,static_first_step,946.9674211869713,0.18919656300992374,271.2879114871242,38.093567870561884,17.65491178943297,0.7192997172269828,7.003743813815608,163.1157074056356,0.2749993690833913,0.029998975419651075,45.86126485072822,35.30969120846575,0.879360968203134,0.9237463408925833,0.9631956282393324,1.036054677282352,0.39708748652708215,0.4055083394050598,0.6670156717300415,0.0,0.0,391.0908001299016,0.16672537456326342,0.7144723020552376,0.11120843770875792,0.16303607689707486,0.0048942833435624365,0.3604159449615782,0.0008998398898733613,2.606030000626639e-06,0.002230124131554608,640.0467303448905,173636.9407294279,5549.144059686949,1109.82881193739,1922.6979152158183,24960.75747413067,0.0,410.04345703125,0.0,0.0,0.0,624.7865639857255,0.0,0.0,208214.1990114157,14.121564218451693,208228.32057563416,7.884962810135325,5.671651519675615,1.4179128799189038,295249.61770807416,14626030.216352886,118.12568690241858,123817.52521308236
2026-01-01 18:15:00,price_volatile,static_first_step,932.4359487577577,0.1911137448495973,298.4167026358366,35.80795379832817,17.78414430100529,0.7193079976251489,7.032786395810408,163.1157074056356,0.2749993690833913,0.029998975419651075,45.86126485072822,35.30969120846575,0.8809809938770334,0.9255712453465692,0.9641438880801501,1.0367125767601777,0.39321016001483083,0.4095953106880188,0.6680465936660767,0.0,0.0,391.0908001299016,0.16839760795895906,0.7127089931373033,0.112497448378498,0.16215766959521638,0.004951012703137697,0.36459350565905513,0.0009012802960043276,2.605381159062155e-06,0.0022336939715984394,633.7248229586228,189114.07204579152,5485.561231774309,1097.1122463548618,1889.6073455013104,24845.078882315986,0.0,394.1600341796875,0.0,0.0,0.0,624.7865639857255,0.0,0.0,223450.3783499034,13.133199760286756,223463.51154966367,7.842640357237216,5.641273931458484,1.410318482864621,315154.72058432235,14941184.936937207,119.5360053852832,124993.17581158444
2026-01-01 18:30:00,price_volatile,static_first_step,934.1864783620211,0.19004141261527677,300.0,37.95643102622786,17.17189520010616,0.7245964473845207,6.9743834095251955,163.1157074056356,0.2749993690833913,0.029998975419651075,45.86126485072822,35.30969120846575,0.8791184487433562,0.9244649476642894,0.9632904489574521,1.0377510074744438,0.40016295253759154,0.4133734107017517,0.669075608253479,0.0,0.0,391.0908001299016,0.16753504193597316,0.714003203307825,0.11209361008708335,0.1590743150506046,0.0049332397799325385,0.36328470425503706,0.0008894013710649378,2.6058054962595077e-06,0.00220425375955362,627.6323621466374,188289.70864399124,5505.3239967844565,1101.0647993568914,1916.3192462690718,24729.969801944302,0.0,462.3844299316406,0.0,0.0,0.0,624.7865639857255,0.0,0.0,222629.5574822633,14.528516347359183,222644.08599861065,7.813276532916345,5.661472418184029,1.4153681045460071,315123.33798823174,15256308.274925439,120.95137348982921,126135.88283235444
2026-01-01 18:45:00,price_volatile,static_first_step,944.6751985789566,0.18568715824774484,300.0,36.94798349451524,17.44213667030463,0.7209248569058124,6.994000643009951,163.1157074056356,0.2749993690833913,0.029998975419651075,45.86126485072822,35.30969120846575,0.8794638513822924,0.9244933788487273,0.9638321471335711,1.0364288295675785,0.39957291116152266,0.4073565602302551,0.6671692728996277,0.0,0.0,391.0908001299016,0.16366118790900785,0.7176864812058401,0.10918971573914212,0.1588548584722649,0.004805439389679644,0.3538734595055804,0.0008793472213900214,2.607214614582117e-06,0.0021793359913321545,637.0469335044177,191114.0800513253,5651.737778793386,1130.3475557586771,1965.54957407597,24943.499395126142,0.0,433.4493713378906,0.0,0.0,0.0,624.7865639857255,0.0,0.0,225863.45029040307,13.901272351902184,225877.35156275498,7.7199724765459345,5.5655200529706885,1.3913800132426721,314281.23240860575,15570589.507334044,122.34275350307188,127270.22289017784
2026-01-01 19:00:00,price_volatile,static_first_step,952.2513713467799,0.18913767688599015,300.0,39.16486250418616,17.858092949201467,0.7206081504847299,6.9863560200067685,163.1157074056356,0.2749993690833913,0.029998975419651075,45.86126485072822,35.30969120846575,0.8794757937714426,0.9244091652080274,0.9636604397643097,1.0366024813102201,0.39883884035692624,0.407850444316864,0.667137622833252,0.0,0.0,391.0908001299016,0.1666468011832127,0.7144076936949884,0.11117635079413409,0.1614146254897113,0.004892871198449841,0.3603119543301717,0.0008945597204070029,2.6060261846826177e-06,0.002217037988699482,636.4777671396315,190943.33014188946,5550.745613528273,1110.1491227056545,1928.3079165742322,24947.054833538114,0.0,428.864990234375,0.0,0.0,0.0,624.7865639857255,0.0,0.0,225533.2391824558,14.396367918996768,225547.6355503748,7.926492002395124,5.711894741677954,1.4279736854194884,322076.08837452036,15892665.595708566,123.77072718849136,128404.07386074016
2026-01-01 19:15:00,price_volatile,static_first_step,936.7900972441786,0.18947419400382506,300.0,36.814970753934986,17.956048118838847,0.7183474316901656,7.026610457960503,163.1157074056356,0.2749993690833913,0.029998975419651075,45.86126485072822,35.30969120846575,0.8826717667809205,0.926910508498301,0.9648189207648157,1.0368536542110032,0.3871437685639786,0.4114854633808136,0.6694015264511108,0.0,0.0,391.0908001299016,0.16692975991231623,0.7140557225912412,0.11174303609542194,0.15981707810042303,0.00491781101855952,0.3621485273687607,0.0008912465588950289,2.6059039077974436e-06,0.002208826792993731,630.9065647474526,189271.9694242358,5522.59597610757,1104.519195221514,1884.943518247265,24693.585276208214,0.0,359.355224609375,0.0,0.0,0.0,624.7865639857255,0.0,0.0,223461.75517861545,13.288960631564946,223475.044139247,7.8116671150349095,5.611491009303853,1.4028727523259632,313507.0502477916,16206172.645956356,125.17359994081733,129469.57388473857
2026-01-01 19:30:00,price_volatile,static_first_step,946.8582499109409,0.18590407357880462,300.0,37.24867217161688,18.060180880024433,0.7251068778939147,6.984757817762538,163.1157074056356,0.2749993690833913,0.029998975419651075,45.86126485072822,35.30969120846575,0.8807880870139997,0.9253979672841831,0.964330912491997,1.0364470887494286,0.3943206200005493,0.4078006446361542,0.6678111553192139,0.0,0.0,391.0908001299016,0.16377109524900127,0.7171410344347734,0.10936816432612856,0.1588220960504414,0.004813292911992918,0.35445179436425556,0.0008802601615400925,2.6070727222501106e-06,0.002181598582580055,636.6672198998942,191000.16596996828,5642.516223079639,1128.5032446159278,1946.9317288640684,24871.465685684736,0.0,492.4202575683594,0.0,0.0,0.0,624.7865639857255,0.0,0.0,225706.7896737667,13.524446013034146,225720.31411977974,7.746851701503838,5.617295450784608,1.404323862696152,316984.4234136779,16523157.069370035,126.57792380351349,130537.43159051084
2026-01-01 19:45:00,price_volatile,static_first_step,960.3220549118464,0.19078582063085686,300.0,35.2193537140431,18.102759809537567,0.7192154147342272,7.041631685580363,163.1157074056356,0.2749993690833913,0.029998975419651075,45.86126485072822,35.30969120846575,0.8783171058065251,0.9233769583789024,0.9632609956767513,1.0368140081925181,0.4023705979483115,0.406245619058609,0.6663186550140381,0.0,0.0,391.0908001299016,0.16806602437049764,0.7128161155373827,0.11198552731210654,0.16367413619156113,0.004928483057005809,0.36293441828501605,0.0009048072093275991,2.6054532342571447e-06,0.002242434920516848,639.110969165495,191733.2907496485,5510.637457452106,1102.1274914904213,1924.4948582356055,25039.171759263732,0.0,419.709716796875,0.0,0.0,0.0,624.7865639857255,0.0,0.0,226354.21859687296,12.804995102212768,226367.0235919752,8.063328736228929,5.799270321165301,1.4498175802913253,328190.8904018668,16851347.9597719,128.0277413838048,131622.62942102918
2026-01-01 20:00:00,price_volatile,static_first_step,925.2449731498052,0.18722319805844598,300.0,37.33251493688569,17.769041721178255,0.7222714746256801,7.032182360995916,163.1157074056356,0.2749993690833913,0.029998975419651075,45.86126485072822,35.30969120846575,0.880683294360125,0.9253715261417564,0.9644777888188304,1.0364360674447435,0.3951165323457379,0.4069094955921173,0.6671941876411438,0.0,0.0,391.0908001299016,0.16497164688677016,0.7161455966537108,0.11006812392844025,0.16042968553791176,0.004844098134090655,0.3567202967072412,0.0008876273741010874,2.606669521747948e-06,0.002199857162466838,637.9084652193474,191372.5395658042,5606.6335962974135,1121.3267192594826,1936.8709883267545,24940.70081271892,0.0,455.026611328125,0.0,0.0,0.0,624.7865639857255,0.0,0.0,226057.88485772064,13.756203739738181,226071.64106146037,7.6237344790953365,5.5064059443708295,1.3766014860927074,311210.55704862345,17162558.516820524,129.4043428698975,132627.3766103482
2026-01-01 20:15:00,price_volatile,static_first_step,921.2470540842414,0.19222319805844598,300.0,36.94704873964083,17.899849449286492,0.7223853377797246,6.975143301158447,163.1157074056356,0.2749993690833913,0.029998975419651075,45.86126485072822,35.30969120846575,0.8806529833543925,0.9252358487911768,0.9642198586354518,1.0358445892788408,0.39503463572618597,0.40551814436912537,0.6663931012153625,0.0,0.0,391.0908001299016,0.16935974999859565,0.7116653248424046,0.11286016902262265,0.16545084424832943,0.004966976038685623,0.3657690486880079,0.0009133616208371483,2.6050009507176198e-06,0.0022636358027553305,640.1485329863989,192044.55989591966,5467.931218275255,1093.5862436550508,1888.7219233918825,25030.788747378076,0.0,470.2697448730469,0.0,0.0,0.0,624.7865639857255,0.0,0.0,226620.64433747868,13.51750148879904,226634.16183896747,7.793513267821162,5.629919714465755,1.4074799286164388,318983.03392715636,17481541.55074768,130.81182279851396,133638.84988953976
2026-01-01 20:30:00,price_volatile,static_first_step,967.3094067884535,0.1913600974129737,300.0,37.154204695348454,18.59984944928649,0.7180177258380311,7.04598412705913,163.1157074056356,0.2749993690833913,0.029998975419651075,45.86126485072822,35.30969120846575,0.8774004944086712,0.9230998901970128,0.9630250066198051,1.0374098661585123,0.4069318715873864,0.4085897207260132,0.6665235757827759,0.0,0.0,391.0908001299016,0.16850534370896114,0.7120268302156427,0.11231278422740246,0.16256633908445323,0.004942885633847982,0.3639950267496406,0.0009026038111621794,2.605206519935674e-06,0.002236974114127372,635.6981254618534,190709.437638556,5494.580565727399,1098.9161131454798,1931.9196548653836,25016.101180335907,0.0,397.7467041015625,0.0,0.0,0.0,624.7865639857255,0.0,0.0,225273.48842071745,13.187275535862385,225286.6756962533,8.146445625930184,5.849292361993567,1.4623230904983917,329441.90785225405,17810983.458599936,132.27414588901235,134652.03905791725
2026-01-01 20:45:00,price_volatile,static_first_step,986.9281277498005,0.18667981104433487,300.0,37.45182393961121,18.438022294585686,0.7230242858775523,6.980848051882887,163.1157074056356,0.2749993690833913,0.029998975419651075,45.86126485072822,35.30969120846575,0.876666586262396,0.9228852888252533,0.9628805377480663,1.0378277669935432,0.41070944103556645,0.4105922281742096,0.6672321557998657,0.0,0.0,391.0908001299016,0.16440566622061487,0.7162404083319389,0.10969674709809402,0.15747039061199622,0.004827753839787118,0.35551669980395045,0.0008771669691045312,2.6067728871889766e-06,0.0021739325486870046,632.5314819310215,189759.44457930647,5625.614777316788,1125.1229554633576,1989.0424811744147,24936.436389311777,0.0,466.9146423339844,0.0,0.0,0.0,624.7865639857255,0.0,0.0,224527.36238889248,13.510518151400913,224540.87290704387,8.108382877281592,5.862557739468296,1.465639434867074,329095.9580720393,18140079.416671973,133.73978532387943,135637.1207920059
2026-01-01 21:00:00,price_volatile,static_first_step,956.2894501191286,0.1913034685597999,280.473068674072,39.19382406981944,18.850963891372647,0.7210433903769727,7.013776054022805,163.1157074056356,0.2749993690833913,0.029998975419651075,45.86126485072822,35.30969120846575,0.8767878072190269,0.9231768750818158,0.9627473816872412,1.037917001540583,0.41075224753958695,0.4125289022922516,0.6673805713653564,0.0,0.0,391.0908001299016,0.16842224083067645,0.7119332467099029,0.11240173131621051,0.16006823149481544,0.004946800195226425,0.3642832957850199,0.0008948725616772942,2.6051964522546184e-06,0.0022178133209269976,629.7588251214892,176630.39020640234,5490.232528203244,1098.0465056406488,1941.2977361951587,24919.771634508044,0.0,431.9549865722656,0.0,0.0,0.0,624.7865639857255,0.0,0.0,211136.4801615074,13.79641641368493,211150.2765779211,8.051254920104604,5.805304144381506,1.4513260360953766,306447.89392627665,18446527.31059825,135.1911113599748,136447.7821436092
2026-01-01 21:15:00,price_volatile,static_first_step,965.9205312231894,0.1939806651962124,278.83710735417566,40.30443056681485,18.728484510027446,0.7205280080550988,6.9311678658933795,163.1157074056356,0.2749993690833913,0.029998975419651075,45.86126485072822,35.30969120846575,0.8766949964554223,0.9233250151350434,0.962838384310264,1.0379039159667913,0.4120674850027309,0.41256314516067505,0.6668558716773987,0.0,0.0,391.0908001299016,0.17079624494810847,0.7096454113297869,0.11389647880409737,0.1621739364525532,0.005012584032168325,0.36912762989693826,0.0009066087821499156,2.6043247086653207e-06,0.002246899860414507,629.6379166950003,175566.4153717433,5418.180157790971,1083.6360315581942,1919.5262749653007,24978.72047558162,0.0,432.1047058105469,0.0,0.0,0.0,624.7865639857255,0.0,0.0,210023.36958143563,14.299444944811285,210037.66902638043,8.246149614699272,5.941581756003586,1.4853954390008965,311988.9955901654,18758516.306188416,136.67650679897568,137247.55442995418
2026-01-01 21:30:00,price_volatile,static_first_step,956.7891322225871,0.19227307211798356,289.7097463764046,39.73592936642059,19.408732335886675,0.7157969112221301,6.952327267053454,163.1157074056356,0.2749993690833913,0.029998975419651075,45.86126485072822,35.30969120846575,0.8736339753318842,0.9213453233048375,0.9615038587933151,1.038994745181712,0.4234762630569698,0.4156664311885834,0.6671395897865295,0.0,0.0,391.0908001299016,0.16920137654571965,0.7107619136417398,0.11288093694002753,0.15868521588384724,0.004967890034730612,0.36583635552848315,0.0008923016996952227,2.6048118854870213e-06,0.002211441808161631,625.2852414255956,181151.22870631822,5466.925224287297,1093.3850448574594,1969.2283248846181,24946.83386425761,0.0,355.1298828125,0.0,0.0,0.0,624.7865639857255,0.0,0.0,215607.5176114034,13.668812932860986,215621.18642433625,8.096290224005816,5.795299534701291,1.4488248836753228,312397.3403391741,19070913.646527592,138.12533168265102,138069.63150209005
2026-01-01 21:45:00,price_volatile,static_first_step,981.3695688021368,0.1895071082672731,280.86408900646245,42.084466989016434,19.71175846373789,0.7233638662053874,6.982726611492012,163.1157074056356,0.2749993690833913,0.029998975419651075,45.86126485072822,35.30969120846575,0.8742306736339045,0.9215098596953188,0.9617248264206933,1.0389781033896992,0.42020598423783495,0.4148925542831421,0.6676774621009827,0.0,0.0,391.0908001299016,0.16672645857608373,0.7130239039065335,0.1113194987271642,0.1569897239329141,0.004899171138982496,0.36077588313463405,0.0008818135783002671,2.60569270442688e-06,0.002185448503262849,626.6096217461635,175992.14057442022,5543.6078005625495,1108.72156011251,1987.4228215519984,24886.45766574904,0.0,465.1465148925781,0.0,0.0,0.0,624.7865639857255,0.0,0.0,210608.28350127462,14.2530785556763,210622.5365798303,8.184826166599773,5.920607500090632,1.480151875022658,311753.34244066424,19382666.988968253,139.60548355767367,138838.86574527645
2026-01-01 22:00:00,price_volatile,static_first_step,958.9780350413721,0.1892976347960112,252.77768010581622,39.64314691522348,19.39565192354505,0.7190680305418055,6.933058959627987,163.1157074056356,0.2749993690833913,0.029998975419651075,45.86126485072822,35.30969120846575,0.8739779092301406,0.9211272527666015,0.9615772259143366,1.0385726127483448,0.4206965723163329,0.41289022564888,0.6669837236404419,0.0,0.0,391.0908001299016,0.16658417438771783,0.7133883093481885,0.11110893293268877,0.1579914945946985,0.004889904138367633,0.36009345946826443,0.0008841906759141923,2.605797923067366e-06,0.0021913397988272422,629.4880606170856,159120.5316170963,5554.113654142232,1110.8227308284465,1992.606131387462,24964.348046001254,0.0,406.91656494140625,0.0,0.0,0.0,624.7865639857255,0.0,0.0,193774.12530838285,13.641118428508706,193787.76642681134,7.989235372343503,5.74480374472597,1.4362009361814925,278318.1715627069,19660985.160530962,141.04168449385517,139398.40006227055
2026-01-01 22:15:00,price_volatile,static_first_step,967.1707641907108,0.19334519127063182,227.4999120952346,38.983218655811044,19.876356377578055,0.7197798904603002,6.942854745110219,163.1157074056356,0.2749993690833913,0.029998975419651075,45.86126485072822,35.30969120846575,0.8709973374633984,0.9193790281239538,0.9604324895602718,1.0398258133760225,0.4324906859092565,0.4161144495010376,0.6662750840187073,0.0,0.0,391.0908001299016,0.17008154729745184,0.7095532001688599,0.11332109721564146,0.1590104628912586,0.00498726148846038,0.3672628730206667,0.0008951508588767517,2.604403904941619e-06,0.0022185030406285115,624.8435761029699,142151.8586366977,5445.690667151797,1089.1381334303594,1987.1061491820324,25044.078938716742,0.0,429.4149169921875,0.0,0.0,0.0,624.7865639857255,0.0,0.0,176772.07400615653,13.207108475502668,176785.28111463203,8.229773899491848,5.92362575588928,1.48090643897232,261802.4611181903,19922787.621649154,142.52259093282748,139786.87512802085
2026-01-01 22:30:00,price_volatile,static_first_step,969.7492495262796,0.19722704339809732,204.74992088571116,40.66318599122928,20.479621136807065,0.71664820643679,6.917666747284929,163.1157074056356,0.2749993690833913,0.029998975419651075,45.86126485072822,35.30969120846575,0.8703034506220877,0.9188033627524129,0.9601767861343158,1.0397179716005613,0.4349469403241705,0.41458332538604736,0.6648452281951904,0.0,0.0,391.0908001299016,0.17341292599814992,0.7057983426762409,0.11529275635723565,0.16280032963429222,0.0050740342072819414,0.3736528323376102,0.0009145292093141643,2.603050812228889e-06,0.0022665295033654303,627.4419196707086,128468.68341295632,5352.562129631926,1070.5124259263853,1959.9605691612544,25205.47321326432,0.0,402.53253173828125,0.0,0.0,0.0,624.7865639857255,0.0,0.0,163084.5108466642,13.678830672862409,163098.18967733707,8.417386809923258,6.032305160216196,1.508076290054049,245964.51280313008,20168752.134452283,144.03066722288153,140030.95676313134
2026-01-01 22:45:00,price_volatile,static_first_step,961.3186019449364,0.19788967418172762,184.27492879714006,38.36525445148865,20.900336179090594,0.7234520496084113,7.01864877151614,163.1157074056356,0.2749993690833913,0.029998975419651075,45.86126485072822,35.30969120846575,0.8697056175978581,0.9184557747328281,0.9591598624244407,1.0415194085489798,0.435164095736102,0.42339593172073364,0.6690782904624939,0.0,0.0,391.0908001299016,0.17393664143476137,0.7049795356505806,0.11637723069995792,0.15848896895148043,0.005121761923105149,0.3771675102979503,0.0009042208460059298,2.6027838406089546e-06,0.0022409817031075847,614.5942314799586,113254.30824510238,5302.6836760676015,1060.5367352135202,1942.2952390221485,24729.67022355184,0.0,443.4755554199219,0.0,0.0,0.0,624.7865639857255,0.0,0.0,147357.75623836313,12.973995205300499,147370.73023356844,8.372243446892801,6.056916681475187,1.5142291703687967,223153.05857822008,20391905.193030503,145.54489639325033,140107.31876116944
2026-01-01 23:00:00,price_volatile,static_first_step,983.6370740731719,0.1969750246382902,165.84743591742605,40.66716971857797,20.848716841108065,0.7214057299453852,6.965196184658959,163.1157074056356,0.2749993690833913,0.029998975419651075,45.86126485072822,35.30969120846575,0.8681223136195902,0.917557774650078,0.9590461241718339,1.0414479981038078,0.44270211093070005,0.42098531126976013,0.6670103073120117,0.0,0.0,391.0908001299016,0.17314064430097784,0.7058117281791925,0.11548659436339494,0.15883791965183255,0.005082565017933012,0.3742810428367301,0.0009024017129877743,2.603092076755169e-06,0.00223647324278264,618.0891020110851,102508.49273704285,5343.578143423218,1068.7156286846437,1978.2198685678875,24961.360344632834,0.0,443.82952880859375,0.0,0.0,0.0,624.7865639857255,0.0,0.0,136928.98281514575,13.838922820500818,136942.82173796624,8.527022742999751,6.151443066174636,1.537860766543659,210598.9928106004,20602504.185841102,147.082757159794,140074.23156650565
2026-01-01 23:15:00,price_volatile,static_first_step,992.4527656785317,0.1985106093758927,149.26269232568345,40.993960829442045,20.610132523131995,0.7262128949883795,7.010019041116543,163.1157074056356,0.2749993690833913,0.029998975419651075,45.86126485072822,35.30969120846575,0.8688309250177093,0.917664846080343,0.9596657175813126,1.0393634961011236,0.44061451904898247,0.41157233715057373,0.6624647974967957,0.0,0.0,391.0908001299016,0.17452379737676946,0.7045959087746501,0.11561587208757337,0.16529676865989093,0.005088254530574104,0.37470001961657,0.0009238977351263435,2.6026110508271547e-06,0.0022897480511603866,632.092671074509,94347.85388391386,5337.60313662806,1067.5206273256122,1970.2136673661794,25475.708579431128,0.0,609.5734252929688,0.0,0.0,0.0,624.7865639857255,0.0,0.0,129433.25988394354,13.969442564066647,129447.2293265076,8.670515868864873,6.296640430171045,1.5741601075427611,203770.66443772768,20806274.850278832,148.65691726733675,139961.69995145214
2026-01-01 23:30:00,price_volatile,static_first_step,969.9275271208173,0.2017228683210386,135.85343740581854,41.41294681171257,21.310132523131994,0.7173822931726479,7.003425867961866,163.1157074056356,0.2749993690833913,0.029998975419651075,45.86126485072822,35.30969120846575,0.8685699242036355,0.9176078375169513,0.9588976487065752,1.0414001592548445,0.43966165091831133,0.42108187079429626,0.6670217514038086,0.0,0.0,391.0908001299016,0.17724821993939405,0.7013807143629551,0.11822841809718208,0.16254456875851825,0.005203232680456984,0.38316703217612674,0.0009239542262649423,2.601468551823554e-06,0.002289888056346671,618.162582512252,83979.51170994737,5219.655742931138,1043.9311485862277,1924.0906838147807,24960.074232617455,0.0,380.42791748046875,0.0,0.0,0.0,624.7865639857255,0.0,0.0,118132.47799936315,14.006983019384796,118146.48498238254,8.610845330339446,6.177267969233898,1.5443169923084745,182455.62433981136,20988730.47461864,150.20123425964522,139737.40347790014
2026-01-01 23:45:00,price_volatile,static_first_step,973.8374644546521,0.203664970204868,130.32408886306507,43.07874944977078,22.010132523131993,0.7245298063264328,6.962314624612215,163.1157074056356,0.2749993690833913,0.029998975419651075,45.86126485072822,35.30969120846575,0.8671790695763155,0.9168399284036559,0.9586478801852435,1.0413160288229488,0.44621899778001867,0.41898268461227417,0.6650596857070923,0.0,0.0,391.0908001299016,0.1788556572829458,0.6992830528150329,0.11894968721953135,0.16495151344609324,0.005234975734531575,0.38550459664208847,0.0009347699492995147,2.6007457130988446e-06,0.0023166932749317296,621.600583261446,81009.52965029777,5188.005583904482,1037.6011167808963,1930.1138408526667,25181.222188862546,0.0,530.5042114257812,0.0,0.0,0.0,624.7865639857255,0.0,0.0,115501.76315610985,14.746247987938329,115516.50940409779,8.728792805813626,6.3242705610597065,1.5810676402649266,182639.4149351781,21171369.88955382,151.78230189991015,139485.10217953383
2026-01-02 00:00:00,price_volatile,static_first_step,1008.2764373299375,0.19978212279243207,117.29167997675857,44.6165117431754,21.73349648824236,0.7145298063264328,7.057429636116407,163.1157074056356,0.2749993690833913,0.029998975419651075,45.86126485072822,35.30969120846575,0.8650554908183314,0.9157511354213153,0.9579653117755608,1.042705506518793,0.4549396871536463,0.4228365421295166,0.666039764881134,0.0,0.0,391.0908001299016,0.17548516694658717,0.7028472115908655,0.11688009933323147,0.159539007550465,0.005143893171655517,0.3787972595992351,0.0009099338095065314,2.6020620683075785e-06,0.0022551404639146607,615.8130096760954,72229.74245645311,5279.869242232603,1055.9738484465206,1988.2331657747636,25070.592833032035,0.0,352.6927185058594,0.0,0.0,0.0,624.7865639857255,0.0,0.0,106601.89082843061,15.297277095433433,106617.18810552605,8.865181064570196,6.334436109116102,1.5836090272790255,168839.941547017,21340209.831100836,153.3659109271892,139145.71825046669
2026-01-02 00:15:00,price_volatile,static_first_step,1022.4109789666618,0.2024290296992044,105.56251197908271,43.591902586981476,22.364227568381814,0.7172714707180511,6.988979079008825,163.1157074056356,0.2749993690833913,0.029998975419651075,45.86126485072822,35.30969120846575,0.862698165729156,0.914162032986472,0.9566554345611026,1.0437383105235525,0.4630138124479687,0.4261317849159241,0.666276216506958,0.0,0.0,391.0908001299016,0.1777212209059511,0.7001697175349101,0.11841142265821439,0.1594637015397541,0.0052112867111880155,0.38376013251235724,0.0009151867816306516,2.6011140474139685e-06,0.0022681592020571016,611.3551747009651,64536.18795284483,5211.588777882233,1042.3177555764469,1984.4019751618303,25043.951384204698,0.0,390.0770568847656,0.0,0.0,0.0,624.7865639857255,0.0,0.0,98833.31146654053,15.099045085956027,98848.41051162648,9.108558803369801,6.533309369014908,1.633327342253727,161451.81162696026,21501661.642727796,154.9992382694429,138721.0794245994
2026-01-02 00:30:00,price_volatile,static_first_step,1036.1716133824802,0.20450736804830216,95.00626078117445,44.171216702757064,22.680805022788782,0.7150572115112412,6.956280352673263,163.1157074056356,0.2749993690833913,0.029998975419651075,45.86126485072822,35.30969120846575,0.862427594271955,0.9141420658561223,0.9566180140968411,1.044410767102172,0.46420954036930057,0.4275053143501282,0.6666024327278137,0.0,0.0,391.0908001299016,0.1795006302193008,0.6981689071793182,0.11965555678036162,0.16023700306361577,0.005266041053903715,0.38779225259722844,0.0009220637839484196,2.600390039755988e-06,0.002285202866151355,609.540831011953,57910.195147895385,5157.40060974672,1031.480121949344,1966.975659970996,25007.227014450364,0.0,352.1795959472656,0.0,0.0,0.0,624.7865639857255,0.0,0.0,92050.24471394581,15.29373791574571,92065.53845186156,9.325927145260406,6.6685714592468965,1.6671428648117241,153486.40552507044,21655148.048252866,156.66638113425464,138224.60116504238
2026-01-02 00:45:00,price_volatile,static_first_step,1005.9786821591032,0.20196239317078687,85.505634703057,46.00810959191346,22.67768808712557,0.7234011164265305,7.01125956236685,163.1157074056356,0.2749993690833913,0.029998975419651075,45.86126485072822,35.30969120846575,0.8619490278492401,0.9134265771744154,0.9565564410513266,1.043853653384384,0.46522942818357926,0.42344969511032104,0.6659537553787231,0.0,0.0,391.0908001299016,0.1772670636048737,0.700404653103955,0.11805166671262463,0.16073390823475775,0.00519545385202261,0.3825941977887272,0.0009184147088413451,2.6012329163701192e-06,0.002276159156769581,615.379366190044,52618.40328924465,5227.470807344606,1045.4941614689212,1996.472005392833,25080.2883776297,0.0,495.03009033203125,0.0,0.0,0.0,624.7865639857255,0.0,0.0,87087.94529539846,16.04213428986433,87103.98742968832,8.941505632237737,6.468295156894889,1.6170737892237224,140853.57500942156,21796001.62326229,158.28345492347836,137702.3368222503
2026-01-02 01:00:00,price_volatile,static_first_step,1007.2040452523614,0.2013966959248952,88.27812826630635,43.24762301639865,23.363697332127376,0.7234566248309783,6.989350744794577,163.1157074056356,0.2749993690833913,0.029998975419651075,45.86126485072822,35.30969120846575,0.8607554718932122,0.9132610687223295,0.955891851515927,1.0455124491436123,0.470776441487659,0.4310682415962219,0.667902410030365,0.0,0.0,391.0908001299016,0.17667476949837577,0.7005175616095652,0.11800150433952439,0.1557405461130242,0.005193246205982468,0.38243162631955707,0.0009022924535378012,2.601341911991565e-06,0.0022362024589035,604.8425454458218,53394.367807785486,5229.693002243529,1045.938600448706,2012.4054763820368,24861.23608646185,0.0,462.9405517578125,0.0,0.0,0.0,624.7865639857255,0.0,0.0,87631.36808906513,15.164169683194546,87646.53225874832,8.927321416452985,6.458529820728385,1.6146324551820963,141516.9355691396,21937518.558831427,159.89808737866045,137196.87907761146
2026-01-02 01:15:00,price_volatile,static_first_step,1056.7181584434925,0.20047203637784128,90.89888495378018,45.31708849314491,23.4425292601296,0.7231980127966261,7.061346973530214,163.1157074056356,0.2749993690833913,0.029998975419651075,45.86126485072822,35.30969120846575,0.8608094812552118,0.9128467334364498,0.9559853879250505,1.043972936861026,0.4702340061133006,0.4254874289035797,0.6656795144081116,0.0,0.0,391.0908001299016,0.17585259194542927,0.7012846846869834,0.11706146801364115,0.15806175196960356,0.005151875207280347,0.37938505820231844,0.0009069019024586509,2.60163907483159e-06,0.002247626317066758,612.8117882472692,55703.90823820882,5271.688899601945,1054.337779920389,2027.078688870549,25111.219314683978,0.0,496.2563781738281,0.0,0.0,0.0,624.7865639857255,0.0,0.0,90289.27586344523,15.878265152091405,90305.15412859732,9.323185832837815,6.742509467241965,1.6856273668104913,152220.83916320308,22089739.39799463,161.58371474547093,136707.70864991387
2026-01-02 01:30:00,price_volatile,static_first_step,1003.8822505213178,0.20539941414603619,93.96698885565641,44.36759024761418,24.00164288046377,0.7191003962663878,7.018800653198113,163.1157074056356,0.2749993690833913,0.029998975419651075,45.86126485072822,35.30969120846575,0.8607959801623319,0.9130600143627521,0.9562640978015866,1.0444370253576511,0.4710443139703747,0.4243362545967102,0.664978563785553,0.0,0.0,391.0908001299016,0.18009483132850465,0.6966521709468377,0.11975920228203044,0.16246792534308788,0.005270602492432159,0.3881281577874697,0.0009307329761731667,2.5999441338173713e-06,0.0023066882159330977,614.7344902015082,57764.74898995274,5152.937141693171,1030.5874283386343,1983.587305074532,25190.393680305693,0.0,439.376220703125,0.0,0.0,0.0,624.7865639857255,0.0,0.0,92186.4173300536,15.51271127209623,92201.9300413257,9.074722317923339,6.5256364148261055,1.6314091037065264,150419.06804873102,22240158.466043364,163.21512384917747,136262.8532304082
2026-01-02 01:45:00,price_volatile,static_first_step,1019.3379431103755,0.2035268036966688,85.68606341246473,44.814241970460515,23.5437716176951,0.7213485619460802,6.972876100591551,163.1157074056356,0.2749993690833913,0.029998975419651075,45.86126485072822,35.30969120846575,0.8594439531880911,0.9124267640580759,0.955587740124816,1.0452835972113843,0.476594702750226,0.4280897080898285,0.6656426191329956,0.0,0.0,391.0908001299016,0.1785186658606397,0.6985479154837003,0.1188296323076043,0.1587515066934543,0.005229692117857665,0.3851155101175319,0.0009150778123438113,2.600615919364662e-06,0.0022678891373056767,609.130995434931,52194.03710133526,5193.247084205016,1038.6494168410031,2014.0930979993893,25115.382583412953,0.0,465.4731750488281,0.0,0.0,0.0,624.7865639857255,0.0,0.0,86645.66902282817,15.781124075687059,86661.45014690385,9.130428737646108,6.586221639852185,1.6465554099630462,142692.87957462735,22382851.34561799,164.86167925914052,135767.45940113312
2026-01-02 02:00:00,price_volatile,static_first_step,1041.2378028839073,0.20527402206922873,88.19646820428939,43.7182346505102,24.109801558076402,0.7160254679610171,6.982884042881711,163.1157074056356,0.2749993690833913,0.029998975419651075,45.86126485072822,35.30969120846575,0.8585759932031938,0.9118419909975113,0.9554950092343871,1.0450197637966359,0.4805337907877004,0.4249838590621948,0.6638659238815308,0.0,0.0,391.0908001299016,0.17997070511915794,0.6967008399613338,0.11947641842554033,0.16165524311376392,0.00525815717490803,0.3872116822667571,0.0009272001306538916,2.5999728603576096e-06,0.002297932564917561,613.8524507853393,54139.61815781429,5165.13341821687,1033.026683643374,2013.7696720679546,25316.412849837245,0.0,408.0927429199219,0.0,0.0,0.0,624.7865639857255,0.0,0.0,88700.84008848538,15.39726468737238,88716.23735317275,9.406656546771568,6.735405655850677,1.6838514139626692,149384.9617085877,22532236.307326578,166.54553067310317,135291.75004733703
2026-01-02 02:15:00,price_volatile,static_first_step,1009.6988714682117,0.2097405285225661,80.0,46.34132872954081,24.615265504185988,0.7184650086911198,6.986265179702729,163.1157074056356,0.2749993690833913,0.029998975419651075,45.86126485072822,35.30969120846575,0.8572029790891461,0.9108910826606066,0.9547905315639386,1.046456895126909,0.48449755288489144,0.4264153838157654,0.6652135252952576,0.0,0.0,391.0908001299016,0.18381234313933703,0.6925067357639002,0.12227445677249994,0.16447518081873938,0.005381298842557723,0.3962798578084298,0.0009461091570281905,2.5984365412386827e-06,0.002344795875264318,612.0276099121731,48962.20879297385,5046.938320460494,1009.3876640920988,1978.0905830929978,25163.835518538657,0.0,425.3584289550781,0.0,0.0,0.0,624.7865639857255,0.0,0.0,83210.6058720989,16.413653559168495,83227.01952565806,9.32020784556628,6.696243210767821,1.6740608026919552,139327.09111278216,22671563.39843936,168.21959147579514,134773.6205963949
2026-01-02 02:30:00,price_volatile,static_first_step,1051.955826573855,0.2079812741581012,80.0,46.39148284551001,24.529259974989284,0.7189130056048919,7.034518694571208,163.1157074056356,0.2749993690833913,0.029998975419651075,45.86126485072822,35.30969120846575,0.8600212685645718,0.9130170923577683,0.9560429890933608,1.045312584377254,0.4752860688416307,0.426949143409729,0.6649134159088135,0.0,0.0,391.0908001299016,0.18228291210420558,0.694096119493258,0.12120235374901334,0.16267771866677658,0.005334115588494077,0.39280527411435756,0.0009365771644026153,2.5990289233786826e-06,0.0023211721984132197,611.2256732441138,48898.0538595291,5091.581329984228,1018.3162659968457,1971.1993769459277,25197.760796658407,0.0,437.3935546875,0.0,0.0,0.0,624.7865639857255,0.0,0.0,83239.09174778772,16.287046434242637,83255.37879422196,9.628820850561919,6.922284538108521,1.7305711345271302,144079.35533540268,22815642.753774762,169.95016261032225,134249.01984994634
2026-01-02 02:45:00,price_volatile,static_first_step,1020.750065452524,0.20596384409622662,88.0,46.9566158346262,24.633390881560388,0.7226875844256195,7.062608118782516,163.1157074056356,0.2749993690833913,0.029998975419651075,45.86126485072822,35.30969120846575,0.8590839542603208,0.9120138595001064,0.9559414533839887,1.0436442765728657,0.4792996503286977,0.42003631591796875,0.6608318090438843,0.0,0.0,391.0908001299016,0.18050060262754608,0.6958058424925603,0.11928053976787256,0.16469619092787882,0.005249536555184071,0.3865768582106363,0.0009369736646643005,2.5996848214435494e-06,0.002322154867454349,621.3364137295207,54677.60440819782,5173.615433829846,1034.7230867659691,2013.7564362884739,25662.217398920064,0.0,573.9208374023438,0.0,0.0,0.0,624.7865639857255,0.0,0.0,89760.62416539023,16.59572523930945,89777.21989062954,9.2525570991248,6.686708139726619,1.6716770349316548,150078.51675117476,22965721.270525936,171.6218396452539,133815.8437061191
2026-01-02 03:00:00,price_volatile,static_first_step,1041.9597388767806,0.2009638440962266,80.0,47.47035401821713,25.333390881560387,0.7210724714250261,6.977105901979902,163.1157074056356,0.2749993690833913,0.029998975419651075,45.86126485072822,35.30969120846575,0.8600012899836534,0.913100681036942,0.9560845675108828,1.044920127372004,0.47611800216526673,0.4284510314464569,0.6647452116012573,0.0,0.0,391.0908001299016,0.17602046849717645,0.6997983399038231,0.11700876357730801,0.1560883968966716,0.005149555685037326,0.3792142481485487,0.000901578512108116,2.6012613246497e-06,0.0022344330574480013,609.4919684042638,48759.35747234111,5274.063434495596,1054.8126868991192,2044.1286846063463,25216.788518955356,0.0,475.9144287109375,0.0,0.0,0.0,624.7865639857255,0.0,0.0,83449.85178999418,16.70526468395629,83466.55705467814,9.21552828114503,6.645063753172469,1.6612659382931172,138660.14822153587,23104381.418747474,173.28310558354704,133333.14486107178
2026-01-02 03:15:00,price_volatile,static_first_step,1024.6374594520998,0.20596384409622662,87.17819308220355,46.51795371904222,25.253801543799383,0.7187815261009792,7.070452196422381,163.1157074056356,0.2749993690833913,0.029998975419651075,45.86126485072822,35.30969120846575,0.8586882709344561,0.9120742632174555,0.9556768587943063,1.0446273867169624,0.4811612484791381,0.4240422546863556,0.6625921726226807,0.0,0.0,391.0908001299016,0.18041186206247223,0.6954623628256213,0.11953948765087685,0.16236518079271733,0.0052609328515150905,0.3874160836135973,0.0009305959478317986,2.5996142537450358e-06,0.002306348610838646,615.7737162509566,53682.039930271916,5162.4082855444085,1032.4816571088816,2014.3915842086462,25461.19931071532,0.0,473.58660888671875,0.0,0.0,0.0,624.7865639857255,0.0,0.0,88450.89394072161,16.42557405076438,88467.31951477237,9.287794260664363,6.6758949327922465,1.6689737331980616,147649.6325165954,23252031.05126407,174.9520793167451,132905.1426086055
2026-01-02 03:30:00,price_volatile,static_first_step,1064.4508281381277,0.21096384409622662,88.72292933086385,45.43467290946913,25.646554474646905,0.7226117532381643,6.958807293837507,163.1157074056356,0.2749993690833913,0.029998975419651075,45.86126485072822,35.30969120846575,0.8596187424121621,0.9133341142829262,0.9564811347384683,1.045263898158348,0.4797978375879764,0.4252180755138397,0.6633012294769287,0.0,0.0,391.0908001299016,0.18473441685495942,0.6908664099716372,0.12253456582659805,0.16563418623482565,0.005392746242028581,0.39712284645620977,0.0009515713505855049,2.5979134973534832e-06,0.0023583331387269355,614.2514878585749,54498.19134865432,5036.224981381265,1007.244996276253,1961.5838223434814,25380.532672055182,0.0,527.6602172851562,0.0,0.0,0.0,624.7865639857255,0.0,0.0,89036.22460198138,16.064890761493956,89052.28949274287,9.882913702824531,6.958807293837507,1.7397018234593769,154924.43041375707,23406955.481677826,176.69178114020448,132473.36877035873
2026-01-02 03:45:00,price_volatile,static_first_step,1048.5846977033518,0.21367322499561714,83.62420992594672,47.07357609843263,25.83392819781201,0.7156451451535856,7.004398027360684,163.1157074056356,0.2749993690833913,0.029998975419651075,45.86126485072822,35.30969120846575,0.8611719053461157,0.9140056604055042,0.957330773065892,1.043599758279354,0.47387293018651194,0.4186585545539856,0.6615278720855713,0.0,0.0,391.0908001299016,0.18707850379909996,0.6883919509966314,0.12375764453117107,0.17184755255602388,0.005446573935816839,0.4010867279399647,0.0009762728375975637,2.596995036843366e-06,0.0024195522321354616,623.9559225335656,52177.821050484636,4986.452706306859,997.2905412613719,1926.8347555734892,25582.605223219223,0.0,439.3017272949219,0.0,0.0,0.0,624.7865639857255,0.0,0.0,86735.09256812622,16.464774634500163,86751.55734276072,9.860637402470891,7.004398027360684,1.751099506840171,151910.6092805251,23558866.09095835,178.44288064704466,132024.69050898796
2026-01-02 04:00:00,price_volatile,static_first_step,1056.0605135391859,0.2087202022840274,80.0,47.08251179479359,25.742800959602928,0.7247150740095786,6.987169399874831,163.1157074056356,0.2749993690833913,0.029998975419651075,45.86126485072822,35.30969120846575,0.8604911640381426,0.9134216434252808,0.9570101635546241,1.0432372742155511,0.4763513200878233,0.4187842905521393,0.6601196527481079,0.0,0.0,391.0908001299016,0.18275554926194507,0.6927783057492269,0.12064052971658491,0.16743267654646843,0.005309389712826902,0.39098445598471065,0.0009513286096998366,2.5986457299372193e-06,0.002357731540250434,623.7362436740336,49898.89949392269,5115.292870052638,1023.0585740105276,1983.2127876757797,25743.844001383295,0.0,625.8848876953125,0.0,0.0,0.0,624.7865639857255,0.0,0.0,85014.97917872597,16.615499890229295,85031.59467861621,9.700735428083302,6.987169399874831,1.7467923499687077,148532.53909024666,23707398.6300486,180.18967299701336,131569.13065956644
2026-01-02 04:15:00,price_volatile,static_first_step,1032.8210170927723,0.2119297941271528,80.0,44.99952744593854,25.485083632601675,0.7153738250505782,6.96298017187175,163.1157074056356,0.2749993690833913,0.029998975419651075,45.86126485072822,35.30969120846575,0.8609276819949793,0.9133077054659237,0.9574593444375029,1.041884383127247,0.47451505468386684,0.41159212589263916,0.6575702428817749,0.0,0.0,391.0908001299016,0.18560361949992596,0.6901095876454921,0.12204741715430284,0.17447773353854115,0.005371306828960868,0.39554404404985033,0.0009790396282790173,2.597612129493439e-06,0.002426409326086407,634.491135028724,50759.29080229792,5056.3269251197235,1011.2653850239446,1955.523458150562,26037.504040445976,0.0,501.18792724609375,0.0,0.0,0.0,624.7865639857255,0.0,0.0,85945.88510226994,15.74640228521227,85961.63150455515,9.63315285845261,6.891305407648154,1.7228263519120386,148096.9640093997,23855495.594057996,181.9124993489254,131137.19881502423
2026-01-02 04:30:00,price_volatile,static_first_step,1026.211252279325,0.21031494148000338,88.0,47.333451096333256,25.79218324558278,0.719683444395199,7.002463547621929,163.1157074056356,0.2749993690833913,0.029998975419651075,45.86126485072822,35.30969120846575,0.8599689068241089,0.9129453135330035,0.9567406331608306,1.0432775912201437,0.4778510955757754,0.41773590445518494,0.6597443222999573,0.0,0.0,391.0908001299016,0.18414463157720276,0.6913548654144355,0.12148837516507695,0.16933740794036975,0.005346703391015037,0.39373224225700687,0.0009604563685110723,2.5981119514501205e-06,0.0023803533815591263,625.3213648694517,55028.28010851175,5079.59416413378,1015.9188328267561,1973.3337939127832,25786.93489273737,0.0,538.9051513671875,0.0,0.0,0.0,624.7865639857255,0.0,0.0,90047.75350747534,16.669362047829704,90064.42286952317,9.49857089224157,6.835964216560392,1.708991054140098,153919.29298030597,24009414.8870383,183.62149040306548,130754.92870870128
2026-01-02 04:45:00,price_volatile,static_first_step,1059.568459099816,0.21041119561505103,91.51100805277143,45.53643608351396,26.017557521300557,0.7181084731792569,6.957835483657853,163.1157074056356,0.2749993690833913,0.029998975419651075,45.86126485072822,35.30969120846575,0.8615895084242243,0.9147036419106372,0.9577558163225418,1.043848590071451,0.4738633343414033,0.42114701867103577,0.6615617871284485,0.0,0.0,391.0908001299016,0.18419620961469532,0.6911465161132283,0.12185717361498415,0.1674887598577051,0.005362934210795452,0.3949274828750953,0.0009557402832018375,2.5980543473978186e-06,0.0023686652403987303,620.3700152149528,56770.68545803348,5064.220867689131,1012.8441735378264,1956.8601863028116,25578.730472067047,0.0,479.6291809082031,0.0,0.0,0.0,624.7865639857255,0.0,0.0,91487.75690252421,15.95502393070217,91503.71192645491,9.811812368531495,6.957835483657853,1.7394588709144632,159166.94343207355,24168581.830470376,185.36094927397994,130386.58857290953
2026-01-02 05:00:00,price_volatile,static_first_step,1059.0432863065253,0.21452759101756314,82.35990724749429,44.22548501049374,26.238893244154443,0.7218843331345157,7.028825263839279,163.1157074056356,0.2749993690833913,0.029998975419651075,45.86126485072822,35.30969120846575,0.8613556569080261,0.914118940926603,0.9580801633193858,1.041965874121681,0.47521511899125435,0.4111485779285431,0.6569894552230835,0.0,0.0,391.0908001299016,0.1877672370120237,0.687421581320773,0.12336109475327305,0.1766790976541542,0.005429121780091547,0.39980154791343014,0.0009912388387067043,2.59666552489565e-06,0.002456643319785582,635.5500878005722,52343.84628239198,5002.481882418985,1000.496376483797,1936.5200755014307,26104.722233361095,0.0,631.7013549804688,0.0,0.0,0.0,624.7865639857255,0.0,0.0,87644.55476912348,15.55836530623787,87660.11313442972,9.998808159815086,7.028825263839279,1.7572063159598197,154036.90445757224,24322618.73492795,187.11815558993976,129985.34887352017
2026-01-02 05:15:00,price_volatile,static_first_step,1075.6669843829818,0.21231795500530953,80.0,46.87901411112337,26.193514247585643,0.7191967333013545,6.962143909472446,163.1157074056356,0.2749993690833913,0.029998975419651075,45.86126485072822,35.30969120846575,0.8606156690485746,0.9139290682146908,0.9575794989252038,1.043107026392218,0.47813276136224353,0.4166172444820404,0.6586134433746338,0.0,0.0,391.0908001299016,0.18584030203005375,0.6893800665053257,0.12239692123779565,0.17139052806054814,0.005386688503675387,0.3966767534657481,0.0009705467456914761,2.5974024494133485e-06,0.00240536093445798,627.1951831433513,50175.6146514681,5041.888597015288,1008.3777194030577,1959.4243046154386,25917.065621691083,0.0,550.5503540039062,0.0,0.0,0.0,624.7865639857255,0.0,0.0,85277.70781218259,16.508240886244472,85294.21605306884,10.051154067344518,6.962143909472446,1.7405359773681115,148457.65170177503,24471076.386629723,188.8586915673079,129573.47201523106
2026-01-02 05:30:00,price_volatile,static_first_step,1026.34084628424,0.21367927483512178,82.88014641490453,45.82378757322491,26.244112918259418,0.7164787482941568,6.9096215948216075,163.1157074056356,0.2749993690833913,0.029998975419651075,45.86126485072822,35.30969120846575,0.8623467638578513,0.9148634871178816,0.9584454552485724,1.0420541869874551,0.4714680914627589,0.41275668144226074,0.6581118702888489,0.0,0.0,391.0908001299016,0.18702349892304568,0.6881616905248359,0.1230823846642101,0.17511359906677093,0.005416855749071887,0.3988982750845912,0.000985150235579302,2.5969460977997248e-06,0.002441553590029559,633.0795816916909,52469.72842289386,5013.809597386391,1002.7619194772782,1931.135989389556,25974.925020049748,0.0,511.004150390625,0.0,0.0,0.0,624.7865639857255,0.0,0.0,87528.15166357317,15.998620213266639,87544.15028378644,9.651734859455667,6.9096215948216075,1.7274053987054019,151224.23782528975,24622300.624455012,190.5860969660133,129192.53301486016
2026-01-02 05:45:00,price_volatile,static_first_step,1069.2050762124038,0.2135397913634194,80.0,44.36574566865251,26.711567802716615,0.7168841198773798,6.963998772655621,163.1157074056356,0.2749993690833913,0.029998975419651075,45.86126485072822,35.30969120846575,0.8622634992338056,0.91496816842544,0.9586910563027835,1.0422786940783486,0.47251856813471066,0.4123438894748688,0.6578860878944397,0.0,0.0,391.0908001299016,0.18683229734023363,0.6880280244560897,0.12291436918949704,0.17517267900022032,0.0054094613880297645,0.39835375294819114,0.000985156033863617,2.5969390373155246e-06,0.002441567960245769,633.9486849347362,50715.8947947789,5020.663129688438,1004.1326259376875,1936.5182457824815,26000.999139569412,0.0,522.115478515625,0.0,0.0,0.0,624.7865639857255,0.0,0.0,85825.10997825826,15.510376878590318,85840.62035513685,10.04826764984964,6.963998772655621,1.7409996931639053,149448.49369929254,24771749.118154306,192.3270966591772,128800.0991459478
2026-01-02 06:00:00,price_volatile,static_first_step,1068.6042266248157,0.2092598384557201,88.0,43.6815577911604,26.69167760765927,0.7180691580964621,7.044759700825831,163.1157074056356,0.2749993690833913,0.029998975419651075,45.86126485072822,35.30969120846575,0.8622681010599123,0.9148186753344452,0.9584101476314553,1.0419542642522146,0.4718912750748905,0.41417500376701355,0.6579341292381287,0.0,0.0,391.0908001299016,0.18309042869972453,0.6917837112951604,0.12046144177838894,0.17038527058410205,0.005301508052666898,0.3904040490497157,0.0009612120679687471,2.598359110259632e-06,0.0023822262742989675,631.1480937381141,55541.03224895404,5122.897687327294,1024.5795374654588,1974.280051536385,25995.449662869378,0.0,542.432861328125,0.0,0.0,0.0,624.7865639857255,0.0,0.0,90825.4586134664,15.274533746980799,90840.73314721338,9.841337864289146,7.044759700825831,1.7611899252064578,159987.7840172405,24931736.90217155,194.08828658438364,128455.64944143084
2026-01-02 06:15:00,price_volatile,static_first_step,1073.8324264931207,0.2142598384557201,96.80000000000001,42.07844424065761,26.849064216897506,0.7179974023851046,6.979450136878073,163.1157074056356,0.2749993690833913,0.029998975419651075,45.86126485072822,35.30969120846575,0.8621113889391037,0.9142506999552098,0.958816394744072,1.0397378376201862,0.4731408561197133,0.40268778800964355,0.653080940246582,0.0,0.0,391.0908001299016,0.18744237281120046,0.6873224388445591,0.12241504107758916,0.18157987687770172,0.005387485957824699,0.39673547813912974,0.0010047908090406114,2.59668467025419e-06,0.0024902299349288735,649.2114236622474,62843.665810505554,5041.142298089679,1008.2284596179358,1946.048520757069,26560.18866684677,0.13321666419506073,632.1226196289062,0.0,0.0,0.0,624.7865639857255,0.0,0.0,98656.31615609583,14.73160653277657,98671.0477626286,10.125783929695208,6.979450136878073,1.7448625342195183,172167.41445319526,25103904.316624742,195.83314911860316,128190.27028677853
2026-01-02 06:30:00,price_volatile,static_first_step,1067.1833514877778,0.2120248334876062,106.48000000000002,44.603150895097066,26.694086068744408,0.7254682860415873,7.015689283987496,163.1157074056356,0.2749993690833913,0.029998975419651075,45.86126485072822,35.30969120846575,0.8640597115416044,0.9161675773891932,0.9593337676679214,1.041286342136986,0.46611282155558226,0.412260502576828,0.6577683687210083,0.0,0.0,391.0908001299016,0.1855091223108979,0.6893633444447148,0.12202203276530531,0.17396079451518487,0.005370189662001087,0.3954617756650379,0.000978188157287367,2.5974429701124565e-06,0.0024242990773330818,634.071586276476,67515.94250671918,5057.378798840044,1011.4757597680087,1933.8337646710174,26014.600849873706,0.0,687.4916381835938,0.0,0.0,0.0,624.7865639857255,0.0,0.0,102845.50988204127,15.589093792349656,102861.09897583362,9.95811507932143,7.015689283987496,1.753922320996874,180410.37745598328,25284314.694080725,197.58707143960004,127965.43068259319
2026-01-02 06:45:00,price_volatile,static_first_step,1069.9049828685738,0.21033566663030467,117.12800000000003,47.27933994880289,25.99408606874441,0.7206177638066901,6.999768704902783,163.1157074056356,0.2749993690833913,0.029998975419651075,45.86126485072822,35.30969120846575,0.865541479537114,0.9169906716079418,0.9606040043346158,1.039400933667151,0.4618990844398375,0.4041179120540619,0.6541604399681091,0.0,0.0,391.0908001299016,0.18413366948779195,0.6912253804589445,0.12045296224507637,0.17761093213430582,0.0053011348684058116,0.3903765676906152,0.0009845182717803098,2.598081976290578e-06,0.002439987358376281,646.4849126095711,75721.48484413387,5123.258324216474,1024.6516648432948,1947.7988966285764,26433.848556231158,0.0,662.486572265625,0.0,0.0,0.0,624.7865639857255,0.0,0.0,111538.3154223047,16.397379099129836,111554.71280140383,9.90397421509886,6.999768704902783,1.7499421762256957,195214.29688792108,25479528.990968645,199.33701361582573,127821.36407478404
2026-01-02 07:00:00,price_volatile,static_first_step,1030.4068054889226,0.20533566663030467,128.84080000000003,44.442579551874715,26.694086068744408,0.7167261797371673,6.971779375787348,163.1157074056356,0.2749993690833913,0.029998975419651075,45.86126485072822,35.30969120846575,0.8630769691857834,0.91540893623508,0.9589416817644799,1.041567209095984,0.4694074335049694,0.41408178210258484,0.6576582789421082,0.0,0.0,391.0908001299016,0.1796565905794796,0.6952158761761331,0.11815264416110752,0.16718384188264007,0.005199897869530342,0.38292145607294203,0.0009430032615557215,2.599658779626986e-06,0.002337098358715886,631.3011065634122,81337.3396105153,5223.00322502436,1044.600645004872,2006.1130518077791,26027.325437807438,0.0,523.3526000976562,0.0,0.0,0.0,624.7865639857255,0.0,0.0,116786.52113424313,15.487089984754531,116802.00822422789,9.311603598123762,6.673870074110106,1.6684675185275264,194880.35682090922,25674409.347789556,201.00548113435326,127729.89673166488
2026-01-02 07:15:00,price_volatile,static_first_step,1071.5439810990495,0.21033566663030467,131.3858281613714,44.235280860343494,26.124088814801446,0.7188367360363329,6.990471097198935,163.1157074056356,0.2749993690833913,0.029998975419651075,45.86126485072822,35.30969120846575,0.8647453640692783,0.9164656292608768,0.9598467822390704,1.0404420178462996,0.46374490837509097,0.4090012311935425,0.656341016292572,0.0,0.0,391.0908001299016,0.18411435832810313,0.6911542833383038,0.12084180505912198,0.1746140416298547,0.0053182478406519585,0.3916367701820196,0.0009760045775968871,2.598067316427337e-06,0.0024188873881918088,638.836348907092,83934.04276074508,5106.772786095818,1021.3545572191638,1946.4329264992296,26179.910684892944,0.0,585.8570556640625,0.0,0.0,0.0,624.7865639857255,0.0,0.0,119399.157335102,15.350522826460905,119414.50785792846,9.919146213054885,6.990471097198935,1.7476177742997336,208690.916441771,25883100.264231328,202.753098908653,127658.22275245482
2026-01-02 07:30:00,price_volatile,static_first_step,1052.97133339537,0.21268812598204195,137.7318227652848,43.67274420396757,26.5493599823267,0.7213639015793247,6.997794854815069,163.1157074056356,0.2749993690833913,0.029998975419651075,45.86126485072822,35.30969120846575,0.8625794615736158,0.9149947646688602,0.9589121945366956,1.0409783302570548,0.4717615602555525,0.4088234007358551,0.6555770635604858,0.0,0.0,391.0908001299016,0.18611151457729427,0.6888615096437407,0.12201044022137714,0.17643246602606583,0.005369679474142808,0.3954242053352997,0.0009862050726591807,2.5972394470940443e-06,0.002444167852470211,639.324969229101,88055.3933512837,5057.859314161361,1011.5718628322721,1948.8741768155483,26268.68415506551,0.0,649.1862182617188,0.0,0.0,0.0,624.7865639857255,0.0,0.0,123616.35564240583,15.30544169013919,123631.66108409598,9.856237527953747,6.997794854815069,1.7494487137037673,216287.25045663182,26099387.51468796,204.50254762235676,127623.77690709368
2026-01-02 07:45:00,price_volatile,static_first_step,1060.7040334111568,0.20768812598204195,124.14592300788793,46.29310885620563,26.53001028386981,0.7151337615310998,7.0400627134263924,163.1157074056356,0.2749993690833913,0.029998975419651075,45.86126485072822,35.30969120846575,0.8627967471976191,0.9152501060353011,0.9590780144516962,1.041343512731711,0.4710892521823879,0.4116387367248535,0.6562791466712952,0.0,0.0,391.0908001299016,0.18173893084730927,0.6932475395342004,0.11927147045342565,0.17047645609593787,0.0052491374146552625,0.386547465427104,0.0009574577842549444,2.5988979569257566e-06,0.0023729218204721508,634.9573728777901,78827.36912657692,5174.008831723059,1034.801766344612,1991.8196111284012,26187.092418834793,0.0,519.5802612304688,0.0,0.0,0.0,624.7865639857255,0.0,0.0,114359.45857982396,16.140771922901504,114375.59935174686,9.695210804842487,6.933372571703969,1.7333431429259922,198252.16085440098,26297639.67554236,206.23589076528276,127512.43044049847
2026-01-02 08:00:00,price_volatile,static_first_step,1068.0609802904637,0.2121706617748216,136.56051530867674,43.515522324833285,25.83001028386981,0.7238163950225244,7.03963632046481,163.1157074056356,0.2749993690833913,0.029998975419651075,45.86126485072822,35.30969120846575,0.8648050454151441,0.9166932163293753,0.9598823765096827,1.0408433668292394,0.46389139840021903,0.41044217348098755,0.6570045948028564,0.0,0.0,391.0908001299016,0.18576412754211208,0.6897090528862512,0.12204788534471149,0.1753091925345308,0.005371327434020753,0.3955455614103316,0.0009820555837923208,2.597492918733376e-06,0.0024338839393432832,636.4417470441497,86912.81294030357,5056.307528439783,1011.2615056879565,1927.5833904385026,26102.96852642744,0.0,669.5724487304688,0.0,0.0,0.0,624.7865639857255,0.0,0.0,122305.29290401345,15.157156511978922,122320.45006052543,9.973159132230105,7.03963632046481,1.7599090801162025,215272.8707454192,26512912.54628778,207.99579984539895,127468.49968121732
2026-01-02 08:15:00,price_volatile,static_first_step,1056.4346657109713,0.21034784984438654,136.52400123642232,46.0846180553832,25.967450462894607,0.7185779850779627,6.964977151749265,163.1157074056356,0.2749993690833913,0.029998975419651075,45.86126485072822,35.30969120846575,0.86268141775542,0.9146972521485853,0.9585692041084386,1.040593221422964,0.4698814814271267,0.40912964940071106,0.6559314727783203,0.0,0.0,391.0908001299016,0.18414809245798716,0.691229483089918,0.12078852949528582,0.17444437105835123,0.005315903183087529,0.3914641091584589,0.000975146736077943,2.5980810205750447e-06,0.0024167613510001082,638.5568079753973,87178.33044155904,5109.025203611781,1021.8050407223562,1963.5944207928978,26227.475087017338,0.0,588.687744140625,0.0,0.0,0.0,624.7865639857255,0.0,0.0,122713.70450182975,16.088279097611473,122729.79278092737,9.77984764667288,6.964977151749265,1.7412442879373162,213702.55063952025,26726615.0969273,209.73704413333627,127429.15877052397
2026-01-02 08:30:00,price_volatile,static_first_step,1071.9024508992939,0.2121525447599382,141.02202206249376,43.83037645969458,25.797580690138684,0.721412075352889,7.025332579115394,163.1157074056356,0.2749993690833913,0.029998975419651075,45.86126485072822,35.30969120846575,0.8655622249594446,0.9168610688687031,0.9601241753907099,1.0401817388437302,0.4600861500568123,0.4072808027267456,0.6566769480705261,0.0,0.0,391.0908001299016,0.18575226486895238,0.6897434769819688,0.12197923039133166,0.17751740577389027,0.005368305929522506,0.39532305725139816,0.0009890962289258772,2.5975029065790447e-06,0.0024513331686903685,641.3619018223634,90446.15226883629,5059.153427340157,1011.8306854680313,1918.6576197520849,26140.93984403131,0.0,628.59521484375,0.0,0.0,0.0,624.7865639857255,0.0,0.0,125830.11562425735,15.182104799928705,125845.29772905727,10.008174706805722,7.025332579115394,1.7563331447788486,221026.26751610567,26947641.364443403,211.49337727811513,127416.00569840579
2026-01-02 08:45:00,price_volatile,static_first_step,1064.8062584800668,0.20831251905148085,132.4579515549747,45.65076958688079,25.780003101069163,0.7249267317225107,7.00485114680826,163.1157074056356,0.2749993690833913,0.029998975419651075,45.86126485072822,35.30969120846575,0.8638166360177518,0.9156399686389197,0.9594032376749139,1.0402836447987558,0.4667260187664007,0.40833359956741333,0.6555854082107544,0.0,0.0,391.0908001299016,0.18239343932384802,0.6931145318253327,0.11957447737408837,0.17326078649046991,0.005262472749233629,0.3875294819709076,0.000967083347256741,2.5987764366904742e-06,0.002396777398082883,639.7105851553474,84734.75369771152,5160.8976685550415,1032.1795337110084,1975.0627890925625,26267.71336546625,0.0,721.2324829101562,0.0,0.0,0.0,624.7865639857255,0.0,0.0,120516.62610143227,15.958860327260627,120532.58496175952,9.761966980993716,7.00485114680826,1.751212786702065,211078.2039992863,27158719.56844269,213.2445900648172,127359.47749102383
2026-01-02 09:00:00,price_volatile,static_first_step,1031.55097884119,0.2070442202074505,140.72221010553966,45.01884015582452,25.080003101069163,0.7215813037054613,6.990534897154676,163.1157074056356,0.2749993690833913,0.029998975419651075,45.86126485072822,35.30969120846575,0.8646048934480735,0.9161913670184741,0.9591501963425672,1.0409464546002174,0.46250380480049313,0.41336506605148315,0.6589239239692688,0.0,0.0,391.0908001299016,0.18138300631195908,0.6946122553867204,0.11951760226041873,0.1696156895343292,0.0052599696754810285,0.3873451551494867,0.0009543264897272115,2.59927630196718e-06,0.0023651613560074286,631.579139614108,88877.21238305248,5163.353596686003,1032.6707193372006,1964.6662592147861,25881.29400251056,0.0,588.8916015625,0.0,0.0,0.0,624.7865639857255,0.0,0.0,124132.87512634926,15.633767244436955,124148.5088935937,9.399509159490067,6.782510073496267,1.6956275183740668,210509.62804508503,27369229.196487777,214.94021758319127,127334.14669543957
2026-01-02 09:15:00,price_volatile,static_first_step,1055.5565715324983,0.2075417736912559,134.8996001485603,44.42589496521089,25.200546715723473,0.7182518442461625,7.011750865984082,163.1157074056356,0.2749993690833913,0.029998975419651075,45.86126485072822,35.30969120846575,0.8647114807578655,0.9162074679200602,0.9592748735519157,1.0412484491832328,0.4617035962339575,0.41296714544296265,0.6594172120094299,0.0,0.0,391.0908001299016,0.1818010411495167,0.6941102679419384,0.11988273569522595,0.17041332542759205,0.005276039197946894,0.388528517803027,0.0009582562152783981,2.5990979949900442e-06,0.0023749006172701427,632.246237261012,85289.7646019423,5147.627286947167,1029.5254573894335,1956.5403960094932,25824.529735333905,0.0,519.2267456054688,0.0,0.0,0.0,624.7865639857255,0.0,0.0,120392.0007872135,15.378433137560789,120407.37922035107,9.641362376672767,6.924926308090779,1.7312315770226947,208453.05701281803,27577682.253500592,216.67144916021394,127278.80096979807
2026-01-02 09:30:00,price_volatile,static_first_step,1014.1129134169864,0.20977729065162043,130.8421334947239,42.457949841236925,25.002426530111183,0.7153150871050136,7.017643245179122,163.1157074056356,0.2749993690833913,0.029998975419651075,45.86126485072822,35.30969120846575,0.8644722849761955,0.9159320006128558,0.9590642359164679,1.0412211988335878,0.462117952427274,0.41241219639778137,0.6591957211494446,0.0,0.0,391.0908001299016,0.1837881311487038,0.6922611672686911,0.1211523496512785,0.17261285496707754,0.005331914908152767,0.392643215600558,0.0009695549837531658,2.5983802401473912e-06,0.002402902994710838,632.9914143122427,82821.94713245654,5093.68281568535,1018.7365631370699,1937.1343762071717,25850.006903586418,0.0,472.40777587890625,0.0,0.0,0.0,624.7865639857255,0.0,0.0,117818.70213093716,14.672196067164666,117833.37432700433,9.362593191817131,6.6972041645334786,1.6743010411333696,197288.54131596143,27774970.794816554,218.34575020134733,127206.37232098125
2026-01-02 09:45:00,price_volatile,static_first_step,1032.468984901026,0.21159513075258163,139.3494023538328,45.00542683171114,24.302426530111184,0.7166321054169691,7.080512645372396,163.1157074056356,0.2749993690833913,0.029998975419651075,45.86126485072822,35.30969120846575,0.8658028888601309,0.9171181100761373,0.9597218157020524,1.0414308526726666,0.4578973274435797,0.4136144518852234,0.6606802344322205,0.0,0.0,391.0908001299016,0.18548381877586678,0.6910533731294778,0.12254549287222316,0.17373403100241439,0.0053932271413065416,0.3971582599693905,0.000977309060772213,2.597858080961976e-06,0.0024221203626812043,630.7962176260609,87901.07593324983,5035.775915007137,1007.1551830014274,1904.060161305987,25679.575979701156,0.0,469.5921325683594,0.0,0.0,0.0,624.7865639857255,0.0,0.0,122622.0218688196,15.50086321390252,122637.52273203351,9.614662687855766,6.890175964872053,1.7225439912180132,211248.5278799268,27986219.32269648,220.06829419256533,127170.61049333999
2026-01-02 10:00:00,price_volatile,static_first_step,1067.0130345239306,0.20659513075258162,130.6600174608896,45.197352977889004,24.196076974328527,0.7192462340673021,7.041843315716059,163.1157074056356,0.2749993690833913,0.029998975419651075,45.86126485072822,35.30969120846575,0.8637032232290642,0.9153467339728922,0.9587383759983119,1.0412126145283813,0.46490055191058394,0.4127409756183624,0.6585881114006042,0.0,0.0,391.0908001299016,0.18111658992237342,0.6954947741917278,0.11928123290029362,0.16971657323331352,0.005249567059941922,0.3865791045867357,0.0009532088915147112,2.5995255970713425e-06,0.0023623915490994132,632.090213978123,82588.91839523899,5173.585370420003,1034.7170740840004,1975.007352772487,25919.98570041926,0.0,551.9107055664062,0.0,0.0,0.0,624.7865639857255,0.0,0.0,117868.91116248685,15.707289265190079,117884.61845175205,9.701551081789756,6.977804080188843,1.7444510200472108,205643.9429060351,28191863.265602518,221.81274521261255,127097.58061278208
2026-01-02 10:15:00,price_volatile,static_first_step,1064.2506893764635,0.20159513075258162,132.15270629409315,43.91749638749668,23.84896869974861,0.7247638416034848,7.062755814784859,163.1157074056356,0.2749993690833913,0.029998975419651075,45.86126485072822,35.30969120846575,0.8630035987728304,0.914334651734567,0.9580729991913886,1.041172201981791,0.465244536804657,0.41262009739875793,0.6586772203445435,0.0,0.0,391.0908001299016,0.17678124778537727,0.7000722901580279,0.11644178090031228,0.16575917127002734,0.005124602777422743,0.37737671134363987,0.000930533582947764,2.601220846356419e-06,0.0023061940484165834,632.1131593812665,83535.46469634381,5299.744101534651,1059.9488203069302,2024.1162088597362,25909.714888645773,0.0,655.1167602539062,0.0,0.0,0.0,624.7865639857255,0.0,0.0,119108.89203993054,15.32837217333718,119124.22041210387,9.442246780217209,6.84339904979836,1.71084976244959,203803.6441940405,28395666.90979656,223.52359497506214,127036.55250786647
2026-01-02 10:30:00,price_volatile,static_first_step,1020.2713251673687,0.19945498413728854,131.49144702261702,41.28244660424688,23.14896869974861,0.7191314667885393,6.942755814784859,163.1157074056356,0.2749993690833913,0.029998975419651075,45.86126485072822,35.30969120846575,0.864232628063066,0.9154427568674148,0.9584520965480214,1.04161849412007,0.46093358812586505,0.41654422879219055,0.6609346270561218,0.0,0.0,391.0908001299016,0.1750017557557533,0.7023405721383981,0.11566472017459534,0.16201221213353778,0.005090404334883941,0.3748583316098533,0.0009151058999079767,2.6020089448184757e-06,0.0022679587483057525,625.8179994322945,82289.71431815173,5335.348934118313,1067.0697868236625,2025.7544453920286,25650.4470384699,0.0,508.0308837890625,0.0,0.0,0.0,624.7865639857255,0.0,0.0,117501.15197073043,14.288252011772618,117515.4402227422,8.955955824997236,6.4405096489236255,1.6101274122309064,189214.83166301966,28584881.74145958,225.13372238729303,126968.4587379832
2026-01-02 10:45:00,price_volatile,static_first_step,1026.9685345119635,0.20099388745134322,137.67950509484172,39.277533848046765,23.61449953119764,0.7209091426031229,7.000166756636979,163.1157074056356,0.2749993690833913,0.029998975419651075,45.86126485072822,35.30969120846575,0.8656479879208687,0.9165435003038379,0.958804355206937,1.041322679691225,0.4558982197592413,0.41819432377815247,0.662274181842804,0.0,0.0,391.0908001299016,0.17628649165758667,0.7007307087177194,0.1167499920324665,0.16242643116026437,0.005138167149348851,0.37837559424076284,0.0009203886683259106,2.6014466808572563e-06,0.002281051332289673,623.5767257401275,85853.7349885626,5285.753178698378,1057.1506357396756,1993.0834864305505,25497.431986361047,0.0,515.7083740234375,0.0,0.0,0.0,624.7865639857255,0.0,0.0,120827.6492138014,13.542566196980617,120841.19177999838,9.084297657818231,6.548953235649298,1.6372383089123246,197845.82847683443,28782727.569936413,226.77096069620538,126924.2211682267
2026-01-02 11:00:00,price_volatile,static_first_step,1049.3734358599384,0.20451564260000896,138.9928444218016,41.63418587892957,23.230223181558696,0.722203549740668,6.969069723961389,163.1157074056356,0.2749993690833913,0.029998975419651075,45.86126485072822,35.30969120846575,0.8648662175173645,0.9161676520636477,0.9582911075652146,1.042660723144547,0.45822188722828133,0.42245998978614807,0.6644544005393982,0.0,0.0,391.0908001299016,0.17943005583008895,0.6978555064321266,0.1192230901853325,0.16298847214228332,0.005247008199056483,0.38639066959037127,0.0009301103051950658,2.6003244901134868e-06,0.002305145015203824,617.0860654403465,85770.54748861176,5176.108424461395,1035.221684892279,1957.9943882171465,25249.708572041127,0.0,500.24468994140625,0.0,0.0,0.0,624.7865639857255,0.0,0.0,120314.61181215083,14.40245346680574,120329.01426561763,9.445130565565703,6.821306822215634,1.7053267055539085,205200.281480135,28987927.851416547,228.47628740175927,126874.99512999064
2026-01-02 11:15:00,price_volatile,static_first_step,1023.2729412595088,0.20488971967967282,139.71032182462625,41.12930948246186,23.17514506382147,0.7207756387593184,6.956972000382381,163.1157074056356,0.2749993690833913,0.029998975419651075,45.86126485072822,35.30969120846575,0.8647734450466427,0.9158451192921444,0.9584586643393459,1.0417548310295077,0.45859149032568103,0.4174807369709015,0.6620346307754517,0.0,0.0,391.0908001299016,0.17976619779212152,0.697557842089019,0.11901144838121398,0.1660590743728135,0.005237693843257228,0.38570475867932585,0.0009394916350463577,2.6002068955017385e-06,0.0023283952959736454,624.4135750938905,87237.02152803287,5185.313260972224,1037.0626521944448,1962.4729353365915,25524.750029215553,0.0,517.5763549804688,0.0,0.0,0.0,624.7865639857255,0.0,0.0,122088.98332471788,14.218440591970017,122103.20176530984,9.227053249040928,6.650635199443719,1.6626587998609297,203015.96290628702,29190943.814322833,230.1389462016202,126840.52089449138
2026-01-02 11:30:00,price_volatile,static_first_step,998.9783041564332,0.20210757398038784,137.86728337398515,43.59706805140958,22.68619863451811,0.7203065958607193,7.00577311955575,163.1157074056356,0.2749993690833913,0.029998975419651075,45.86126485072822,35.30969120846575,0.8636056493763093,0.9144058277405941,0.9575823509179915,1.0415844229267912,0.46045266612577607,0.41584914922714233,0.6619080305099487,0.0,0.0,391.0908001299016,0.17739362140267562,0.7002721448967978,0.1174182625676725,0.16493956547140107,0.005167577735603267,0.38054139533822107,0.0009301892346052601,2.6011837654654303e-06,0.002305340630428649,626.6245452854039,86391.02375395737,5255.670012515779,1051.1340025031557,1994.187181913103,25539.19531914258,0.0,511.5585021972656,0.0,0.0,0.0,624.7865639857255,0.0,0.0,121367.55533621498,15.09483443650024,121382.65017065148,8.885666597347464,6.400404258688653,1.6001010646721632,194224.50777078816,29385168.32209362,231.73904726629237,126802.83564093104
2026-01-02 11:45:00,price_volatile,static_first_step,1021.6290942884613,0.20539808991064118,138.04920988997074,44.22400996410447,22.273024987512436,0.7221856836183028,7.010666535530431,163.1157074056356,0.2749993690833913,0.029998975419651075,45.86126485072822,35.30969120846575,0.8649013676890608,0.9157003349755085,0.9576957847015568,1.0427670872677612,0.4554751211592862,0.42366722226142883,0.665520191192627,0.0,0.0,391.0908001299016,0.1803407085120451,0.6976140339294706,0.12002038280875005,0.16326890670719982,0.0052820970474130894,0.388974618975871,0.0009329506280278535,2.600141790475907e-06,0.0023121843480474673,614.8571464540541,84880.5432631842,5141.7236560724405,1028.344731214488,1937.6434585630664,25129.20067894393,0.0,481.6465148925781,0.0,0.0,0.0,624.7865639857255,0.0,0.0,119223.88886685642,15.255634470680361,119239.1445013271,9.235087647461123,6.669448085956655,1.6673620214891638,198814.82101637125,29583983.143109992,233.40640928778154,126748.8036570325
2026-01-02 12:00:00,price_volatile,static_first_step,1053.1510452497243,0.20039808991064118,151.85413087896782,42.233735370922396,22.42275579225903,0.7193583125767797,6.985514246819664,163.1157074056356,0.2749993690833913,0.029998975419651075,45.86126485072822,35.30969120846575,0.8644617418739138,0.9152976805093926,0.9576959667277148,1.042951622000206,0.4568491300071439,0.4229237139225006,0.6660980582237244,0.0,0.0,391.0908001299016,0.17592955832229276,0.70192043950841,0.11718633718263667,0.15989990039952853,0.00515737069940784,0.37978974727508424,0.000912631129921506,2.601779789589708e-06,0.002261825385772055,616.0228691429791,93545.61739527521,5266.071594479844,1053.214318895969,1988.2661410037722,25064.023055906207,0.0,425.4984130859375,0.0,0.0,0.0,624.7865639857255,0.0,0.0,127967.47748263266,14.5595216708201,127982.03700430348,9.288286640217914,6.681606204236605,1.6704015510591512,213781.39311969822,29797764.536229692,235.0768108388407,126757.5667285101
2026-01-02 12:15:00,price_volatile,static_first_step,1000.493492987238,0.20112750093367643,167.0395439668646,42.0412649117422,21.72275579225903,0.7212042330452479,7.046236816253077,163.1157074056356,0.2749993690833913,0.029998975419651075,45.86126485072822,35.30969120846575,0.8650860672039533,0.9157053070491981,0.9574549474939843,1.0429303851570868,0.4538125359304055,0.42598068714141846,0.6672435998916626,0.0,0.0,391.0908001299016,0.17666821332843985,0.701671686320311,0.11788073464769641,0.15884715045607584,0.005187931131845119,0.3820402232614825,0.0009109424647313645,2.6016181042441965e-06,0.00225764027124998,611.2618447496118,102104.89979131955,5235.050861728571,1047.0101723457144,1968.287608430563,24935.15113238745,0.0,436.7622985839844,0.0,0.0,0.0,624.7865639857255,0.0,0.0,136351.94842878156,14.467889443951888,136366.4163182255,8.855989529136277,6.386977136217475,1.5967442840543689,217742.29579310498,30015506.832022797,236.67355512289504,126822.39389371978
2026-01-02 12:30:00,price_volatile,static_first_step,994.8361705974586,0.19639373225939058,183.74349836355108,42.102407682914844,21.72868136818577,0.7224864141455554,6.993386252563913,163.1157074056356,0.2749993690833913,0.029998975419651075,45.86126485072822,35.30969120846575,0.863893319714988,0.9146574297045603,0.9569447638084991,1.0429816290738847,0.45753747680509554,0.425020307302475,0.6676554083824158,0.0,0.0,391.0908001299016,0.1725093235349279,0.7058264267470403,0.11517678285448657,0.15581445554764203,0.005068930213425954,0.37327697327111303,0.0008920625860422475,2.6031841254006307e-06,0.002210849199261219,612.6568799868982,112571.71842529094,5357.951717389729,1071.5903434779457,2024.874369435935,24888.931284386887,0.0,450.9662170410156,0.0,0.0,0.0,624.7865639857255,0.0,0.0,146990.81892100818,14.557316709376545,147005.37623771754,8.59865569121739,6.212411916819923,1.5531029792049809,228314.4877939482,30243821.319816746,238.22665810210003,126953.97551543011
2026-01-02 12:45:00,price_volatile,static_first_step,996.103043730996,0.19775374496084405,202.1178481999062,44.08644749549311,21.028681368185772,0.7214127248158356,7.075770306273538,163.1157074056356,0.2749993690833913,0.029998975419651075,45.86126485072822,35.30969120846575,0.8658327800558236,0.9163242405167139,0.9577596226007412,1.0427496887425707,0.4514498063788947,0.4265502691268921,0.6682946681976318,0.0,0.0,391.0908001299016,0.17380092029216485,0.7050252742771231,0.11615022835909536,0.15615115500855284,0.005111771550083787,0.3764318173516584,0.0008958751492033144,2.6028136304721137e-06,0.002220298090340907,610.1164777450929,123315.42963314413,5313.047165010556,1062.609433002111,1991.085142342972,24817.29599137505,0.0,423.22906494140625,0.0,0.0,0.0,624.7865639857255,0.0,0.0,157547.48299380197,15.137549656291737,157562.62054345827,8.669226550719442,6.2540903480003,1.563522587000075,246352.71608661904,30490174.035903364,239.7901806891001,127153.55544702387
2026-01-02 13:00:00,price_volatile,static_first_step,988.7791107001174,0.20158060410820722,201.9450003782701,41.44126064576352,20.928399364420088,0.7114127248158356,6.956121594964686,163.1157074056356,0.2749993690833913,0.029998975419651075,45.86126485072822,35.30969120846575,0.8647123323065034,0.9152921160578724,0.9566440597288495,1.0442418408883039,0.4528606769208115,0.43211162090301514,0.6701003313064575,0.0,0.0,391.0908001299016,0.1771776387294645,0.7017188617473703,0.11872679441270999,0.1560327553642619,0.005225166222103367,0.38478222230385667,0.0009038902381441216,2.601558969980694e-06,0.002240162338930694,602.2112986059465,121613.56092477638,5197.745332477004,1039.549066495401,1951.6886708050934,24615.69210467001,0.0,256.0071105957031,0.0,0.0,0.0,624.7865639857255,0.0,0.0,155299.0297738053,14.146157414152576,155313.17593121945,8.772015567342889,6.240523496890333,1.5601308742225832,242308.88094385926,30732482.91684722,241.3503115633227,127335.58418789938
2026-01-02 13:15:00,price_volatile,static_first_step,961.6781251669709,0.1965806041082072,205.81937411936633,42.269007634020575,20.61062980487748,0.7200259167956432,7.033108984371238,163.1157074056356,0.2749993690833913,0.029998975419651075,45.86126485072822,35.30969120846575,0.8673995250201983,0.9169628372713833,0.9583992774125235,1.0421241100306011,0.44420134132266553,0.42383667826652527,0.6685478091239929,0.0,0.0,391.0908001299016,0.17282655498883642,0.7062928023224346,0.11554281469623388,0.15706882364841118,0.005085039274781254,0.3744632475758999,0.0008965968014371562,2.603249768814501e-06,0.0022220866019187916,613.8176097487532,126335.55626193383,5340.978087828554,1068.1956175657108,1981.4211402019703,24788.966948400688,0.0,397.4990539550781,0.0,0.0,0.0,624.7865639857255,0.0,0.0,160537.40367387157,14.391622742195505,160551.79529661377,8.319970211998765,5.990594179606853,1.4976485449017132,240450.16260733132,30972933.079454552,242.8479601082244,127540.42926962023
2026-01-02 13:30:00,price_volatile,static_first_step,992.895611954847,0.1985543772644238,205.65405489779397,41.82459358692484,19.91062980487748,0.7230476292852356,7.057202544752561,163.1157074056356,0.2749993690833913,0.029998975419651075,45.86126485072822,35.30969120846575,0.8657804789772447,0.9160682515182467,0.9572314768246001,1.0440232400618987,0.4491972009244739,0.4316612184047699,0.6708015203475952,0.0,0.0,391.0908001299016,0.17465937756860775,0.704951299764605,0.11716177601598675,0.15425888335497118,0.005156289762463577,0.37971014687542143,0.0008921811515727477,2.602676447486649e-06,0.0022111430469264706,602.3569306668973,123877.14528743677,5267.17554549886,1053.435109099772,1967.7248425141222,24537.696298140552,0.0,409.4481506347656,0.0,0.0,0.0,624.7865639857255,0.0,0.0,157737.41179731055,14.419795348609034,157751.83159265915,8.676297314191242,6.273376203999834,1.5683440509999584,247409.14661269428,31220342.22606725,244.41630415922435,127734.28652177328
2026-01-02 13:45:00,price_volatile,static_first_step,997.2189151559737,0.1975796074313855,213.44470551533243,42.584893169211995,20.042574503586803,0.7179734820119601,7.036079219374444,163.1157074056356,0.2749993690833913,0.029998975419651075,45.86126485072822,35.30969120846575,0.8687560405524207,0.917932720388826,0.9583663847076591,1.043134994873153,0.43755911033645223,0.4301888942718506,0.6717216968536377,0.0,0.0,391.0908001299016,0.17378281005449142,0.7057352151781425,0.11673368405379639,0.15462079675255497,0.005137449435207579,0.3783227416365549,0.0008920575805735102,2.602984216424953e-06,0.0022108367939247297,604.4823210195133,129023.55099923465,5286.4916112321625,1057.2983222464325,1942.9481600026713,24435.588777616278,0.0,320.88397216796875,0.0,0.0,0.0,624.7865639857255,0.0,0.0,162691.54840648588,14.37832326241032,162705.9267297483,8.67129565952325,6.225760338223105,1.5564400845557762,253242.02635697534,31473584.252424225,245.97274424378014,127955.57633503978
2026-01-02 14:00:00,price_volatile,static_first_step,947.357969398175,0.1925796074313855,210.13852767409378,41.481320740435,19.40663532512457,0.7249008895431409,6.979318794934015,163.1157074056356,0.2749993690833913,0.029998975419651075,45.86126485072822,35.30969120846575,0.8670134513926473,0.9161463686723996,0.9575571690779591,1.042160784340163,0.4428515041063492,0.424861341714859,0.6701146364212036,0.0,0.0,391.0908001299016,0.16947116632769516,0.7104935977277438,0.11356510900756077,0.15373412780622947,0.00499800044742275,0.3680536919762992,0.0008782801588818992,2.6047108074486926e-06,0.002176691429920707,611.7599091426079,128554.326597265,5433.989778123975,1086.797955624795,2012.1128531385357,24614.099263715038,0.0,450.230224609375,0.0,0.0,0.0,624.7865639857255,0.0,0.0,162776.34323646242,14.646662036411469,162790.98989849884,8.02926475538102,5.820421163553091,1.4551052908882727,236878.03071024502,31710462.283134468,247.4278495346684,128160.44088315673
2026-01-02 14:15:00,price_volatile,static_first_step,952.9792266031566,0.19709676290186168,216.83626535322028,38.9924414960089,19.369431463765373,0.7204209908608473,6.967897727592109,163.1157074056356,0.2749993690833913,0.029998975419651075,45.86126485072822,35.30969120846575,0.8674846268656766,0.9169272244302432,0.9579103859932074,1.0424971394744895,0.4426320044705364,0.4270316958427429,0.6698656678199768,0.0,0.0,391.0908001299016,0.1734518084890899,0.7065391048366588,0.11618941152812692,0.15589674193368636,0.005113496001352866,0.37655880626710464,0.0008939822347334204,2.603220529656299e-06,0.002215606773267962,608.623186115263,131971.57868461154,5311.255418048407,1062.2510836096815,1966.0602071385738,24641.831044604696,0.0,383.3764953613281,0.0,0.0,0.0,624.7865639857255,0.0,0.0,165961.13949735995,13.750209565809175,165974.88970692575,8.266359600959644,5.955258974535425,1.4888147436338564,247105.86286867424,31957568.146003142,248.91666427830228,128386.6158124024
2026-01-02 14:30:00,price_volatile,static_first_step,968.4217769023184,0.19209676290186167,213.49223363664714,41.33198798576944,19.393590703838136,0.7191955683795427,6.962397160337169,163.1157074056356,0.2749993690833913,0.029998975419651075,45.86126485072822,35.30969120846575,0.8682808734265781,0.9173120527951667,0.9581082386532264,1.0429076953780247,0.4384235037822996,0.42873483896255493,0.6721570491790771,0.0,0.0,391.0908001299016,0.16904774622594748,0.7109261862526989,0.11362663427360634,0.15140112635475333,0.005000708174381415,0.36825308949826513,0.0008708075686176259,2.604872131616847e-06,0.0021581716865073305,606.2309620040123,129425.60217792996,5431.047442738215,1086.209488547643,1998.5180434910071,24387.37726706325,0.0,331.89300537109375,0.0,0.0,0.0,624.7865639857255,0.0,0.0,163285.43398912688,14.481707869570872,163299.91569699644,8.187210599415252,5.888205580489468,1.472051395122367,240385.86872512853,32197954.01472827,250.38871567342463,128591.87335232475
2026-01-02 14:45:00,price_volatile,static_first_step,963.3767502830653,0.19401467557719979,209.85826488678578,42.04934159636016,18.811940609583175,0.719902745197412,7.011711447691593,163.1157074056356,0.2749993690833913,0.029998975419651075,45.86126485072822,35.30969120846575,0.8690107312827944,0.9177524365789623,0.9585488859512137,1.0423157065530022,0.43599608668732115,0.42617809772491455,0.6712245345115662,0.0,0.0,391.0908001299016,0.17081483924254062,0.7095681007772345,0.11465511095824234,0.15437586827393973,0.005045971433272245,0.371586284387081,0.0008835503625830903,2.604303929896014e-06,0.00218975287405594,609.576883508879,127924.74708826767,5382.329983731591,1076.465996746318,1973.7970990091621,24490.72170221517,0.0,355.43536376953125,0.0,0.0,0.0,624.7865639857255,0.0,0.0,161828.28379772516,15.19392005743766,161843.4777177826,8.225875109527228,5.921830072999715,1.4804575182499287,239602.39336700607,32437556.408095278,251.86917319167458,128787.32239062071
2026-01-02 15:00:00,price_volatile,static_first_step,933.7588334936797,0.18901467557719978,209.06400899987267,39.52638110057855,18.545453394035437,0.7190846553482287,6.968052125701367,163.1157074056356,0.2749993690833913,0.029998975419651075,45.86126485072822,35.30969120846575,0.8699579296349529,0.917912816530155,0.9586113354957567,1.0416025972567444,0.43069206165448315,0.42413410544395447,0.6720508933067322,0.0,0.0,391.0908001299016,0.16644758929780593,0.7141228675272021,0.11186125107634255,0.15187902895968242,0.004923013659869835,0.3625316508523285,0.0008659902202433377,2.6059883958237947e-06,0.00214623257936115,612.3949670454547,128029.74690186766,5516.759696147656,1103.3519392295311,2007.8791531974928,24399.127354748398,0.0,331.8265686035156,0.0,0.0,0.0,624.7865639857255,0.0,0.0,162013.47817777997,14.411489205821267,162027.88966698578,7.767506352356507,5.585494628299456,1.396373657074864,226251.4768424115,32663807.88493769,253.26554684874944,128970.59347928032
2026-01-02 15:15:00,price_volatile,static_first_step,964.6148169971718,0.1930957877597502,211.88802700567,40.29730166263863,18.320041496911436,0.7164870465846199,7.027068748574665,163.1157074056356,0.2749993690833913,0.029998975419651075,45.86126485072822,35.30969120846575,0.8719898941886695,0.919320157146196,0.96010132890895,1.0397364654056507,0.42508900739315486,0.41614919900894165,0.6683734655380249,0.0,0.0,391.0908001299016,0.17007224676715443,0.7106568861127887,0.11367177696360116,0.15947972070673014,0.005002694904168087,0.3683993926530239,0.0008967303300315704,2.604664114586591e-06,0.002222417533392276,624.0141738280878,132221.13211600672,5428.890600489386,1085.7781200978773,1960.0807767047058,24808.47546775541,0.0,347.237548828125,0.0,0.0,0.0,624.7865639857255,0.0,0.0,166476.38119386794,14.769045050842802,166491.15023891878,8.197437181382758,5.873357555651884,1.468339388912971,244465.51380123166,32908273.39873892,254.7338862376624,129186.86981454858
2026-01-02 15:30:00,price_volatile,static_first_step,952.3342670837123,0.1894512410520303,211.4458275357265,39.21145919265628,18.073261515049456,0.7208423285632657,6.927522378206745,163.1157074056356,0.2749993690833913,0.029998975419651075,45.86126485072822,35.30969120846575,0.8738992678197512,0.92072275684103,0.9604886018110771,1.0404308223976466,0.41696527948436846,0.4212406277656555,0.6726236343383789,0.0,0.0,391.0908001299016,0.1668945719489476,0.7140083443851764,0.1122572335356492,0.15423470987228843,0.0049404408479039215,0.36381499225339176,0.0008746950553534855,2.605897899045974e-06,0.0021678062649232287,616.3634606550762,130327.48200099678,5497.2995686968,1099.45991373936,1961.5571261744506,24335.77627581005,0.0,348.7559814453125,0.0,0.0,0.0,624.7865639857255,0.0,0.0,164195.11743084848,14.49581769765345,164209.61324854614,7.940324196084893,5.723721783053075,1.4309304457632688,234972.5350843561,33143245.933823276,256.16481668342567,129382.50600894367
2026-01-02 15:45:00,price_volatile,static_first_step,971.9011088532756,0.1915360514463969,212.54522373422617,39.84657319551349,18.472224423644416,0.7208211411340549,7.046785712888659,163.1157074056356,0.2749993690833913,0.029998975419651075,45.86126485072822,35.30969120846575,0.8733358413821544,0.9201468090894835,0.9602353974216303,1.0407306939339853,0.4181721310741121,0.4208720624446869,0.6719921231269836,0.0,0.0,391.0908001299016,0.16867718035369253,0.711944818873625,0.11334973654895097,0.15597137854825882,0.004988521905519332,0.367355690369696,0.000884263112689346,2.605162969543013e-06,0.002191519322987152,617.0941326808835,131160.41049573664,5444.314740265106,1088.862948053021,1946.0676261680421,24405.634053171336,0.0,357.6409606933594,0.0,0.0,0.0,624.7865639857255,0.0,0.0,165027.71738807324,14.429282633045863,165042.14667070628,8.192641975597633,5.905429537753044,1.476357384438261,243661.19198083977,33386907.125804115,257.6411740678639,129586.8459169878
2026-01-02 16:00:00,price_volatile,static_first_step,923.3060534106118,0.1865360514463969,204.41843835233712,39.28859385539533,17.849324437524658,0.724276489067245,6.926785712888659,163.1157074056356,0.2749993690833913,0.029998975419651075,45.86126485072822,35.30969120846575,0.8757603492671028,0.9220964669050995,0.9613244117796949,1.0400064986754416,0.41049739281323255,0.42116498947143555,0.6740376353263855,0.0,0.0,391.0908001299016,0.16435571360714418,0.7167049594795417,0.11078193655214011,0.15225497136172061,0.004875513027659686,0.35903369537191854,0.0008632001543572045,2.606887610912022e-06,0.0021393178011530297,616.3710005639443,125997.59738094901,5570.507798517977,1114.1015597035955,1968.9441343199696,24179.83415093547,0.0,378.5912780761719,0.0,0.0,0.0,624.7865639857255,0.0,0.0,159834.36286648788,14.645087418275216,159849.00795390614,7.579836379764746,5.489897280840187,1.3724743202100467,219388.6585277877,33606295.7843319,259.013648388074,129747.2005567073
2026-01-02 16:15:00,price_volatile,static_first_step,927.0323645663766,0.18794398073247967,209.2943799827843,39.6243949385881,18.205286176773505,0.714276489067245,6.994325720510699,163.1157074056356,0.2749993690833913,0.029998975419651075,45.86126485072822,35.30969120846575,0.8776405370495631,0.9232329704333955,0.961873126919905,1.039382282613442,0.402857322241365,0.4203689992427826,0.6739844083786011,0.0,0.0,391.0908001299016,0.1655487258053172,0.7152612097021134,0.11157726001972797,0.1538496789207086,0.004910515213468228,0.3616112629110966,0.000871291403265255,2.6063816112306607e-06,0.0021593708013004204,617.7088257169967,129282.98568833258,5530.801181078553,1106.1602362157105,1932.9365172535133,24185.69239648229,0.0,243.51780700683594,0.0,0.0,0.0,624.7865639857255,0.0,0.0,162906.8803903552,14.283146560033359,162921.16353691524,7.667869027564363,5.476978567636142,1.3692446419090356,223078.93022650693,33829374.71455841,260.382893029983,129921.64854187625
2026-01-02 16:30:00,price_volatile,static_first_step,940.7293011368358,0.19294398073247968,201.47337870571775,37.35963422640241,17.906788768301094,0.721096122893744,7.040399294790399,163.1157074056356,0.2749993690833913,0.029998975419651075,45.86126485072822,35.30969120846575,0.8783775464487179,0.9234435329312565,0.9624080923641098,1.0386713646126418,0.39971219139552805,0.41554373502731323,0.6706733703613281,0.0,0.0,391.0908001299016,0.16999326442318807,0.7110269214287168,0.11400995558942399,0.16035335681120752,0.00501757814549055,0.36949539734028475,0.0009004110450628102,2.604761995424368e-06,0.0022315396577889824,624.7148273444105,125863.40699263751,5412.787315881261,1082.5574631762522,1882.8399056095616,24551.938707604102,0.0,381.36773681640625,0.0,0.0,0.0,624.7865639857255,0.0,0.0,159799.68468571082,13.712387582205917,159813.39707329302,7.988169551294618,5.760238092456408,1.440059523114102,230140.80437661096,34059515.518935025,261.82295255309714,130086.05695876807
2026-01-02 16:45:00,price_volatile,static_first_step,928.5738697812462,0.19089961942259104,216.83782700893963,38.54665321620822,17.99004463961869,0.7243898880686992,7.001734739849188,163.1157074056356,0.2749993690833913,0.029998975419651075,45.86126485072822,35.30969120846575,0.8761408780383965,0.921875998346996,0.9617597831614687,1.0379645413923657,0.4092141088243911,0.4116039574146271,0.6683587431907654,0.0,0.0,391.0908001299016,0.16818155263283657,0.7127799808225168,0.11240561114555421,0.16068606465257537,0.004946970946515841,0.3642958699420534,0.0008962974318992946,2.6054283919728506e-06,0.00222134465744828,630.739002002254,136768.07460395596,5490.04302551695,1098.00860510339,1936.8396169015039,24810.123319848328,0.0,470.9237365722656,0.0,0.0,0.0,624.7865639857255,0.0,0.0,171198.79947188412,14.243817783804316,171213.04328966793,7.801406171251581,5.651259743171392,1.412814935792848,241892.34476219027,34301407.863697216,263.23576748888996,130306.78995834003
2026-01-02 17:00:00,price_volatile,static_first_step,918.5240778309985,0.18603837243150242,201.42262923900307,37.6955438578031,17.7341803691285,0.7163154193453999,6.9622644978207004,163.1157074056356,0.2749993690833913,0.029998975419651075,45.86126485072822,35.30969120846575,0.8778023340100014,0.9234684719153667,0.9626661719778703,1.0380631920152454,0.4045960469597482,0.4141179621219635,0.6703229546546936,0.0,0.0,391.0908001299016,0.163932425105834,0.7172093854175434,0.10988766756065192,0.15546588115404056,0.004836156249344291,0.35613545482239173,0.00087072241805049,2.607065255888878e-06,0.002157960653037129,626.7973944709715,126251.17919449965,5615.840750810446,1123.1681501620892,1967.7341285428154,24590.911220930393,0.0,317.2964172363281,0.0,0.0,0.0,624.7865639857255,0.0,0.0,160490.91642616747,13.985192422668293,160504.90161859014,7.520460684313115,5.3870219487543425,1.3467554871885856,216160.85697550038,34517568.72067271,264.58252297607856,130460.50182155649
2026-01-02 17:15:00,price_volatile,static_first_step,959.8832998010932,0.18837180422770988,210.66095904674745,36.94805149846316,17.09894111032487,0.7216512917247653,6.904562911638103,163.1157074056356,0.2749993690833913,0.029998975419651075,45.86126485072822,35.30969120846575,0.8796023073508366,0.924457107040303,0.9631987835496872,1.0377544368855058,0.3966693570124099,0.41339728236198425,0.6702969074249268,0.0,0.0,391.0908001299016,0.1660724069585776,0.7155173001358895,0.11131782079294845,0.1579578184647507,0.004899097293097661,0.3607704451098006,0.0008831433231523889,2.6063661017763247e-06,0.0021887440851957023,627.5633224883127,132203.0913779512,5543.691361389926,1108.738272277985,1919.603284249442,24593.8097672038,0.0,395.5912780761719,0.0,0.0,0.0,624.7865639857255,0.0,0.0,166389.31190513427,14.124067936017786,166403.43597307027,7.957665906879822,5.7426598808139495,1.4356649702034874,238899.58394803584,34756468.30462075,266.018187946282,130654.48108247112
2026-01-02 17:30:00,price_volatile,static_first_step,961.4629340360825,0.18650031901321135,211.11071330234356,35.82512229972232,17.60161605233189,0.7188738267324081,7.014954944206041,163.1157074056356,0.2749993690833913,0.029998975419651075,45.86126485072822,35.30969120846575,0.8794262303015447,0.9248473386892403,0.963123932573424,1.0383608290678696,0.39877740667936834,0.41787034273147583,0.6724225282669067,0.0,0.0,391.0908001299016,0.16435672092118614,0.7168785209020818,0.11051716181948239,0.15395999895979046,0.00486386029167542,0.35817558570471236,0.0008677546556663967,2.6069276284188098e-06,0.0021506054795401887,621.1048183282404,131121.88123279734,5583.853505997595,1116.770701199519,1939.6310934472574,24358.00839223719,0.0,323.6580810546875,0.0,0.0,0.0,624.7865639857255,0.0,0.0,165068.5895707193,13.336196544255172,165081.92576726357,7.891571463791904,5.673044177108357,1.4182610442770893,234129.26442995216,34990597.5690507,267.43644899055914,130837.05568602549
2026-01-02 17:45:00,price_volatile,static_first_step,913.3897873342784,0.1896738447888796,216.15245566765714,37.86696059779255,17.684480308731956,0.7174256020092246,7.070083439273783,163.1157074056356,0.2749993690833913,0.029998975419651075,45.86126485072822,35.30969120846575,0.8785996846687714,0.9234701163439906,0.9629240106355911,1.036656378075217,0.4005292719891282,0.40784505009651184,0.6674405336380005,0.0,0.0,391.0908001299016,0.1671422469359405,0.7140345898569705,0.11155751048837859,0.16197164914382162,0.004909646036593542,0.36154725656274306,0.0008975139220740116,2.605868699526238e-06,0.0022243595539037115,636.3960500185276,137558.5689887019,5531.780323861811,1106.356064772362,1926.5820172191338,24913.04090787882,0.0,374.77581787109375,0.0,0.0,0.0,624.7865639857255,0.0,0.0,172035.89068429082,14.043039568261083,172049.93372385908,7.624563182729491,5.470056831427074,1.3675142078567686,235280.7288281927,35225878.29787889,268.8039631984159,131046.72222364943
2026-01-02 18:00:00,price_volatile,static_first_step,927.3668664546965,0.18665456876948824,237.76770123442287,38.99817226488406,17.179303290595545,0.7175870462655792,6.997386263108567,163.1157074056356,0.2749993690833913,0.029998975419651075,45.86126485072822,35.30969120846575,0.8776236025824281,0.9236569556328618,0.9625931999759483,1.0385846942559847,0.4060322539134853,0.4170283079147339,0.6711596250534058,0.0,0.0,391.0908001299016,0.16454863507222847,0.7169843848369255,0.11043840021812655,0.15438391069489407,0.0048603939935997495,0.3579203268631693,0.0008685935935511532,2.606924531043999e-06,0.002152684666785304,622.1481610028744,147926.73806887705,5587.835755314862,1117.5671510629725,1962.0946097830858,24497.92587869299,0.0,323.3258972167969,0.0,0.0,0.0,624.7865639857255,0.0,0.0,182040.27392493348,14.933257520385983,182055.20718245386,7.618010524790862,5.46658567090477,1.3666464177261926,248805.09672430035,35474683.39460319,270.1706096161421,131304.74645264176
2026-01-02 18:15:00,price_volatile,static_first_step,959.950512363506,0.1886504073392376,261.5444713578652,38.28553217584033,17.371447515962945,0.7143270351540237,7.004715926475133,163.1157074056356,0.2749993690833913,0.029998975419651075,45.86126485072822,35.30969120846575,0.8789767275291408,0.9238157368692586,0.9632321254092701,1.0366044578053466,0.3995949488446479,0.4075957238674164,0.6673458218574524,0.0,0.0,391.0908001299016,0.16628203838860564,0.7151154732418732,0.11096762356857648,0.16128160222943355,0.004883685113253051,0.35963548929039146,0.0008930904977814699,2.6062428175970938e-06,0.002213396731106102,636.6285703531332,166506.6828843237,5561.18642224733,1112.237284449466,1934.1215411496319,24923.672798059702,0.0,331.0851745605469,0.0,0.0,0.0,624.7865639857255,0.0,0.0,200993.77266877607,14.395782792017679,201008.16845156808,7.96999337859878,5.693181740331667,1.4232954350829168,286094.00857149484,35760777.40317469,271.593905051225,131670.0291798886
2026-01-02 18:30:00,price_volatile,static_first_step,971.3406814382453,0.1873858293187652,279.91475530020836,38.04498445371025,17.086863141515526,0.7225391698312215,7.027917335005495,163.1157074056356,0.2749993690833913,0.029998975419651075,45.86126485072822,35.30969120846575,0.8813613393427103,0.925358429832374,0.9641651523570217,1.0358212664163466,0.3905375974557575,0.4062556028366089,0.6675324440002441,0.0,0.0,391.0908001299016,0.1652046454457018,0.7163935820335906,0.11027946073456311,0.16117392960530177,0.004853399066928122,0.3574052191488586,0.0008902770891033915,2.606693563007378e-06,0.0022064241011354627,638.585008375072,178749.36635768978,5595.889183607595,1119.177836721519,1919.8351467503442,24902.72637592086,0.0,453.86126708984375,0.0,0.0,0.0,624.7865639857255,0.0,0.0,213365.6427317657,14.479376611304152,213380.122108377,8.010501237055268,5.7879009137538855,1.4469752284384714,308755.7509319977,36069533.154106684,273.0408802796635,132103.05034602247
2026-01-02 18:45:00,price_volatile,static_first_step,934.8183381172892,0.18510215979776506,278.3560642995595,38.36608986871691,17.568950020380594,0.7160203216639088,6.98632615296328,163.1157074056356,0.2749993690833913,0.029998975419651075,45.86126485072822,35.30969120846575,0.8805197322992843,0.9254545492265596,0.9636656684754078,1.0374185594315535,0.39486022985046104,0.4146052598953247,0.6712799668312073,0.0,0.0,391.0908001299016,0.16312873206445244,0.7181295358134664,0.10950504984944254,0.1546137649410144,0.004819317243873966,0.35489542729583196,0.0008665562730754177,2.607393771340891e-06,0.002147635460134455,625.9806056171113,174245.49770743382,5635.462860818576,1127.0925721637152,1946.0792839936116,24484.57047813621,0.0,300.2552185058594,0.0,0.0,0.0,624.7865639857255,0.0,0.0,208363.7446850375,14.22718816381703,208377.9718732013,7.615353678713016,5.452747990616525,1.3631869976541313,284058.1418550863,36353591.295961775,274.4040672773176,132481.96958838147
2026-01-02 19:00:00,price_volatile,static_first_step,938.2357815157079,0.1848760160818076,290.8189847155194,37.27977649677541,17.317678409685364,0.7184198028844822,6.986585658832146,163.1157074056356,0.2749993690833913,0.029998975419651075,45.86126485072822,35.30969120846575,0.8791180199478933,0.9240369873013216,0.9635095652149929,1.036799303829457,0.3995860354162597,0.4080057740211487,0.6679242253303528,0.0,0.0,391.0908001299016,0.16296222453003542,0.7184732031626723,0.10884641757733492,0.15793024223457486,0.00479033083757851,0.35276086289024666,0.000875100563972636,2.6074971147907653e-06,0.0021688112598865538,635.9726340976446,184952.9157551315,5669.563181169146,1133.9126362338293,1971.7875478984765,24858.791018202985,0.0,382.4703369140625,0.0,0.0,0.0,624.7865639857255,0.0,0.0,219594.22703953573,14.09572562271247,219608.32276515846,7.633855483943434,5.484312952023265,1.3710782380058162,301100.19222826604,36654691.48819004,275.7751455153234,132915.13787326904
2026-01-02 19:15:00,price_volatile,static_first_step,935.6760284595549,0.1864274250252452,285.4906810652432,38.82257200884894,17.7622124913206,0.721881582306922,6.988884006917576,163.1157074056356,0.2749993690833913,0.029998975419651075,45.86126485072822,35.30969120846575,0.8801093362403004,0.9251214197499705,0.9641288470665699,1.036021555929883,0.39813090322659034,0.4071406126022339,0.6669833064079285,0.0,0.0,391.0908001299016,0.16427176568490687,0.71685029034281,0.10956652542598766,0.15954572236893177,0.004822022783997717,0.35509466377886384,0.0008830758875975034,2.6069333239577493e-06,0.0021885769558430616,637.5456762599109,182013.34932564304,5632.300915807356,1126.4601831614712,1954.566514657284,24964.3949400735,0.0,452.0728759765625,0.0,0.0,0.0,624.7865639857255,0.0,0.0,216767.93131930495,14.34773410252332,216782.27905340746,7.676913953043202,5.541822791656914,1.3854556979142285,300342.24372137565,36955033.73191141,277.16060121323767,133334.36848579897
2026-01-02 19:30:00,price_volatile,static_first_step,961.3566744871597,0.1855885612664581,284.21194531674666,36.493217688318,17.82739893745581,0.7166781826421859,7.053419929064849,163.1157074056356,0.2749993690833913,0.029998975419651075,45.86126485072822,35.30969120846575,0.8815288947383149,0.9260923474087713,0.9642436287067594,1.0373266112620376,0.3909654488533212,0.4132227301597595,0.6707839965820312,0.0,0.0,391.0908001299016,0.1635233470251376,0.7175527749359609,0.10968884425199221,0.15575842243051696,0.004827406035530177,0.3554910874331236,0.0008710948806815469,2.6072036188256127e-06,0.002158883748257701,628.2019391445318,178542.4951760199,5626.020090802553,1125.2040181605105,1931.4241371427372,24539.643543635764,0.0,315.9417419433594,0.0,0.0,0.0,624.7865639857255,0.0,0.0,212705.51527169053,13.300298923620185,212718.81557061416,7.8521234596278795,5.627445570928182,1.4068613927320455,299265.8891339853,37254299.6210454,278.5674626059697,133735.28721744922
2026-01-02 19:45:00,price_volatile,static_first_step,942.9011771607788,0.1877113975192764,285.6447831422886,38.68281074961708,17.773909533787858,0.7183919360327952,6.938317833514528,163.1157074056356,0.2749993690833913,0.029998975419651075,45.86126485072822,35.30969120846575,0.8777416619463437,0.9231001742716038,0.9626077753857856,1.0373763869227544,0.4041401545749919,0.41059115529060364,0.668562114238739,0.0,0.0,391.0908001299016,0.16540128493640127,0.7157125283392637,0.11058103275488453,0.15874049213814515,0.004866671251542468,0.358382585317447,0.0008837708855199808,2.6065074685897305e-06,0.0021902994085324116,632.1932677383631,180582.70886713953,5580.628305999987,1116.1256611999975,1954.0730756704515,24787.366701047227,0.0,372.45196533203125,0.0,0.0,0.0,624.7865639857255,0.0,0.0,215018.14114037497,14.334644594981107,215032.47578496995,7.789475031223381,5.595896048359682,1.3989740120899206,300824.8453785281,37555124.46642393,279.9664366180596,134141.52396295272
2026-01-02 20:00:00,price_volatile,static_first_step,937.8731620037238,0.19033362338030535,283.6982735192858,36.361842104640054,18.32358523039444,0.7187922745937715,6.967365764550966,163.1157074056356,0.2749993690833913,0.029998975419651075,45.86126485072822,35.30969120846575,0.8780794180078728,0.9237294266057984,0.9632467065840682,1.0364331927974149,0.4056633800680435,0.40760013461112976,0.6660932302474976,0.0,0.0,391.0908001299016,0.1676388424988858,0.7130877953690881,0.11166309811503432,0.16228944827886385,0.004914292948042661,0.36188945599492145,0.000899362644433745,2.605577362403585e-06,0.002228941347168696,637.1027535531579,180744.95123741392,5526.549521874069,1105.3099043748139,1939.514687823939,25064.567134876455,0.0,416.5781555175781,0.0,0.0,0.0,624.7865639857255,0.0,0.0,215422.25720586648,13.097846313096403,215435.35505217957,7.856172164565719,5.646955859768466,1.4117389649421166,304138.4851533014,37859262.95157723,281.37817558300173,134549.3937940805
2026-01-02 20:15:00,price_volatile,static_first_step,984.76682010391,0.19096701200395136,286.14731062029267,38.01020480565648,18.319237567433316,0.7200658528552167,6.948216204706071,163.1157074056356,0.2749993690833913,0.029998975419651075,45.86126485072822,35.30969120846575,0.8767564161071975,0.9230603627325774,0.962775327221559,1.037721937835779,0.41072413090522,0.41132214665412903,0.6669910550117493,0.0,0.0,391.0908001299016,0.16819745514651305,0.712532243752475,0.11218619805846411,0.1605591484161765,0.004937314576553006,0.36358477304374415,0.0008953963989252076,2.60536829751327e-06,0.0022191115764285878,631.3378042497601,180655.61477898963,5500.780418434556,1100.1560836869112,1944.9469520450702,24963.52405973306,0.0,422.539794921875,0.0,0.0,0.0,624.7865639857255,0.0,0.0,215212.34865179684,13.774334062021602,215226.12298585885,8.27643157463012,5.959575760383882,1.4898939400959705,320664.0963869812,38179927.04796421,282.8680695230977,134974.32606067476
2026-01-02 20:30:00,price_volatile,static_first_step,945.5296688332127,0.18887961431068565,297.2596490587188,38.058475898054205,18.488163349532066,0.7228969504110437,6.963808920075271,163.1157074056356,0.2749993690833913,0.029998975419651075,45.86126485072822,35.30969120846575,0.8775694299844168,0.9234041434683056,0.9629264858005991,1.037703107303556,0.4065561116134308,0.4115232229232788,0.6678488850593567,0.0,0.0,391.0908001299016,0.1663360321316918,0.7142747479272318,0.1110873336043477,0.1588545005775302,0.004888953551927342,0.3600234581042045,0.0008863124138494356,2.606039675571846e-06,0.0021965982220461633,631.120063383459,187606.52855528338,5555.193571362019,1111.0387142724037,1952.1460067597752,24867.235865125578,0.0,454.5431213378906,0.0,0.0,0.0,624.7865639857255,0.0,0.0,222171.47239812676,13.634662486227986,222185.107060613,7.859802196206897,5.68182703847199,1.4204567596179976,315604.3372106962,38495531.38517491,284.2885262827157,135410.0775312063
2026-01-02 20:45:00,price_volatile,static_first_step,973.7489473842761,0.19208509721048353,277.0016599853393,37.70087377889342,18.960090793974544,0.7231485864698411,6.955690664707923,163.1157074056356,0.2749993690833913,0.029998975419651075,45.86126485072822,35.30969120846575,0.876282464739127,0.9227718012309929,0.9626390721196105,1.0382483202155304,0.41233252329174264,0.412304162979126,0.6671010851860046,0.0,0.0,391.0908001299016,0.16909557274480186,0.7111831542245107,0.1128038400782063,0.16078990504223117,0.004964497001841859,0.36558649194906984,0.0008986417527006082,2.6049254964507236e-06,0.002227154720382754,630.154756346747,174553.91355570595,5470.661646543062,1094.1323293086123,1938.8731253291476,24951.15974224317,0.0,471.1983337402344,0.0,0.0,0.0,624.7865639857255,0.0,0.0,209104.7252968559,13.229301224167248,209117.95459808008,8.231747520156416,5.952776583377733,1.4881941458444332,311208.1158238247,38806739.50099873,285.7767204285601,135793.9143636433
2026-01-02 21:00:00,price_volatile,static_first_step,938.1782999083536,0.19708509721048353,284.37225432900385,36.59699521566237,19.022184064797756,0.7184392817084156,6.949148182251917,163.1157074056356,0.2749993690833913,0.029998975419651075,45.86126485072822,35.30969120846575,0.8767511403006005,0.9229293412370418,0.9627349942296056,1.0375486357714527,0.41036748914056087,0.4097931683063507,0.6658520698547363,0.0,0.0,391.0908001299016,0.1734884793910776,0.7067465767436257,0.11551766309849978,0.16637494877353715,0.005083932352964975,0.3743817336453798,0.0009259460175382791,2.603264451770274e-06,0.002294824425398185,634.031588856281,180300.99223886075,5342.140976072383,1068.4281952144765,1887.8650457227125,25091.754255428095,0.0,414.8122253417969,0.0,0.0,0.0,624.7865639857255,0.0,0.0,214730.77950062594,12.72824317984208,214743.5077438058,8.13749131289536,5.846293413745014,1.4615733534362536,313863.3887417783,39120602.88974051,287.2382937819964,136195.63873134428
2026-01-02 21:15:00,price_volatile,static_first_step,969.025652932043,0.1923358294539009,288.1301787921592,38.79281492860211,19.439428144351417,0.719715703778545,6.970298239841881,163.1157074056356,0.2749993690833913,0.029998975419651075,45.86126485072822,35.30969120846575,0.875694961956107,0.922808464870963,0.962006468934191,1.0394534038689087,0.41485208040375,0.41960230469703674,0.6694547533988953,0.0,0.0,391.0908001299016,0.16925173506461053,0.7106899813736486,0.11330637856001399,0.15672641360640946,0.004986613720426216,0.3672151712609277,0.0008872851950306923,2.6047879016206283e-06,0.002199009120708755,619.4382153540967,178478.84374067187,5446.398069917662,1089.2796139835323,1937.409506194874,24687.646545408046,0.0,378.9246520996094,0.0,0.0,0.0,624.7865639857255,0.0,0.0,212643.2886922613,13.241484796369493,212656.53017705766,8.202511303154054,5.90347619530099,1.4758690488252475,313853.19091889163,39434456.080659404,288.71416283082164,136586.49681057344
2026-01-02 21:30:00,price_volatile,static_first_step,967.4435835389471,0.19037034931628094,292.8926536589602,40.67071500094537,19.55243230539405,0.7179433262415057,6.96671149708337,163.1157074056356,0.2749993690833913,0.029998975419651075,45.86126485072822,35.30969120846575,0.8747248916083863,0.9217456425010115,0.9619036828690667,1.0387590898780648,0.4180431435942316,0.41398701071739197,0.6674140691757202,0.0,0.0,391.0908001299016,0.16750705538979146,0.7123552481328619,0.11179656545334347,0.1582519124634288,0.004920166845601646,0.36232201091475746,0.0008874168234626153,2.605425280906579e-06,0.002199335342901985,627.896916627374,183906.3941352705,5519.951699734121,1103.9903399468242,1972.7337777062671,24916.011377692044,0.0,382.98065185546875,0.0,0.0,0.0,624.7865639857255,0.0,0.0,218426.84854619094,13.817968383050554,218440.666514574,8.105434935181997,5.8192429179986656,1.4548107294996664,317789.8254044607,39752245.90606386,290.1689735603213,136996.88639454084
2026-01-02 21:45:00,price_volatile,static_first_step,951.7214711688285,0.19537034931628094,292.2254161671883,38.23047210088865,19.51280306119735,0.7251697784411595,6.990539693548797,163.1157074056356,0.2749993690833913,0.029998975419651075,45.86126485072822,35.30969120846575,0.8734171537000737,0.9207751296844868,0.9614678143704765,1.0385983856381997,0.42311942891882853,0.41186198592185974,0.6654811501502991,0.0,0.0,391.0908001299016,0.17191234452093737,0.7079778065550678,0.11440442475682787,0.16336925977305644,0.005034938733547994,0.37077383430655525,0.0009127740366556334,2.603775507923489e-06,0.002262179559620009,631.1014969479919,184423.89758936246,5394.123896958713,1078.8247793917426,1942.0038294294795,25133.60820018341,0.0,534.4098510742188,0.0,0.0,0.0,624.7865639857255,0.0,0.0,219131.65471038574,13.156182918729517,219144.81089330447,8.183138257621328,5.934164557232634,1.4835411393081586,325110.34242612385,40077356.24848998,291.6525146996295,137414.7460712462
2026-01-02 22:00:00,price_volatile,static_first_step,953.9443177288308,0.19441236205548568,263.00287455046947,40.52430042694197,19.70101136358833,0.7177230796093851,6.973686848954511,163.1157074056356,0.2749993690833913,0.029998975419651075,45.86126485072822,35.30969120846575,0.8748527682272347,0.9220070595179919,0.9622651978844481,1.0389759669724417,0.41835173314517876,0.41358456015586853,0.6666440963745117,0.0,0.0,391.0908001299016,0.17104342976483677,0.7087144826320313,0.11402509267637688,0.16167448671602458,0.005018244328687346,0.3695444551960598,0.0009060946316258468,2.604071100373998e-06,0.0022456256120689058,628.5712907127865,165316.05631736168,5412.068756217465,1082.413751243493,1935.0467647839585,25002.539243834643,0.0,391.3592529296875,0.0,0.0,0.0,624.7865639857255,0.0,0.0,199764.27065035666,13.64994799535613,199777.920598352,8.162031581159903,5.858078442299145,1.4645196105747862,292578.68247613905,40369934.930966124,293.11703431020425,137726.33523660325
2026-01-02 22:15:00,price_volatile,static_first_step,958.2233140910007,0.19490292442275894,236.70258709542253,41.42212659507479,20.098459542472067,0.7266132800558408,6.976415851108542,163.1157074056356,0.2749993690833913,0.029998975419651075,45.86126485072822,35.30969120846575,0.872083220038329,0.9196846173744706,0.9606828287380965,1.038922427290474,0.42713664815096797,0.4126701354980469,0.6655217409133911,0.0,0.0,391.0908001299016,0.17142088720855594,0.7080579012080143,0.1140843272839562,0.16236971547411527,0.005020851243766913,0.36973642891230823,0.000908862555386637,2.603863457644124e-06,0.0022524855141945054,630.1624524260989,149161.08277965372,5409.258714061814,1081.851742812363,1958.752390743659,25129.025734573024,0.0,559.8264770507812,0.0,0.0,0.0,624.7865639857255,0.0,0.0,183924.5844028811,13.924095360596128,183938.5084982417,8.219330756583435,5.972274880904946,1.4930687202262365,274632.83348379243,40644567.76444992,294.6101030304305,137960.53613358844
2026-01-02 22:30:00,price_volatile,static_first_step,986.0608344866624,0.19623164708054908,213.03232838588028,38.9367989993703,20.37015459960027,0.7227899269298445,6.976346240166752,163.1157074056356,0.2749993690833913,0.029998975419651075,45.86126485072822,35.30969120846575,0.8690164020782478,0.9181220891149326,0.9591548035599495,1.0411391321501626,0.4390051854866883,0.4215465188026428,0.6678369045257568,0.0,0.0,391.0908001299016,0.1725528792541431,0.7067352022738514,0.11523718074809361,0.1581304681543628,0.0050715883247236,0.3734727170864796,0.0008989107340592887,2.6033926037152654e-06,0.0022278213521087784,617.0326293079654,131447.89771153763,5355.14351785137,1071.028703570274,1972.206694647524,24868.578931716736,0.0,452.9754638671875,0.0,0.0,0.0,624.7865639857255,0.0,0.0,165792.61758717644,13.213175354347838,165805.8307625308,8.515773997026022,6.1551156650615075,1.5387789162653769,255138.51657124763,40899706.28102116,296.14888194669584,138105.21928083032
2026-01-02 22:45:00,price_volatile,static_first_step,982.7609784098552,0.19592577871957392,191.72909554729225,41.273006939332525,20.89546713982132,0.7166849602953249,6.907249619957795,163.1157074056356,0.2749993690833913,0.029998975419651075,45.86126485072822,35.30969120846575,0.8682813513937594,0.9181725528720851,0.9589117637297735,1.0427064247656426,0.44271678460446173,0.4278968870639801,0.6699532270431519,0.0,0.0,391.0908001299016,0.17221208547461933,0.7067075056457095,0.11537404239955232,0.15425644411697084,0.005077611606004297,0.3739162726516488,0.0008869935987371109,2.603433910257472e-06,0.002198286441109522,608.136996950585,116597.55639418207,5348.791016279887,1069.7582032559776,1980.190513608489,24632.075765461588,0.0,327.5779113769531,0.0,0.0,0.0,624.7865639857255,0.0,0.0,150580.73636815065,13.99658939269134,150594.73295754334,8.474046721666996,6.07322183825864,1.51830545956466,228648.8052311201,41128355.08625229,297.6671874062605,138168.92430981892
2026-01-02 23:00:00,price_volatile,static_first_step,964.9125541650387,0.19515929764915416,172.55618599256303,41.36865178827364,20.810096495828788,0.7228233133140813,7.027249619957795,163.1157074056356,0.2749993690833913,0.029998975419651075,45.86126485072822,35.30969120846575,0.868428328044903,0.9177718958353148,0.9592945013814843,1.040366545878894,0.44256883032975625,0.417555570602417,0.6652156710624695,0.0,0.0,391.0908001299016,0.17155034295810653,0.7074291119942764,0.11411797651187362,0.15918211704748905,0.0050223321462875585,0.3698454828521616,0.0008990041396718575,2.603697146696745e-06,0.0022280528445253254,623.1488858532153,107528.19504834585,5407.66372101254,1081.532744202508,2001.5698930108479,25163.59306469882,0.0,497.79620361328125,0.0,0.0,0.0,624.7865639857255,0.0,0.0,142305.13723886956,14.090366289164814,142319.22760515873,8.287595996566454,5.99046759764668,1.49761689941167,213139.68037270158,41341494.76662499,299.1648043056722,138189.70069883033
2026-01-02 23:15:00,price_volatile,static_first_step,974.9816870951977,0.19955816002736296,155.30056739330672,39.82365517166911,20.857754383644185,0.719369295577,6.9691836694971165,163.1157074056356,0.2749993690833913,0.029998975419651075,45.86126485072822,35.30969120846575,0.8662312242494181,0.9162742244186707,0.9581525404803939,1.0417290109052304,0.44977867678938016,0.4212534427642822,0.6660422086715698,0.0,0.0,391.0908001299016,0.1754105115520072,0.7035355236029317,0.1168308045383088,0.1605100850023447,0.00514172370773097,0.3786374998682309,0.0009123307816818337,2.602236049946468e-06,0.0022610810157294497,617.694418057869,95928.29360006546,5282.09699434424,1056.419398868848,1974.896369538637,25070.31738983281,0.0,426.5666809082031,0.0,0.0,0.0,624.7865639857255,0.0,0.0,130363.3769975439,13.630237792705048,130377.00723533661,8.56282992314741,6.15983692996021,1.5399592324900524,200775.27599647897,41542270.04262146,300.70476353816224,138149.69059294387
2026-01-02 23:30:00,price_volatile,static_first_step,1023.7307714499576,0.19576828305095206,139.77051065397606,39.464199726610914,20.96558915424065,0.720473243434276,7.052638728078964,163.1157074056356,0.2749993690833913,0.029998975419651075,45.86126485072822,35.30969120846575,0.8661982841596678,0.916448767943671,0.9582732797383596,1.0421701785129747,0.45042613987045504,0.42304858565330505,0.6671190857887268,0.0,0.0,391.0908001299016,0.17206453862243165,0.7068058874499926,0.11478753770245567,0.1565466262074803,0.0050517995342850746,0.3720154668406538,0.0008926480572472226,2.60347786197176e-06,0.002212300205687184,615.1375801249318,85978.09369651283,5376.120560214945,1075.224112042989,2011.8603987663114,24949.137365610826,0.0,426.9997253417969,0.0,0.0,0.0,624.7865639857255,0.0,0.0,120442.2224224754,13.52704349385232,120455.74946596926,8.820220819214464,6.354733101425972,1.588683275356493,191366.0345971172,41733636.077218585,302.29344681351876,138056.70125215637
2026-01-02 23:45:00,price_volatile,static_first_step,1000.4640268972395,0.1997905180734214,137.7387590882218,41.83205171020757,21.66558915424065,0.7190213418100163,7.022010460160778,163.1157074056356,0.2749993690833913,0.029998975419651075,45.86126485072822,35.30969120846575,0.8665369668312065,0.916427477938184,0.9582967007159788,1.0417029491363043,0.44841235499259713,0.42099815607070923,0.6661446690559387,0.0,0.0,391.0908001299016,0.17550144870891735,0.7028784837203979,0.11690935446903955,0.1607862904719894,0.00514518069018243,0.37889207270545694,0.0009140865081486607,2.6020672411159026e-06,0.0022654323320093167,618.4663083788155,85186.78185397155,5278.548019543179,1055.709603908636,1969.8191198961758,25058.770748492334,0.0,419.39105224609375,0.0,0.0,0.0,624.7865639857255,0.0,0.0,119593.80696204367,14.293997833927092,119608.1009598776,8.796860787157796,6.325130646898114,1.5812826617245286,189134.2162496514,41922770.29346824,303.87472947524327,137960.69967997682
